frame,track_id,x1,y1,x2,y2,xc,yc,w,h,conf
Vid1_0001.png,1,1111,1260,1410,1412,1260.78,1336.58,298.94,152.45,0.9242
Vid1_0001.png,2,1558,1416,1881,1502,1719.67,1459.74,323.24,85.69,0.8477
Vid1_0001.png,3,1070,1403,1343,1484,1207.02,1443.83,273.51,80.96,0.8476
Vid1_0002.png,1,1108,1259,1407,1413,1257.95,1336.78,298.81,154.15,0.9252
Vid1_0002.png,2,1557,1414,1882,1503,1719.8,1459.12,325.53,88.93,0.8527
Vid1_0002.png,3,1065,1403,1339,1484,1202.24,1444.16,273.86,80.42,0.8515
Vid1_0003.png,1,1101,1259,1402,1414,1252.16,1337.14,300.57,155.17,0.9189
Vid1_0003.png,2,1556,1413,1884,1505,1720.66,1459.7,328.01,91.87,0.8622
Vid1_0003.png,3,1037,1410,1310,1489,1174.06,1450.04,272.6,78.61,0.8386
Vid1_0004.png,1,1097,1262,1385,1407,1241.1,1335.41,287.85,144.94,0.9219
Vid1_0004.png,2,1589,1408,1874,1498,1731.85,1453.76,285.28,90.25,0.887
Vid1_0004.png,3,996,1416,1240,1496,1118.59,1456.72,243.43,80.26,0.8494
Vid1_0005.png,1,1101,1269,1364,1411,1232.88,1340.62,262.69,142.24,0.9067
Vid1_0005.png,2,1598,1398,1870,1492,1734.4,1445.35,272.14,94.67,0.8881
Vid1_0005.png,3,948,1420,1197,1498,1073.05,1459.55,249.72,77.84,0.8461
Vid1_0006.png,1,1103,1271,1358,1413,1230.69,1342.24,255.0,141.53,0.9067
Vid1_0006.png,2,1600,1394,1869,1490,1734.99,1442.61,268.92,96.12,0.8881
Vid1_0006.png,3,934,1421,1186,1498,1060.3,1460.24,251.61,77.01,0.8461
Vid1_0007.png,1,1104,1273,1353,1414,1228.95,1344.08,248.49,141.65,0.9086
Vid1_0007.png,2,1600,1393,1868,1490,1734.33,1441.64,268.12,96.83,0.8853
Vid1_0007.png,3,925,1423,1176,1498,1050.99,1460.7,250.4,74.67,0.8338
Vid1_0008.png,1,1086,1279,1331,1408,1209.07,1343.74,244.71,129.3,0.9039
Vid1_0008.png,2,1653,1391,1848,1489,1750.69,1440.97,194.68,98.0,0.8019
Vid1_0008.png,3,877,1427,1128,1500,1002.89,1464.34,251.42,72.84,0.8484
Vid1_0009.png,1,1061,1283,1324,1393,1192.97,1338.29,262.57,109.44,0.8928
Vid1_0009.png,2,1683,1392,1848,1488,1765.64,1440.32,164.73,95.97,0.8386
Vid1_0009.png,3,840,1422,1085,1500,963.11,1461.25,245.55,78.16,0.8427
Vid1_0010.png,1,1040,1285,1303,1388,1172.38,1337.04,263.18,102.23,0.8765
Vid1_0010.png,2,1669,1387,1852,1488,1760.79,1438.34,182.71,100.9,0.834
Vid1_0010.png,3,802,1421,1042,1498,922.44,1459.81,240.8,77.57,0.8326
Vid1_0011.png,1,1024,1287,1290,1398,1157.55,1342.73,266.34,110.58,0.9003
Vid1_0011.png,2,1652,1384,1857,1485,1755.2,1435.19,205.02,101.16,0.8533
Vid1_0011.png,3,771,1418,1015,1496,893.37,1457.31,243.83,78.23,0.841
Vid1_0012.png,1,1018,1287,1286,1401,1152.49,1344.51,267.6,113.16,0.9003
Vid1_0012.png,2,1646,1383,1859,1484,1753.12,1434.07,213.22,101.18,0.8533
Vid1_0012.png,3,761,1417,1006,1495,883.96,1456.35,245.01,78.48,0.841
Vid1_0013.png,1,1015,1288,1286,1402,1150.74,1345.45,270.6,114.5,0.9009
Vid1_0013.png,2,1640,1383,1861,1482,1751.38,1433.03,221.02,99.67,0.8518
Vid1_0013.png,3,754,1417,1001,1494,878.18,1455.99,246.95,76.36,0.8293
Vid1_0014.png,1,1001,1295,1294,1415,1148.1,1355.26,293.05,120.32,0.9002
Vid1_0014.png,2,1615,1378,1887,1480,1751.55,1429.58,272.37,102.48,0.8926
Vid1_0014.png,3,719,1410,959,1494,839.48,1452.62,240.75,84.37,0.8754
Vid1_0015.png,1,996,1297,1297,1420,1147.23,1358.82,301.34,122.5,0.9002
Vid1_0015.png,2,1606,1376,1897,1480,1751.64,1428.36,290.87,103.5,0.8926
Vid1_0015.png,3,706,1407,945,1495,826.18,1451.42,238.48,87.21,0.8753
Vid1_0016.png,1,994,1299,1297,1423,1146.01,1361.36,303.22,123.38,0.9045
Vid1_0016.png,2,1600,1374,1901,1480,1751.21,1427.82,301.04,106.02,0.8921
Vid1_0016.png,3,698,1403,935,1496,817.23,1450.17,236.83,92.38,0.8786
Vid1_0017.png,1,983,1312,1286,1437,1135.05,1375.11,303.08,125.45,0.9035
Vid1_0017.png,2,1578,1366,1900,1476,1739.76,1421.73,321.75,110.27,0.8953
Vid1_0017.png,3,635,1402,885,1494,760.2,1448.33,249.71,92.64,0.8739
Vid1_0018.png,1,978,1318,1272,1448,1125.43,1383.69,293.2,130.5,0.8968
Vid1_0018.png,2,1559,1364,1882,1471,1720.87,1417.94,322.74,107.2,0.8964
Vid1_0018.png,3,561,1395,824,1493,692.84,1444.65,263.18,97.99,0.837
Vid1_0019.png,1,967,1319,1240,1455,1104.11,1387.74,272.54,136.12,0.9013
Vid1_0019.png,2,1543,1363,1862,1469,1702.85,1416.59,319.6,106.07,0.8936
Vid1_0019.png,3,514,1396,779,1494,647.41,1445.23,265.12,97.74,0.8769
Vid1_0020.png,1,951,1322,1239,1463,1095.3,1392.88,288.58,141.68,0.8987
Vid1_0020.png,2,1527,1363,1858,1471,1693.2,1417.55,330.76,108.13,0.8893
Vid1_0020.png,3,485,1388,714,1494,600.13,1441.13,228.85,106.09,0.8675
Vid1_0021.png,1,938,1324,1237,1468,1087.81,1396.27,298.66,144.44,0.901
Vid1_0021.png,2,1513,1363,1855,1473,1684.61,1418.34,342.49,110.06,0.8914
Vid1_0021.png,3,461,1378,674,1495,567.79,1437.16,213.14,116.62,0.8762
Vid1_0022.png,1,928,1327,1227,1473,1077.89,1400.24,298.47,145.73,0.9072
Vid1_0022.png,2,1499,1364,1849,1474,1674.29,1419.76,349.48,110.07,0.8987
Vid1_0022.png,3,420,1361,613,1498,517.05,1430.44,193.28,136.92,0.8753
Vid1_0023.png,1,919,1327,1217,1475,1068.42,1401.56,297.2,147.59,0.9022
Vid1_0023.png,2,1487,1366,1841,1477,1664.46,1422.19,354.69,111.56,0.8938
Vid1_0023.png,3,394,1354,603,1498,498.91,1426.53,208.88,143.18,0.8723
Vid1_0024.png,1,917,1327,1212,1474,1065.21,1401.26,294.44,146.76,0.8988
Vid1_0024.png,2,1483,1367,1838,1480,1661.04,1423.97,354.39,113.67,0.8945
Vid1_0024.png,3,377,1357,597,1497,487.43,1427.72,220.64,139.73,0.8716
Vid1_0025.png,1,911,1328,1210,1483,1061.2,1405.91,298.56,154.54,0.9119
Vid1_0025.png,2,1469,1371,1826,1485,1648.29,1428.52,357.31,113.79,0.8932
Vid1_0025.png,3,332,1356,570,1492,451.38,1424.83,238.7,136.35,0.8747
Vid1_0026.png,1,908,1328,1206,1488,1057.51,1408.77,297.91,159.66,0.9115
Vid1_0026.png,2,1463,1373,1817,1486,1640.29,1429.84,354.2,112.79,0.8933
Vid1_0026.png,3,306,1363,554,1486,430.72,1424.7,247.76,123.37,0.8775
Vid1_0027.png,1,906,1328,1203,1491,1055.16,1410.1,296.46,162.29,0.9114
Vid1_0027.png,2,1460,1374,1811,1485,1635.7,1430.15,350.8,111.36,0.8922
Vid1_0027.png,3,294,1365,550,1483,422.59,1424.55,255.38,117.23,0.8714
Vid1_0028.png,1,894,1328,1192,1499,1043.67,1414.37,298.1,170.83,0.9149
Vid1_0028.png,2,1445,1374,1797,1489,1621.2,1431.95,352.29,115.27,0.8994
Vid1_0028.png,3,254,1383,517,1477,385.95,1430.41,262.43,94.68,0.8719
Vid1_0029.png,1,883,1329,1181,1498,1032.53,1414.0,297.59,169.98,0.9214
Vid1_0029.png,2,1432,1374,1784,1492,1608.5,1433.31,352.55,117.73,0.9099
Vid1_0029.png,3,224,1389,491,1473,357.92,1431.49,266.54,84.72,0.8744
Vid1_0030.png,1,881,1329,1177,1499,1029.63,1414.18,295.85,170.21,0.918
Vid1_0030.png,2,1427,1374,1781,1493,1604.63,1434.06,353.48,119.2,0.9089
Vid1_0030.png,3,216,1391,483,1473,350.21,1432.38,267.25,81.51,0.8759
Vid1_0031.png,1,865,1332,1164,1491,1014.79,1411.82,299.31,159.23,0.9114
Vid1_0031.png,2,1410,1375,1762,1494,1586.57,1434.79,351.38,119.26,0.8986
Vid1_0031.png,3,189,1389,455,1472,322.5,1430.77,265.69,82.78,0.8748
Vid1_0032.png,1,852,1335,1154,1494,1003.2,1414.71,301.74,159.21,0.9198
Vid1_0032.png,2,1398,1376,1753,1498,1575.88,1437.4,355.69,121.55,0.9001
Vid1_0032.png,3,170,1389,435,1471,302.7,1430.62,264.63,81.76,0.8723
Vid1_0033.png,1,843,1339,1148,1496,995.86,1417.64,305.05,156.82,0.9171
Vid1_0033.png,2,1389,1378,1744,1502,1566.78,1440.5,355.47,124.12,0.9067
Vid1_0033.png,3,158,1388,421,1472,290.0,1430.81,263.73,83.71,0.8712
Vid1_0034.png,1,833,1342,1134,1495,983.69,1418.98,301.16,152.25,0.921
Vid1_0034.png,2,1380,1379,1735,1505,1557.66,1442.59,355.06,126.24,0.9056
Vid1_0034.png,3,149,1379,406,1469,277.98,1424.42,256.86,89.35,0.8725
Vid1_0035.png,1,832,1343,1129,1494,980.65,1419.22,296.75,151.37,0.9232
Vid1_0035.png,2,1377,1380,1733,1507,1555.4,1443.85,355.8,127.23,0.9063
Vid1_0035.png,3,151,1378,407,1471,279.21,1424.78,256.41,93.21,0.8713
Vid1_0036.png,1,814,1353,1117,1498,966.04,1426.32,303.15,144.91,0.9061
Vid1_0036.png,2,1365,1378,1722,1508,1543.99,1443.75,357.64,129.73,0.9055
Vid1_0036.png,3,132,1369,379,1458,255.72,1414.25,246.82,89.41,0.8819
Vid1_0037.png,1,803,1360,1110,1498,957.1,1429.59,307.53,137.41,0.898
Vid1_0037.png,2,1358,1377,1715,1508,1536.95,1442.66,356.94,130.81,0.912
Vid1_0037.png,3,132,1362,363,1451,248.04,1407.01,230.17,88.7,0.8545
Vid1_0038.png,1,794,1367,1098,1498,946.38,1432.86,304.41,130.95,0.9039
Vid1_0038.png,2,1351,1374,1703,1503,1527.7,1439.4,352.04,129.05,0.9149
Vid1_0038.png,3,142,1361,332,1443,237.48,1402.53,190.58,82.62,0.8369
Vid1_0039.png,1,782,1376,1094,1496,938.72,1436.75,311.64,120.17,0.8903
Vid1_0039.png,2,1343,1371,1700,1505,1522.4,1438.52,356.94,134.03,0.9196
Vid1_0039.png,3,141,1356,320,1443,230.87,1399.91,179.43,86.25,0.8491
Vid1_0040.png,1,797,1380,1075,1494,936.55,1437.66,277.62,114.02,0.8913
Vid1_0040.png,2,1339,1369,1695,1505,1517.55,1437.34,356.13,135.83,0.9185
Vid1_0040.png,3,151,1345,298,1431,225.2,1388.24,146.93,85.94,0.7641
Vid1_0041.png,1,816,1381,1023,1499,919.76,1440.67,206.96,117.41,0.8764
Vid1_0041.png,2,1333,1367,1690,1502,1511.69,1435.1,356.67,135.72,0.9102
Vid1_0041.png,3,147,1341,275,1439,211.52,1390.49,127.33,98.88,0.816
Vid1_0042.png,1,824,1380,1009,1499,916.74,1440.28,184.83,118.95,0.8821
Vid1_0042.png,2,1332,1367,1688,1502,1510.57,1434.63,356.25,135.05,0.9154
Vid1_0042.png,3,148,1340,265,1442,207.06,1391.3,117.6,101.58,0.8008
Vid1_0043.png,1,814,1384,994,1499,904.84,1441.95,180.1,115.69,0.8711
Vid1_0043.png,2,1326,1367,1678,1500,1502.32,1433.69,351.6,133.33,0.9095
Vid1_0043.png,3,146,1340,312,1452,229.36,1396.73,165.72,111.77,0.8528
Vid1_0044.png,1,785,1374,1015,1501,900.68,1438.12,230.37,127.51,0.9055
Vid1_0044.png,2,1320,1368,1675,1503,1497.85,1435.56,354.48,134.96,0.9144
Vid1_0044.png,3,146,1346,349,1463,248.39,1404.9,202.78,117.73,0.8592
Vid1_0045.png,1,765,1365,1037,1497,901.77,1431.64,272.01,131.49,0.9045
Vid1_0045.png,2,1315,1368,1670,1506,1492.63,1437.53,354.91,137.09,0.9142
Vid1_0045.png,3,160,1369,389,1468,275.04,1419.07,229.42,98.72,0.8592
Vid1_0046.png,1,769,1356,1059,1492,914.65,1424.61,289.3,135.52,0.9033
Vid1_0046.png,2,1311,1369,1666,1506,1489.41,1438.06,355.16,137.82,0.9163
Vid1_0046.png,3,175,1382,427,1472,301.16,1427.78,252.28,89.68,0.8684
Vid1_0047.png,1,786,1347,1076,1489,931.53,1418.64,289.83,142.27,0.918
Vid1_0047.png,2,1309,1369,1663,1508,1486.68,1438.95,354.52,139.08,0.9162
Vid1_0047.png,3,201,1389,462,1476,331.98,1432.97,261.89,86.99,0.858
Vid1_0048.png,1,793,1345,1082,1489,938.29,1417.19,288.74,144.29,0.9151
Vid1_0048.png,2,1308,1369,1663,1508,1485.9,1439.05,354.79,139.86,0.9176
Vid1_0048.png,3,207,1392,473,1477,340.25,1434.9,265.97,84.61,0.8601
Vid1_0049.png,1,805,1337,1102,1486,954.21,1411.92,297.37,149.21,0.9114
Vid1_0049.png,2,1308,1368,1658,1509,1483.16,1438.81,350.07,140.49,0.9191
Vid1_0049.png,3,245,1398,514,1477,380.02,1437.97,269.32,79.92,0.8866
Vid1_0050.png,1,823,1334,1121,1484,972.63,1409.64,298.54,149.89,0.9164
Vid1_0050.png,2,1305,1366,1659,1509,1482.6,1438.05,353.34,142.9,0.9177
Vid1_0050.png,3,309,1396,568,1476,438.58,1436.39,259.05,79.73,0.8745
Vid1_0051.png,1,841,1331,1132,1484,987.0,1408.13,290.09,152.48,0.9032
Vid1_0051.png,2,1303,1365,1657,1508,1480.27,1436.75,354.35,142.75,0.916
Vid1_0051.png,3,355,1394,621,1472,488.15,1433.82,266.26,78.28,0.8542
Vid1_0052.png,1,848,1331,1136,1484,992.16,1407.71,287.89,152.93,0.9063
Vid1_0052.png,2,1302,1365,1657,1507,1480.49,1436.52,355.01,142.82,0.9143
Vid1_0052.png,3,364,1394,636,1472,500.51,1433.41,271.54,78.14,0.8637
Vid1_0053.png,1,851,1331,1144,1486,998.05,1409.2,293.41,154.92,0.914
Vid1_0053.png,2,1302,1363,1655,1507,1479.06,1435.67,353.79,143.52,0.9126
Vid1_0053.png,3,421,1387,689,1463,555.39,1425.2,268.23,75.91,0.8536
Vid1_0054.png,1,871,1327,1157,1486,1014.6,1406.71,285.97,158.77,0.8949
Vid1_0054.png,2,1299,1362,1653,1504,1476.45,1433.26,353.82,141.68,0.9114
Vid1_0054.png,3,486,1375,752,1458,619.5,1416.91,265.03,82.31,0.8863
Vid1_0055.png,1,879,1325,1162,1485,1020.89,1405.79,282.9,160.22,0.8948
Vid1_0055.png,2,1298,1361,1652,1502,1475.59,1432.35,353.83,140.94,0.9114
Vid1_0055.png,3,511,1371,775,1456,643.48,1413.99,263.59,84.58,0.8863
Vid1_0056.png,1,889,1324,1165,1483,1027.79,1403.76,275.66,158.9,0.8932
Vid1_0056.png,2,1298,1361,1652,1501,1475.27,1431.64,353.64,139.68,0.9114
Vid1_0056.png,3,528,1370,788,1454,658.73,1412.51,260.46,84.54,0.8844
Vid1_0057.png,1,910,1313,1192,1483,1051.9,1398.49,282.16,169.16,0.9095
Vid1_0057.png,2,1296,1360,1650,1497,1473.19,1429.05,353.88,136.87,0.9083
Vid1_0057.png,3,590,1373,857,1462,724.16,1418.12,267.13,89.29,0.8612
Vid1_0058.png,1,935,1301,1222,1475,1078.57,1388.44,287.02,174.2,0.9063
Vid1_0058.png,2,1294,1359,1649,1494,1472.12,1426.91,355.17,134.65,0.9086
Vid1_0058.png,3,639,1383,910,1470,774.66,1426.71,271.01,86.68,0.8496
Vid1_0059.png,1,963,1290,1251,1458,1107.82,1374.71,288.3,168.46,0.9016
Vid1_0059.png,2,1293,1359,1648,1492,1471.2,1425.91,355.0,132.95,0.9061
Vid1_0059.png,3,679,1389,948,1475,813.72,1432.95,268.88,86.0,0.8494
Vid1_0060.png,1,997,1278,1286,1446,1141.75,1362.14,288.81,167.79,0.9201
Vid1_0060.png,2,1293,1358,1647,1489,1470.51,1423.82,354.35,131.02,0.9012
Vid1_0060.png,3,724,1394,991,1479,857.64,1437.08,267.05,85.0,0.8615
Vid1_0061.png,1,1030,1267,1322,1432,1176.69,1350.18,292.45,164.8,0.9079
Vid1_0061.png,2,1293,1355,1648,1487,1471.18,1421.86,354.4,132.07,0.9008
Vid1_0061.png,3,765,1400,1037,1483,901.59,1442.03,272.0,82.94,0.8597
Vid1_0062.png,1,1057,1260,1353,1424,1205.33,1342.61,296.19,164.49,0.908
Vid1_0062.png,2,1294,1353,1647,1487,1471.35,1420.84,352.83,134.16,0.9031
Vid1_0062.png,3,801,1404,1076,1487,938.88,1445.9,274.6,82.88,0.8661
Vid1_0063.png,1,1085,1256,1384,1417,1234.66,1337.08,298.69,160.91,0.904
Vid1_0063.png,2,1295,1351,1646,1488,1470.83,1419.76,351.26,136.65,0.9037
Vid1_0063.png,3,838,1407,1113,1490,976.04,1449.08,275.32,82.41,0.8583
Vid1_0064.png,1,1103,1256,1411,1412,1257.51,1334.37,308.55,156.11,0.9022
Vid1_0064.png,2,1296,1349,1646,1487,1471.13,1418.67,350.23,138.27,0.8995
Vid1_0064.png,3,878,1404,1137,1492,1007.69,1448.41,258.94,87.82,0.8428
Vid1_0065.png,1,1128,1258,1433,1410,1281.23,1334.51,305.39,152.16,0.9014
Vid1_0065.png,2,1296,1344,1647,1488,1472.23,1416.65,350.76,144.25,0.9032
Vid1_0065.png,3,930,1408,1193,1491,1062.0,1449.83,262.09,83.62,0.8566
Vid1_0066.png,1,1153,1259,1453,1409,1303.58,1334.59,299.6,150.59,0.8979
Vid1_0066.png,2,1300,1340,1644,1489,1472.69,1414.89,344.15,149.57,0.9087
Vid1_0066.png,3,978,1408,1240,1490,1109.38,1449.94,261.59,82.1,0.8539
Vid1_0067.png,1,1186,1257,1477,1402,1332.1,1330.36,290.27,145.01,0.8909
Vid1_0067.png,2,1305,1336,1646,1490,1475.57,1413.07,341.09,153.94,0.9093
Vid1_0067.png,3,1009,1409,1269,1490,1139.65,1450.23,260.29,80.58,0.8479
Vid1_0068.png,1,1206,1253,1501,1407,1354.07,1330.67,294.57,153.64,0.877
Vid1_0068.png,2,1304,1332,1641,1491,1473.0,1411.94,336.75,159.61,0.9121
Vid1_0068.png,3,1044,1412,1309,1493,1177.16,1453.16,264.86,80.94,0.844
Vid1_0069.png,1,1236,1250,1528,1405,1382.43,1328.13,291.94,155.73,0.8148
Vid1_0069.png,2,1301,1328,1640,1491,1471.17,1410.17,339.03,163.11,0.893
Vid1_0069.png,3,1078,1417,1341,1497,1209.88,1457.33,263.33,79.59,0.8289
Vid1_0070.png,1,1246,1249,1537,1405,1392.32,1327.31,290.9,156.54,0.8148
Vid1_0070.png,2,1300,1327,1640,1491,1470.51,1409.52,339.93,164.41,0.893
Vid1_0070.png,3,1089,1419,1352,1498,1220.81,1458.84,262.7,79.1,0.8289
Vid1_0071.png,1,1271,1247,1543,1401,1407.55,1324.5,271.45,153.05,0.7745
Vid1_0071.png,2,1296,1325,1640,1491,1468.51,1408.42,344.0,166.13,0.8918
Vid1_0071.png,3,1094,1419,1357,1499,1225.72,1459.54,263.1,79.41,0.8281
Vid1_0072.png,1,1298,1242,1577,1374,1437.79,1308.7,278.84,132.45,0.8074
Vid1_0072.png,2,1296,1320,1637,1490,1466.99,1405.16,340.24,169.91,0.8954
Vid1_0072.png,3,1129,1419,1387,1502,1258.21,1460.84,258.01,82.97,0.8351
Vid1_0073.png,1,1359,1240,1603,1361,1481.36,1301.0,244.56,120.8,0.7915
Vid1_0073.png,2,1299,1315,1637,1489,1468.52,1402.42,338.92,174.66,0.8915
Vid1_0073.png,3,1158,1423,1416,1503,1287.09,1463.3,258.16,79.85,0.8369
Vid1_0074.png,1,1380,1240,1612,1357,1496.53,1298.6,231.14,117.03,0.7911
Vid1_0074.png,2,1299,1313,1638,1489,1469.13,1401.4,338.47,176.43,0.8913
Vid1_0074.png,3,1167,1424,1425,1503,1296.78,1464.16,258.23,78.64,0.8368
Vid1_0075.png,1,1389,1240,1616,1355,1503.41,1297.87,226.82,115.33,0.7756
Vid1_0075.png,2,1299,1312,1638,1488,1468.92,1400.56,338.71,176.41,0.8947
Vid1_0075.png,3,1174,1425,1431,1503,1303.35,1464.55,257.17,78.77,0.8357
Vid1_0076.png,1,1407,1239,1633,1359,1520.54,1299.38,226.03,120.03,0.7545
Vid1_0076.png,2,1298,1310,1637,1481,1468.16,1395.92,339.4,171.21,0.8982
Vid1_0076.png,3,1218,1423,1471,1500,1345.33,1462.39,252.91,76.92,0.8299
Vid1_0077.png,1,1417,1239,1646,1363,1531.93,1301.87,229.18,123.86,0.7499
Vid1_0077.png,2,1296,1308,1637,1478,1466.8,1393.18,340.89,170.36,0.8822
Vid1_0077.png,3,1271,1424,1514,1497,1392.81,1460.59,243.1,73.07,0.8238
Vid1_0078.png,1,1436,1241,1661,1363,1548.96,1302.55,225.54,122.84,0.7373
Vid1_0078.png,2,1298,1306,1639,1476,1468.95,1391.5,341.9,169.61,0.8606
Vid1_0078.png,3,1309,1419,1565,1501,1437.43,1460.18,255.88,81.8,0.8011
Vid1_0079.png,1,1447,1243,1671,1365,1559.24,1304.51,223.69,122.64,0.7534
Vid1_0079.png,2,1297,1303,1635,1477,1466.8,1390.67,338.26,173.82,0.8525
Vid1_0079.png,3,1360,1421,1616,1504,1488.86,1463.04,255.88,82.45,0.7942
Vid1_0080.png,1,1457,1247,1686,1368,1571.71,1308.25,228.59,121.15,0.7823
Vid1_0080.png,2,1299,1302,1641,1468,1470.65,1385.38,342.49,165.7,0.8588
Vid1_0080.png,3,1406,1416,1660,1506,1533.4,1461.7,254.26,89.95,0.8293
Vid1_0081.png,1,1466,1248,1683,1371,1574.78,1309.88,217.09,123.28,0.7715
Vid1_0081.png,2,1300,1301,1641,1471,1471.08,1386.81,340.95,169.94,0.8605
Vid1_0081.png,3,1457,1420,1707,1508,1582.17,1464.78,249.93,87.62,0.7867
Vid1_0082.png,1,1483,1242,1668,1374,1576.03,1308.6,184.96,131.63,0.8212
Vid1_0082.png,2,1301,1300,1636,1473,1468.6,1387.29,335.02,172.96,0.8603
Vid1_0082.png,3,1493,1423,1743,1509,1618.3,1466.54,250.32,85.71,0.7584
Vid1_0083.png,1,1512,1235,1654,1378,1583.32,1306.96,142.08,142.22,0.7632
Vid1_0083.png,2,1300,1301,1633,1480,1467.03,1390.75,332.36,179.05,0.8902
Vid1_0083.png,3,1527,1422,1773,1509,1650.23,1465.7,246.36,87.25,0.7905
Vid1_0084.png,1,1544,1226,1654,1386,1599.07,1306.89,110.01,159.89,0.7983
Vid1_0084.png,2,1302,1300,1632,1479,1467.44,1390.29,329.67,179.22,0.9063
Vid1_0084.png,3,1557,1411,1795,1509,1676.38,1460.83,238.62,97.99,0.8257
Vid1_0085.png,1,1546,1222,1654,1390,1600.41,1306.25,107.63,168.46,0.7715
Vid1_0085.png,2,1302,1301,1632,1480,1467.43,1391.03,330.57,179.67,0.8993
Vid1_0085.png,3,1564,1407,1800,1509,1682.51,1458.66,236.65,101.86,0.8333
Vid1_0086.png,1,1527,1226,1682,1391,1605.11,1309.24,155.02,164.54,0.8756
Vid1_0086.png,2,1301,1300,1631,1476,1466.43,1388.69,329.55,176.08,0.913
Vid1_0086.png,3,1580,1400,1813,1509,1696.96,1454.89,233.75,109.17,0.8734
Vid1_0087.png,1,1504,1222,1718,1385,1611.62,1304.04,213.69,163.47,0.9106
Vid1_0087.png,2,1299,1300,1628,1474,1464.13,1387.62,329.63,173.37,0.9197
Vid1_0087.png,3,1593,1396,1833,1509,1713.74,1452.6,239.6,112.9,0.8473
Vid1_0088.png,1,1480,1214,1716,1371,1598.7,1292.77,235.61,156.6,0.9005
Vid1_0088.png,2,1297,1302,1633,1471,1465.25,1387.01,335.82,168.43,0.9212
Vid1_0088.png,3,1594,1391,1844,1501,1719.42,1446.7,250.05,109.51,0.8345
Vid1_0089.png,1,1461,1205,1726,1371,1594.14,1288.13,264.44,165.91,0.925
Vid1_0089.png,2,1295,1304,1636,1471,1465.94,1387.96,340.73,166.44,0.9221
Vid1_0089.png,3,1610,1380,1864,1487,1737.73,1434.23,254.16,106.99,0.8662
Vid1_0090.png,1,1437,1194,1716,1369,1576.76,1281.96,278.51,175.64,0.9207
Vid1_0090.png,2,1294,1307,1636,1472,1465.37,1390.15,342.45,165.46,0.9172
Vid1_0090.png,3,1626,1379,1891,1474,1759.07,1426.84,265.74,94.49,0.8384
Vid1_0091.png,1,1411,1181,1694,1359,1553.22,1270.8,282.82,178.15,0.9283
Vid1_0091.png,2,1292,1310,1634,1474,1463.67,1392.7,341.65,164.25,0.9183
Vid1_0091.png,3,1651,1374,1916,1467,1783.55,1420.9,265.07,92.33,0.8713
Vid1_0092.png,1,1404,1178,1685,1355,1544.53,1267.25,280.99,177.41,0.9224
Vid1_0092.png,2,1292,1311,1634,1475,1463.24,1393.4,342.4,163.38,0.9198
Vid1_0092.png,3,1656,1375,1922,1463,1789.71,1419.51,266.21,88.87,0.8678
Vid1_0093.png,1,1375,1165,1663,1352,1519.44,1258.79,287.17,187.18,0.9286
Vid1_0093.png,2,1292,1312,1638,1477,1465.32,1394.85,346.27,164.43,0.9214
Vid1_0093.png,3,1718,1367,1912,1458,1815.69,1412.98,193.74,91.04,0.8606
Vid1_0094.png,1,1345,1151,1627,1341,1486.36,1246.14,282.06,189.86,0.9165
Vid1_0094.png,2,1291,1315,1635,1480,1463.58,1397.84,344.5,164.35,0.9166
Vid1_0094.png,3,1771,1349,1899,1442,1835.76,1395.82,128.22,93.35,0.7248
Vid1_0095.png,1,1336,1145,1616,1338,1476.7,1242.38,280.41,193.11,0.9139
Vid1_0095.png,2,1291,1316,1637,1480,1464.51,1398.67,346.53,164.13,0.9176
Vid1_0095.png,3,1782,1343,1893,1438,1837.89,1391.38,111.14,95.09,0.7164
Vid1_0096.png,1,1311,1138,1597,1332,1454.56,1235.47,286.66,194.18,0.9229
Vid1_0096.png,2,1290,1321,1639,1479,1465.13,1400.81,348.7,157.66,0.916
Vid1_0096.png,3,1813,1330,1899,1424,1856.37,1377.55,86.3,94.36,0.6923
Vid1_0097.png,1,1287,1134,1576,1325,1431.78,1229.66,289.52,190.84,0.9287
Vid1_0097.png,2,1291,1324,1642,1480,1466.88,1402.48,351.04,155.66,0.9155
Vid1_0097.png,3,1793,1303,1910,1415,1851.64,1359.56,116.98,111.88,0.8492
Vid1_0098.png,1,1266,1129,1550,1315,1408.64,1222.53,284.22,185.3,0.9261
Vid1_0098.png,2,1291,1327,1642,1480,1466.59,1403.71,351.02,153.19,0.9143
Vid1_0098.png,3,1772,1275,1926,1401,1849.66,1338.65,153.69,125.58,0.8959
Vid1_0099.png,1,1258,1128,1540,1311,1399.83,1220.02,281.81,183.08,0.926
Vid1_0099.png,2,1290,1327,1641,1480,1466.48,1404.13,350.98,152.33,0.9143
Vid1_0099.png,3,1764,1264,1933,1395,1848.65,1330.18,168.87,131.23,0.8958
Vid1_0100.png,1,1255,1128,1531,1308,1393.62,1218.58,276.64,180.28,0.9239
Vid1_0100.png,2,1291,1328,1640,1480,1466.01,1404.34,349.82,151.97,0.9147
Vid1_0100.png,3,1756,1256,1934,1391,1845.69,1324.26,177.52,134.57,0.897
Vid1_0101.png,1,1229,1128,1523,1305,1376.61,1216.84,293.37,176.66,0.9327
Vid1_0101.png,2,1292,1329,1642,1475,1467.67,1402.83,349.53,145.78,0.9136
Vid1_0101.png,3,1718,1230,1931,1366,1825.06,1298.9,213.2,135.9,0.896
Vid1_0102.png,1,1216,1129,1515,1304,1366.31,1216.55,299.31,174.91,0.9291
Vid1_0102.png,2,1293,1330,1646,1474,1469.82,1402.41,353.39,144.51,0.9115
Vid1_0102.png,3,1695,1215,1932,1349,1813.86,1282.38,236.62,134.69,0.8931
Vid1_0103.png,1,1201,1132,1500,1304,1351.18,1218.6,298.39,172.72,0.9285
Vid1_0103.png,2,1292,1332,1639,1471,1466.32,1401.69,347.31,139.06,0.9105
Vid1_0103.png,3,1664,1196,1913,1324,1788.89,1260.14,248.52,128.12,0.8859
Vid1_0104.png,1,1196,1133,1494,1305,1345.65,1219.52,297.78,171.89,0.9285
Vid1_0104.png,2,1292,1332,1637,1469,1464.96,1401.41,344.94,137.12,0.9105
Vid1_0104.png,3,1651,1189,1904,1314,1778.14,1251.95,253.16,125.41,0.886
Vid1_0105.png,1,1192,1134,1490,1305,1341.78,1219.74,298.42,171.04,0.9315
Vid1_0105.png,2,1292,1332,1638,1469,1465.68,1401.07,345.55,137.03,0.9159
Vid1_0105.png,3,1643,1185,1893,1307,1768.48,1246.33,250.72,122.61,0.8753
Vid1_0106.png,1,1178,1131,1469,1306,1324.32,1219.15,290.73,175.44,0.9234
Vid1_0106.png,2,1290,1336,1645,1464,1468.01,1400.39,354.79,128.13,0.9003
Vid1_0106.png,3,1607,1155,1859,1279,1733.82,1217.36,252.29,124.32,0.8933
Vid1_0107.png,1,1174,1130,1461,1307,1318.0,1218.99,287.57,177.08,0.9234
Vid1_0107.png,2,1289,1337,1647,1462,1468.88,1400.12,358.24,124.9,0.9003
Vid1_0107.png,3,1593,1144,1846,1269,1720.26,1206.87,252.64,124.92,0.8933
Vid1_0108.png,1,1170,1129,1459,1308,1315.09,1219.01,288.85,178.25,0.9209
Vid1_0108.png,2,1289,1338,1648,1461,1469.03,1400.04,359.78,123.66,0.9001
Vid1_0108.png,3,1585,1137,1837,1269,1711.6,1203.56,252.63,131.63,0.8917
Vid1_0109.png,1,1151,1125,1442,1308,1296.77,1216.96,290.5,183.08,0.9159
Vid1_0109.png,2,1289,1343,1650,1468,1470.05,1405.82,360.67,125.1,0.8999
Vid1_0109.png,3,1542,1106,1794,1244,1668.5,1175.6,251.6,137.67,0.9127
Vid1_0110.png,1,1137,1118,1422,1303,1279.89,1211.18,285.46,184.79,0.9123
Vid1_0110.png,2,1289,1347,1648,1474,1468.83,1410.66,359.26,126.77,0.8967
Vid1_0110.png,3,1505,1079,1752,1220,1628.8,1150.01,246.8,141.3,0.9011
Vid1_0111.png,1,1126,1111,1399,1299,1262.78,1205.74,273.42,188.14,0.9194
Vid1_0111.png,2,1288,1351,1647,1478,1468.02,1415.32,358.15,127.34,0.8961
Vid1_0111.png,3,1484,1062,1730,1193,1607.68,1128.17,245.45,130.63,0.8952
Vid1_0112.png,1,1103,1097,1376,1294,1240.04,1196.08,273.15,196.54,0.9135
Vid1_0112.png,2,1287,1356,1645,1483,1466.18,1420.06,358.1,126.84,0.8941
Vid1_0112.png,3,1460,1039,1692,1176,1576.22,1108.28,231.78,137.44,0.8978
Vid1_0113.png,1,1079,1081,1357,1283,1218.38,1182.51,278.19,201.19,0.9107
Vid1_0113.png,2,1287,1359,1643,1488,1465.68,1424.17,355.57,129.35,0.9056
Vid1_0113.png,3,1434,1015,1664,1163,1549.52,1089.56,229.08,148.39,0.9082
Vid1_0114.png,1,1055,1068,1335,1269,1195.83,1169.33,280.31,201.32,0.9262
Vid1_0114.png,2,1286,1362,1639,1491,1462.97,1426.97,352.37,129.76,0.9092
Vid1_0114.png,3,1416,997,1640,1147,1528.3,1072.67,224.26,150.45,0.9068
Vid1_0115.png,1,1031,1057,1316,1257,1173.91,1157.59,284.38,199.89,0.9149
Vid1_0115.png,2,1285,1365,1640,1489,1463.01,1427.6,355.56,124.21,0.9043
Vid1_0115.png,3,1391,981,1614,1133,1503.14,1057.24,223.02,152.13,0.9014
Vid1_0116.png,1,1013,1052,1292,1245,1152.8,1149.04,279.35,192.74,0.9125
Vid1_0116.png,2,1282,1368,1635,1483,1459.11,1426.06,352.39,115.7,0.905
Vid1_0116.png,3,1372,965,1602,1112,1487.38,1039.35,230.35,147.16,0.8968
Vid1_0117.png,1,990,1049,1277,1237,1133.98,1143.46,286.6,188.37,0.9196
Vid1_0117.png,2,1281,1370,1636,1484,1458.97,1427.38,354.23,114.64,0.9045
Vid1_0117.png,3,1338,950,1571,1087,1455.38,1018.98,233.23,137.41,0.9021
Vid1_0118.png,1,977,1047,1266,1233,1121.63,1140.41,289.22,186.15,0.9202
Vid1_0118.png,2,1278,1372,1636,1486,1457.63,1429.66,358.32,113.85,0.9
Vid1_0118.png,3,1311,939,1558,1065,1435.32,1002.22,246.81,126.06,0.8858
Vid1_0119.png,1,970,1047,1260,1228,1115.52,1138.05,289.62,181.72,0.9193
Vid1_0119.png,2,1277,1375,1635,1487,1456.76,1431.31,358.01,112.49,0.8969
Vid1_0119.png,3,1296,931,1546,1055,1421.2,993.45,249.72,123.54,0.8959
Vid1_0120.png,1,952,1038,1235,1221,1093.91,1129.87,283.2,182.8,0.9256
Vid1_0120.png,2,1277,1377,1631,1489,1454.43,1433.65,353.76,111.74,0.8963
Vid1_0120.png,3,1276,924,1530,1045,1403.38,984.86,253.27,121.71,0.9
Vid1_0121.png,1,930,1028,1212,1215,1071.67,1121.99,281.54,187.46,0.9176
Vid1_0121.png,2,1276,1380,1628,1493,1452.26,1437.19,351.74,112.68,0.9015
Vid1_0121.png,3,1266,916,1513,1029,1389.88,973.09,246.77,113.4,0.8885
Vid1_0122.png,1,916,1021,1195,1212,1055.81,1116.73,279.42,190.94,0.9147
Vid1_0122.png,2,1277,1382,1626,1495,1451.89,1438.96,349.15,112.7,0.8984
Vid1_0122.png,3,1254,909,1487,1022,1371.06,966.23,233.58,113.01,0.892
Vid1_0123.png,1,897,1014,1182,1206,1039.73,1110.65,284.77,191.54,0.9112
Vid1_0123.png,2,1277,1382,1618,1503,1448.17,1442.55,340.94,120.94,0.9043
Vid1_0123.png,3,1204,893,1451,1013,1327.69,953.4,246.73,120.03,0.9103
Vid1_0124.png,1,880,1010,1160,1198,1020.62,1104.61,279.96,188.17,0.9242
Vid1_0124.png,2,1275,1382,1620,1509,1447.92,1445.95,344.97,127.56,0.9044
Vid1_0124.png,3,1163,881,1413,998,1288.21,939.8,250.39,117.08,0.895
Vid1_0125.png,1,869,1007,1154,1194,1011.89,1100.83,284.72,186.96,0.9198
Vid1_0125.png,2,1274,1382,1624,1513,1449.07,1447.86,349.95,130.73,0.9065
Vid1_0125.png,3,1132,873,1382,988,1257.48,931.02,249.17,115.67,0.8814
Vid1_0126.png,1,851,1005,1142,1187,996.88,1096.71,290.73,181.57,0.9215
Vid1_0126.png,2,1272,1384,1621,1512,1446.77,1448.35,349.37,128.48,0.9038
Vid1_0126.png,3,1081,861,1344,970,1213.09,915.97,262.82,108.38,0.8914
Vid1_0127.png,1,839,1007,1134,1183,986.91,1095.52,295.59,176.69,0.9207
Vid1_0127.png,2,1272,1382,1617,1512,1444.81,1447.52,344.96,130.04,0.9064
Vid1_0127.png,3,1038,852,1301,952,1169.91,902.25,263.38,99.97,0.8953
Vid1_0128.png,1,829,1005,1129,1180,979.82,1093.1,300.2,175.69,0.9155
Vid1_0128.png,2,1271,1379,1613,1515,1442.42,1447.44,342.67,136.38,0.9112
Vid1_0128.png,3,991,844,1256,938,1124.41,891.53,265.05,94.43,0.8748
Vid1_0129.png,1,820,1005,1115,1180,968.35,1092.88,295.09,175.44,0.9153
Vid1_0129.png,2,1268,1375,1603,1516,1435.99,1445.79,335.51,140.71,0.9161
Vid1_0129.png,3,950,836,1220,928,1085.78,882.47,269.59,92.08,0.8734
Vid1_0130.png,1,810,1006,1106,1182,958.75,1094.43,296.15,175.21,0.9238
Vid1_0130.png,2,1263,1371,1602,1515,1433.17,1443.48,339.16,144.72,0.9129
Vid1_0130.png,3,905,827,1175,921,1040.72,874.62,269.99,94.44,0.8805
Vid1_0131.png,1,802,1009,1097,1184,950.12,1096.97,294.86,175.1,0.9184
Vid1_0131.png,2,1257,1365,1595,1514,1426.64,1439.67,337.96,149.0,0.9058
Vid1_0131.png,3,860,820,1136,909,998.76,864.99,276.03,88.08,0.881
Vid1_0132.png,1,800,1009,1094,1186,947.78,1098.05,293.64,176.14,0.9184
Vid1_0132.png,2,1256,1363,1594,1513,1425.28,1438.32,338.5,150.1,0.9085
Vid1_0132.png,3,850,820,1125,906,988.3,863.39,275.01,86.45,0.879
Vid1_0133.png,1,794,1014,1086,1187,940.45,1100.89,291.9,173.36,0.9165
Vid1_0133.png,2,1244,1357,1584,1510,1414.42,1433.66,339.64,152.91,0.9144
Vid1_0133.png,3,806,813,1080,899,943.64,856.54,273.79,86.04,0.8779
Vid1_0134.png,1,787,1019,1082,1192,935.18,1105.96,295.33,173.31,0.9188
Vid1_0134.png,2,1232,1348,1569,1508,1400.97,1428.31,337.33,159.84,0.9169
Vid1_0134.png,3,758,810,1033,892,896.38,851.81,275.23,82.3,0.8848
Vid1_0135.png,1,783,1024,1078,1194,931.04,1109.24,295.61,170.05,0.9209
Vid1_0135.png,2,1223,1336,1555,1507,1389.41,1421.86,332.22,170.91,0.9151
Vid1_0135.png,3,731,809,1007,889,869.71,849.63,276.34,80.65,0.8785
Vid1_0136.png,1,782,1025,1078,1195,930.11,1110.59,296.03,169.86,0.9201
Vid1_0136.png,2,1220,1333,1554,1507,1387.56,1420.78,333.39,173.96,0.9185
Vid1_0136.png,3,715,808,991,888,853.83,848.42,275.95,79.2,0.872
Vid1_0137.png,1,778,1034,1077,1198,927.77,1116.37,298.9,163.87,0.9229
Vid1_0137.png,2,1205,1314,1532,1506,1368.95,1410.39,327.33,191.44,0.9185
Vid1_0137.png,3,674,808,950,886,812.32,847.67,275.37,77.56,0.8771
Vid1_0138.png,1,775,1043,1075,1208,925.49,1125.92,299.59,164.64,0.917
Vid1_0138.png,2,1189,1303,1515,1501,1352.52,1402.7,326.32,197.9,0.9177
Vid1_0138.png,3,645,810,920,886,782.94,848.35,275.62,76.69,0.8785
Vid1_0139.png,1,775,1048,1071,1213,923.58,1130.99,295.75,165.38,0.9242
Vid1_0139.png,2,1174,1294,1499,1491,1337.33,1393.1,325.18,196.59,0.9122
Vid1_0139.png,3,627,811,903,888,765.52,850.27,275.4,76.6,0.8855
Vid1_0140.png,1,776,1051,1068,1214,922.41,1132.99,292.41,163.43,0.9191
Vid1_0140.png,2,1170,1291,1496,1489,1333.18,1390.52,326.08,197.12,0.9172
Vid1_0140.png,3,618,813,894,889,756.31,851.96,276.06,75.99,0.8794
Vid1_0141.png,1,762,1052,1053,1222,908.07,1137.53,291.6,169.51,0.9194
Vid1_0141.png,2,1153,1286,1484,1481,1318.7,1384.12,330.89,194.33,0.906
Vid1_0141.png,3,600,814,836,902,718.43,858.88,236.83,87.78,0.8746
Vid1_0142.png,1,758,1053,1052,1225,905.52,1139.78,293.47,171.94,0.9167
Vid1_0142.png,2,1148,1285,1480,1477,1314.45,1381.4,332.06,191.76,0.9135
Vid1_0142.png,3,596,816,826,906,711.37,861.45,229.55,90.79,0.8882
Vid1_0143.png,1,738,1050,1031,1222,885.08,1136.45,293.23,171.98,0.9182
Vid1_0143.png,2,1136,1284,1470,1473,1303.25,1378.74,334.38,189.15,0.9268
Vid1_0143.png,3,569,816,807,907,688.92,861.73,237.89,90.79,0.8924
Vid1_0144.png,1,719,1045,1013,1224,866.42,1134.54,293.79,178.94,0.9217
Vid1_0144.png,2,1123,1282,1460,1473,1292.48,1377.88,336.99,190.25,0.92
Vid1_0144.png,3,563,807,785,901,674.61,854.3,222.05,94.18,0.8544
Vid1_0145.png,1,714,1044,1007,1224,861.27,1134.47,293.32,180.22,0.9203
Vid1_0145.png,2,1121,1282,1457,1472,1289.45,1377.39,336.74,190.54,0.9225
Vid1_0145.png,3,556,807,782,900,669.58,853.6,226.64,93.02,0.854
Vid1_0146.png,1,698,1034,980,1219,839.37,1126.95,281.87,185.72,0.915
Vid1_0146.png,2,1116,1277,1450,1467,1283.3,1372.44,334.56,190.53,0.9189
Vid1_0146.png,3,574,805,708,902,641.71,853.79,133.76,97.41,0.7779
Vid1_0147.png,1,679,1024,957,1220,818.42,1122.31,277.21,196.25,0.919
Vid1_0147.png,2,1101,1270,1429,1459,1265.67,1365.19,327.98,188.77,0.9253
Vid1_0147.png,3,573,800,696,898,634.6,849.05,123.09,98.09,0.8204
Vid1_0148.png,1,664,1013,942,1212,803.7,1112.71,277.89,199.37,0.9101
Vid1_0148.png,2,1084,1262,1413,1452,1249.13,1357.56,328.68,189.32,0.9186
Vid1_0148.png,3,597,790,726,882,661.93,836.77,128.19,91.99,0.8232
Vid1_0149.png,1,662,1009,939,1212,800.99,1110.9,277.32,203.2,0.9101
Vid1_0149.png,2,1080,1261,1410,1449,1245.2,1355.16,330.1,187.8,0.9192
Vid1_0149.png,3,602,789,729,881,665.91,835.19,126.42,91.95,0.831
Vid1_0150.png,1,641,997,912,1206,777.42,1101.56,271.05,208.95,0.9208
Vid1_0150.png,2,1056,1255,1391,1436,1224.34,1346.11,335.17,180.24,0.9293
Vid1_0150.png,3,593,783,775,861,684.92,822.09,182.11,77.88,0.8539
Vid1_0151.png,1,621,987,899,1193,760.44,1090.46,278.78,205.85,0.9114
Vid1_0151.png,2,1033,1249,1366,1425,1199.76,1337.55,333.23,175.28,0.924
Vid1_0151.png,3,601,781,806,856,703.91,819.22,204.99,74.88,0.8529
Vid1_0152.png,1,605,983,889,1182,747.42,1082.9,284.01,199.68,0.9149
Vid1_0152.png,2,1017,1241,1349,1420,1183.02,1330.98,332.03,178.2,0.9291
Vid1_0152.png,3,600,782,826,857,713.73,819.86,225.8,74.8,0.8762
Vid1_0153.png,1,596,981,885,1172,741.08,1076.64,288.3,191.25,0.9139
Vid1_0153.png,2,999,1231,1336,1409,1168.21,1320.21,337.5,177.96,0.9231
Vid1_0153.png,3,603,783,836,859,719.68,821.11,232.83,75.99,0.8724
Vid1_0154.png,1,588,981,871,1168,729.87,1074.62,283.63,187.09,0.9164
Vid1_0154.png,2,981,1220,1305,1408,1143.51,1314.62,323.73,188.47,0.9231
Vid1_0154.png,3,611,784,838,867,725.2,826.37,227.57,83.07,0.8615
Vid1_0155.png,1,580,980,867,1166,724.06,1073.64,286.8,185.79,0.9145
Vid1_0155.png,2,962,1209,1288,1404,1125.41,1307.44,326.07,195.06,0.9198
Vid1_0155.png,3,676,782,834,871,755.29,827.11,157.97,88.64,0.7798
Vid1_0156.png,1,578,980,866,1166,722.26,1073.4,287.98,185.31,0.9145
Vid1_0156.png,2,955,1206,1282,1403,1119.19,1304.85,326.95,197.59,0.9198
Vid1_0156.png,3,704,782,831,872,767.87,827.46,126.74,90.83,0.7798
Vid1_0157.png,1,576,981,865,1164,721.12,1072.73,288.57,182.99,0.9166
Vid1_0157.png,2,950,1204,1278,1402,1114.85,1303.48,328.18,197.28,0.9229
Vid1_0157.png,3,721,778,834,873,777.93,826.06,113.21,94.19,0.7609
Vid1_0158.png,1,575,981,863,1160,719.67,1070.78,288.23,179.37,0.92
Vid1_0158.png,2,946,1203,1276,1399,1111.62,1301.52,330.19,195.31,0.9244
Vid1_0158.png,3,733,781,836,873,785.05,827.5,102.62,92.17,0.7475
Vid1_0159.png,1,564,977,845,1160,704.7,1068.99,280.76,183.89,0.9204
Vid1_0159.png,2,921,1198,1245,1389,1083.07,1293.64,323.99,191.0,0.9289
Vid1_0159.png,3,732,780,868,856,800.53,818.78,135.41,76.42,0.7942
Vid1_0160.png,1,560,975,838,1161,699.4,1068.39,277.9,185.44,0.9208
Vid1_0160.png,2,911,1196,1233,1385,1072.74,1290.85,321.6,189.3,0.9289
Vid1_0160.png,3,733,781,877,850,805.53,815.92,144.81,69.14,0.7942
Vid1_0161.png,1,557,974,836,1161,696.67,1068.02,279.15,186.92,0.9206
Vid1_0161.png,2,907,1195,1227,1383,1067.44,1289.29,320.37,188.23,0.927
Vid1_0161.png,3,732,780,885,846,809.05,813.91,153.45,66.16,0.7924
Vid1_0162.png,1,538,966,815,1156,677.16,1061.53,277.4,189.5,0.9286
Vid1_0162.png,2,882,1186,1212,1365,1047.33,1276.29,330.37,179.15,0.9212
Vid1_0162.png,3,698,778,871,849,784.86,813.7,172.84,70.66,0.7987
Vid1_0163.png,1,531,963,808,1154,670.14,1059.14,276.75,190.46,0.9286
Vid1_0163.png,2,873,1183,1207,1359,1040.18,1271.59,334.1,175.68,0.9212
Vid1_0163.png,3,685,777,865,849,775.38,813.6,180.36,72.3,0.7991
Vid1_0164.png,1,527,962,803,1153,665.6,1057.9,276.56,191.72,0.928
Vid1_0164.png,2,868,1181,1202,1354,1035.46,1267.87,334.25,172.7,0.9191
Vid1_0164.png,3,675,778,866,849,770.97,814.31,190.12,70.88,0.8036
Vid1_0165.png,1,520,960,803,1152,661.53,1056.22,283.06,192.17,0.9196
Vid1_0165.png,2,854,1176,1188,1350,1021.94,1263.17,334.13,173.87,0.9184
Vid1_0165.png,3,654,778,881,850,768.07,814.72,227.63,71.75,0.8496
Vid1_0166.png,1,507,962,792,1150,650.01,1056.58,285.48,188.4,0.9283
Vid1_0166.png,2,825,1166,1163,1347,994.71,1257.31,338.16,181.26,0.9254
Vid1_0166.png,3,613,782,839,859,726.39,820.74,226.76,77.22,0.8334
Vid1_0167.png,1,497,970,786,1153,641.71,1061.74,288.85,182.69,0.9194
Vid1_0167.png,2,802,1157,1140,1344,971.86,1251.19,337.87,187.29,0.919
Vid1_0167.png,3,561,783,819,862,690.38,823.06,257.52,79.26,0.8684
Vid1_0168.png,1,493,973,783,1153,638.92,1063.75,290.02,180.35,0.9194
Vid1_0168.png,2,794,1154,1132,1344,963.79,1249.18,337.63,189.7,0.9192
Vid1_0168.png,3,541,783,811,863,676.46,823.87,269.35,80.14,0.868
Vid1_0169.png,1,491,974,783,1155,637.43,1064.97,291.99,180.28,0.9178
Vid1_0169.png,2,791,1151,1127,1344,959.53,1248.06,335.97,193.03,0.9214
Vid1_0169.png,3,530,784,803,864,666.98,824.86,273.53,79.74,0.8518
Vid1_0170.png,1,489,978,781,1158,635.5,1068.65,292.0,179.53,0.918
Vid1_0170.png,2,785,1143,1114,1342,949.88,1243.23,329.3,198.88,0.9103
Vid1_0170.png,3,507,785,782,866,645.28,826.34,274.93,80.95,0.8615
Vid1_0171.png,1,489,981,781,1158,635.79,1070.04,291.63,176.94,0.9187
Vid1_0171.png,2,781,1139,1107,1342,944.76,1241.1,325.53,202.58,0.9069
Vid1_0171.png,3,496,784,771,867,634.12,826.47,274.89,82.95,0.8588
Vid1_0172.png,1,490,982,781,1156,635.77,1069.69,290.87,173.87,0.9192
Vid1_0172.png,2,779,1137,1104,1342,942.12,1239.93,325.68,204.61,0.9091
Vid1_0172.png,3,488,783,763,869,625.75,826.22,274.69,85.79,0.857
Vid1_0173.png,1,487,989,774,1166,630.89,1077.8,286.6,176.45,0.9196
Vid1_0173.png,2,767,1126,1085,1342,926.03,1234.57,318.05,216.06,0.9153
Vid1_0173.png,3,451,789,720,874,585.89,832.33,268.24,84.98,0.8509
Vid1_0174.png,1,487,991,771,1168,629.11,1080.18,283.9,177.45,0.9196
Vid1_0174.png,2,763,1121,1078,1342,921.2,1232.22,314.96,220.59,0.9187
Vid1_0174.png,3,434,790,704,877,569.28,834.13,270.34,87.14,0.8579
Vid1_0175.png,1,483,994,770,1171,627.09,1082.98,287.65,176.34,0.9176
Vid1_0175.png,2,753,1119,1070,1338,911.67,1228.83,317.1,218.7,0.9079
Vid1_0175.png,3,404,798,675,882,539.89,840.29,271.32,84.48,0.8721
Vid1_0176.png,1,482,996,771,1171,626.81,1084.02,289.46,175.37,0.9156
Vid1_0176.png,2,748,1118,1067,1335,908.15,1227.23,318.66,217.09,0.9049
Vid1_0176.png,3,389,802,659,884,524.41,843.42,270.41,82.33,0.8662
Vid1_0177.png,1,477,1007,767,1173,622.64,1090.18,290.52,166.09,0.9114
Vid1_0177.png,2,742,1108,1057,1324,900.1,1216.25,314.69,215.98,0.914
Vid1_0177.png,3,352,808,623,892,487.81,850.27,271.13,83.85,0.8758
Vid1_0178.png,1,473,1015,764,1178,618.96,1096.91,291.86,163.51,0.9167
Vid1_0178.png,2,736,1097,1044,1317,890.26,1207.38,307.67,220.55,0.9074
Vid1_0178.png,3,322,814,594,899,458.59,857.0,271.45,85.84,0.8687
Vid1_0179.png,1,472,1017,764,1181,618.74,1099.56,292.48,163.24,0.9134
Vid1_0179.png,2,734,1094,1042,1317,888.44,1205.89,307.75,222.57,0.9067
Vid1_0179.png,3,315,815,586,902,450.69,858.97,270.86,86.06,0.8662
Vid1_0180.png,1,466,1023,756,1184,611.32,1104.19,289.65,160.98,0.9149
Vid1_0180.png,2,717,1077,1020,1304,868.86,1190.79,303.26,226.95,0.9075
Vid1_0180.png,3,290,821,561,908,425.58,865.23,270.95,86.85,0.8751
Vid1_0181.png,1,458,1029,745,1192,602.03,1110.93,287.7,163.12,0.9181
Vid1_0181.png,2,691,1063,995,1285,843.69,1174.35,304.28,222.62,0.8999
Vid1_0181.png,3,265,828,535,918,400.75,873.4,270.49,89.61,0.8753
Vid1_0182.png,1,456,1030,741,1193,598.91,1112.1,285.52,162.41,0.9169
Vid1_0182.png,2,683,1059,986,1282,834.87,1170.87,302.41,223.7,0.9059
Vid1_0182.png,3,258,830,529,920,394.02,875.69,270.64,90.46,0.8747
Vid1_0183.png,1,451,1035,735,1194,593.55,1115.11,284.78,158.34,0.9125
Vid1_0183.png,2,662,1049,972,1265,817.3,1157.31,310.43,216.38,0.9129
Vid1_0183.png,3,238,837,509,929,374.24,883.57,270.66,91.3,0.8729
Vid1_0184.png,1,442,1041,726,1206,584.42,1123.93,283.68,164.19,0.9144
Vid1_0184.png,2,642,1042,958,1245,800.56,1143.89,315.97,202.34,0.916
Vid1_0184.png,3,221,846,490,938,356.22,892.81,268.79,92.15,0.8789
Vid1_0185.png,1,436,1045,720,1210,578.71,1127.82,284.13,164.74,0.9145
Vid1_0185.png,2,630,1040,951,1230,790.84,1135.57,321.35,189.95,0.9249
Vid1_0185.png,3,216,854,471,944,344.0,899.46,255.84,89.19,0.8847
Vid1_0186.png,1,428,1047,715,1215,572.07,1131.79,286.77,167.7,0.9166
Vid1_0186.png,2,615,1038,943,1219,779.58,1129.11,328.18,180.38,0.9234
Vid1_0186.png,3,196,858,436,952,316.38,905.8,239.47,93.99,0.8818
Vid1_0187.png,1,421,1050,706,1221,564.01,1136.16,285.97,171.24,0.906
Vid1_0187.png,2,605,1030,932,1207,768.95,1118.96,327.55,176.32,0.9166
Vid1_0187.png,3,194,859,407,964,300.73,911.69,213.37,104.65,0.8874
Vid1_0188.png,1,414,1052,698,1228,556.36,1140.35,283.84,175.77,0.9081
Vid1_0188.png,2,598,1025,920,1202,759.6,1113.87,321.55,176.81,0.9143
Vid1_0188.png,3,194,858,383,973,289.38,916.05,188.95,114.31,0.8897
Vid1_0189.png,1,402,1053,685,1227,543.84,1140.65,283.1,174.15,0.9135
Vid1_0189.png,2,580,1018,905,1203,743.28,1111.19,324.61,185.12,0.9185
Vid1_0189.png,3,185,846,363,992,274.5,919.2,178.92,146.26,0.8747
Vid1_0190.png,1,389,1056,678,1234,534.36,1145.35,288.95,177.92,0.9129
Vid1_0190.png,2,562,1016,894,1201,728.67,1108.98,332.07,184.41,0.9115
Vid1_0190.png,3,178,849,333,1018,256.13,934.09,154.5,169.66,0.8636
Vid1_0191.png,1,382,1060,671,1237,526.7,1149.16,289.1,177.66,0.9114
Vid1_0191.png,2,547,1016,883,1193,715.25,1105.43,335.72,176.97,0.9203
Vid1_0191.png,3,182,856,326,1049,254.74,953.12,144.29,192.3,0.8533
Vid1_0192.png,1,375,1063,664,1241,519.94,1152.59,288.62,177.77,0.9116
Vid1_0192.png,2,533,1017,871,1184,702.51,1101.11,338.39,167.33,0.9137
Vid1_0192.png,3,186,884,287,1079,236.84,981.92,101.32,194.8,0.7869
Vid1_0193.png,1,374,1064,662,1242,518.31,1153.51,288.46,178.37,0.9133
Vid1_0193.png,2,529,1017,869,1182,699.39,1099.88,339.84,164.29,0.9179
Vid1_0193.png,3,189,894,277,1089,233.49,992.04,87.95,195.78,0.7937
Vid1_0194.png,1,366,1075,659,1248,512.97,1161.86,293.76,173.57,0.9092
Vid1_0194.png,2,519,1013,851,1174,685.34,1093.73,331.98,160.82,0.9136
Vid1_0194.png,3,201,924,298,1116,250.0,1020.42,96.99,191.52,0.7985
Vid1_0195.png,1,356,1091,654,1254,505.04,1173.31,297.99,163.31,0.915
Vid1_0195.png,2,488,1002,814,1178,651.32,1090.72,325.44,176.3,0.9253
Vid1_0195.png,3,202,953,278,1129,240.59,1041.4,76.78,176.51,0.797
Vid1_0196.png,1,349,1108,650,1261,499.75,1185.08,300.88,153.05,0.9048
Vid1_0196.png,2,460,990,786,1171,623.73,1080.86,325.65,180.44,0.9121
Vid1_0196.png,3,203,967,298,1145,250.73,1056.57,94.73,178.74,0.8302
Vid1_0197.png,1,346,1119,641,1264,494.0,1192.21,295.16,144.55,0.9101
Vid1_0197.png,2,432,983,752,1166,592.64,1074.88,320.19,183.11,0.9233
Vid1_0197.png,3,202,980,297,1164,250.18,1072.21,95.24,183.78,0.7838
Vid1_0198.png,1,335,1130,626,1267,481.25,1198.91,291.24,136.61,0.9171
Vid1_0198.png,2,401,976,731,1152,566.53,1064.22,330.5,175.75,0.9235
Vid1_0198.png,3,204,998,304,1181,254.7,1089.89,100.37,182.82,0.8151
Vid1_0199.png,1,333,1132,622,1266,478.18,1199.62,288.57,133.79,0.9203
Vid1_0199.png,2,392,974,727,1149,559.68,1061.63,334.89,175.23,0.9268
Vid1_0199.png,3,203,1002,292,1186,248.08,1094.19,88.72,184.34,0.802
Vid1_0200.png,1,323,1143,618,1281,470.98,1212.35,295.49,137.75,0.9055
Vid1_0200.png,2,360,970,702,1136,531.33,1053.51,341.62,166.02,0.9268
Vid1_0200.png,3,207,1027,285,1209,246.27,1118.89,77.91,181.83,0.7762
Vid1_0201.png,1,317,1148,616,1288,467.01,1218.26,298.29,139.61,0.9056
Vid1_0201.png,2,344,969,688,1131,516.58,1050.18,344.82,161.87,0.9245
Vid1_0201.png,3,209,1041,278,1217,243.99,1129.45,68.64,175.18,0.7746
Vid1_0202.png,1,315,1151,614,1292,464.97,1222.0,299.82,140.83,0.9058
Vid1_0202.png,2,336,968,681,1128,509.08,1048.66,345.33,160.06,0.923
Vid1_0202.png,3,211,1045,277,1219,244.11,1132.85,65.79,174.04,0.7662
Vid1_0203.png,1,311,1157,610,1300,460.95,1228.97,299.33,142.44,0.9133
Vid1_0203.png,2,324,968,668,1124,496.16,1046.35,343.72,155.48,0.9203
Vid1_0203.png,3,215,1067,307,1220,261.52,1143.77,92.7,153.16,0.7755
Vid1_0204.png,1,307,1162,608,1304,458.04,1233.56,300.82,141.46,0.912
Vid1_0204.png,2,315,968,659,1121,487.48,1044.82,344.6,152.41,0.9143
Vid1_0204.png,3,215,1089,309,1215,262.72,1152.9,94.27,126.03,0.7341
Vid1_0205.png,1,301,1174,599,1316,450.63,1245.45,298.7,141.65,0.8853
Vid1_0205.png,2,291,969,635,1116,463.61,1043.29,343.43,147.26,0.9083
Vid1_0205.png,3,197,1131,310,1223,253.88,1177.3,113.37,92.5,0.7495
Vid1_0206.png,1,305,1186,587,1320,446.32,1253.88,281.68,134.0,0.8883
Vid1_0206.png,2,273,970,617,1115,445.66,1042.97,344.06,144.68,0.907
Vid1_0206.png,3,212,1149,336,1230,274.16,1189.87,123.98,81.35,0.7685
Vid1_0207.png,1,307,1197,565,1323,436.29,1260.36,257.8,125.39,0.8939
Vid1_0207.png,2,265,969,601,1110,433.51,1040.1,336.2,140.35,0.8988
Vid1_0207.png,3,199,1149,363,1236,281.42,1193.25,163.6,87.04,0.841
Vid1_0208.png,1,305,1207,550,1328,428.33,1268.0,245.13,121.0,0.8882
Vid1_0208.png,2,288,957,539,1098,414.04,1028.19,250.71,140.63,0.8762
Vid1_0208.png,3,208,1145,383,1244,296.24,1195.12,175.05,99.22,0.8349
Vid1_0209.png,1,306,1209,546,1327,426.83,1268.66,240.0,118.01,0.8899
Vid1_0209.png,2,298,956,528,1095,413.54,1026.05,230.71,138.11,0.8909
Vid1_0209.png,3,209,1144,392,1245,301.11,1195.33,182.34,101.12,0.836
Vid1_0210.png,1,301,1215,533,1337,417.31,1276.3,231.82,121.59,0.889
Vid1_0210.png,2,321,924,469,1131,395.24,1027.86,148.34,206.62,0.8177
Vid1_0210.png,3,204,1140,403,1245,303.97,1192.85,199.4,105.37,0.8619
Vid1_0211.png,1,295,1226,521,1351,408.6,1289.07,226.22,125.33,0.9046
Vid1_0211.png,2,279,965,509,1147,394.62,1056.49,230.66,181.37,0.8913
Vid1_0211.png,3,238,1133,421,1232,329.9,1182.75,183.28,99.29,0.8107
Vid1_0212.png,1,292,1231,516,1359,404.74,1295.54,223.58,128.63,0.9112
Vid1_0212.png,2,271,992,519,1156,395.17,1074.67,247.68,164.44,0.8965
Vid1_0212.png,3,248,1130,429,1224,339.06,1177.52,181.12,94.29,0.8163
Vid1_0213.png,1,286,1240,508,1372,397.66,1306.43,222.62,131.56,0.8821
Vid1_0213.png,2,266,1028,560,1175,413.72,1101.96,293.72,147.02,0.8751
Vid1_0213.png,3,238,1126,441,1210,340.29,1168.41,203.11,84.2,0.8092
Vid1_0214.png,1,283,1249,503,1384,393.89,1317.34,219.88,135.19,0.8987
Vid1_0214.png,2,350,1039,630,1239,490.37,1139.14,280.39,199.82,0.8929
Vid1_0214.png,3,243,1117,451,1198,347.65,1157.79,207.53,80.44,0.8257
Vid1_0215.png,1,284,1259,501,1396,392.98,1328.23,217.88,136.72,0.9088
Vid1_0215.png,2,404,1069,718,1287,561.36,1178.31,314.06,218.62,0.8368
Vid1_0215.png,3,245,1113,456,1188,350.86,1150.98,210.92,74.96,0.8088
Vid1_0216.png,1,286,1268,499,1406,393.09,1337.63,213.47,138.6,0.9144
Vid1_0216.png,2,456,1125,786,1322,621.45,1224.05,330.08,197.22,0.9003
Vid1_0216.png,3,251,1103,460,1187,355.98,1145.41,208.94,84.54,0.8754
Vid1_0217.png,1,287,1277,496,1419,391.82,1348.62,209.05,141.55,0.8983
Vid1_0217.png,2,511,1192,851,1344,681.75,1268.78,339.92,151.92,0.8825
Vid1_0217.png,3,272,1089,473,1176,373.07,1133.39,200.42,87.2,0.8582
Vid1_0218.png,1,292,1282,493,1424,393.19,1353.55,200.74,142.23,0.8954
Vid1_0218.png,2,552,1228,897,1354,725.05,1291.69,344.6,125.53,0.8785
Vid1_0218.png,3,287,1080,484,1169,386.03,1125.29,197.06,88.81,0.8703
Vid1_0219.png,1,309,1292,484,1426,397.28,1359.52,175.39,133.91,0.785
Vid1_0219.png,2,612,1257,958,1365,785.8,1311.34,346.18,108.12,0.879
Vid1_0219.png,3,330,1077,526,1167,428.33,1122.16,195.66,89.85,0.8659
Vid1_0220.png,1,297,1296,463,1429,380.58,1363.12,165.34,133.57,0.8822
Vid1_0220.png,2,661,1272,1010,1373,835.78,1322.94,348.79,101.52,0.8822
Vid1_0220.png,3,346,1070,560,1169,453.44,1119.91,213.84,98.18,0.8815
Vid1_0221.png,1,280,1296,476,1431,378.47,1364.04,195.32,134.48,0.8865
Vid1_0221.png,2,699,1278,1052,1381,875.79,1330.11,353.3,103.18,0.8863
Vid1_0221.png,3,387,1078,607,1174,497.54,1126.51,219.78,95.86,0.8674
Vid1_0222.png,1,261,1296,493,1427,377.46,1361.85,232.48,130.63,0.8946
Vid1_0222.png,2,728,1284,1084,1387,906.03,1335.65,355.97,102.91,0.8726
Vid1_0222.png,3,405,1083,654,1183,529.82,1133.39,249.13,99.63,0.8919
Vid1_0223.png,1,245,1295,516,1421,380.8,1358.73,270.66,125.89,0.9012
Vid1_0223.png,2,757,1290,1114,1393,935.98,1342.01,356.39,103.34,0.8604
Vid1_0223.png,3,439,1089,699,1196,569.42,1143.01,259.92,106.1,0.8779
Vid1_0224.png,1,248,1295,537,1423,393.38,1359.48,289.16,128.28,0.9078
Vid1_0224.png,2,783,1294,1139,1404,961.33,1349.03,356.45,109.98,0.8659
Vid1_0224.png,3,466,1092,740,1209,603.49,1150.87,274.01,117.23,0.8813
Vid1_0225.png,1,265,1295,557,1430,411.12,1362.81,292.19,134.67,0.9139
Vid1_0225.png,2,804,1298,1160,1410,982.31,1354.58,356.6,112.16,0.8738
Vid1_0225.png,3,515,1094,773,1222,644.39,1158.72,258.37,127.46,0.9027
Vid1_0226.png,1,301,1294,580,1431,440.89,1362.94,278.74,136.56,0.8988
Vid1_0226.png,2,827,1303,1181,1414,1004.57,1359.04,353.72,110.3,0.8848
Vid1_0226.png,3,555,1112,812,1235,683.79,1174.36,256.64,123.19,0.8697
Vid1_0227.png,1,318,1294,586,1431,452.6,1362.99,268.28,137.39,0.9012
Vid1_0227.png,2,832,1304,1186,1413,1009.71,1358.84,353.99,108.79,0.8865
Vid1_0227.png,3,569,1119,820,1240,695.11,1179.68,250.85,121.02,0.878
Vid1_0228.png,1,333,1292,623,1435,478.88,1364.17,289.93,142.95,0.9028
Vid1_0228.png,2,853,1307,1210,1414,1032.23,1361.07,356.81,107.27,0.8688
Vid1_0228.png,3,608,1142,869,1263,738.89,1203.27,261.23,121.27,0.8749
Vid1_0229.png,1,352,1289,651,1437,502.1,1363.9,299.43,147.82,0.9061
Vid1_0229.png,2,873,1309,1228,1417,1050.7,1363.25,355.23,107.91,0.874
Vid1_0229.png,3,641,1165,905,1280,773.49,1222.68,264.16,114.95,0.8739
Vid1_0230.png,1,356,1289,660,1438,508.79,1363.95,304.1,149.03,0.9082
Vid1_0230.png,2,876,1309,1232,1417,1054.6,1363.27,355.29,107.97,0.8725
Vid1_0230.png,3,650,1173,915,1284,782.71,1229.09,265.26,111.49,0.8716
Vid1_0231.png,1,384,1288,685,1437,535.0,1363.04,300.21,148.12,0.9064
Vid1_0231.png,2,894,1312,1252,1423,1073.2,1367.94,357.76,111.01,0.8854
Vid1_0231.png,3,687,1198,950,1299,819.38,1248.92,263.15,100.78,0.8696
Vid1_0232.png,1,413,1291,711,1434,562.78,1363.16,298.08,142.87,0.9056
Vid1_0232.png,2,912,1312,1268,1427,1090.39,1370.18,355.97,114.6,0.8896
Vid1_0232.png,3,720,1219,986,1311,853.58,1265.81,265.45,92.27,0.869
Vid1_0233.png,1,429,1293,728,1435,578.87,1364.71,298.59,142.25,0.9101
Vid1_0233.png,2,921,1311,1278,1430,1100.15,1371.07,357.22,118.22,0.8935
Vid1_0233.png,3,740,1230,1007,1319,874.15,1275.17,266.68,89.15,0.8767
Vid1_0234.png,1,451,1295,745,1441,598.4,1368.03,294.45,146.04,0.9178
Vid1_0234.png,2,932,1310,1290,1435,1111.22,1373.23,358.14,124.86,0.8994
Vid1_0234.png,3,780,1236,1020,1331,900.24,1284.03,240.06,94.36,0.8747
Vid1_0235.png,1,473,1297,764,1444,619.03,1371.1,291.12,146.38,0.9129
Vid1_0235.png,2,947,1309,1301,1437,1124.38,1373.47,353.48,127.39,0.8948
Vid1_0235.png,3,828,1235,1022,1330,925.65,1283.04,194.15,95.47,0.8548
Vid1_0236.png,1,478,1298,769,1444,624.03,1371.73,290.64,146.45,0.9124
Vid1_0236.png,2,952,1309,1302,1438,1127.5,1373.75,350.29,129.1,0.8959
Vid1_0236.png,3,846,1235,1019,1333,932.64,1284.5,172.84,98.87,0.8514
Vid1_0237.png,1,498,1302,790,1449,644.39,1375.97,292.44,146.26,0.9144
Vid1_0237.png,2,960,1309,1315,1432,1137.84,1371.2,355.3,123.57,0.895
Vid1_0237.png,3,857,1222,1045,1336,951.21,1279.37,187.88,113.53,0.8752
Vid1_0238.png,1,512,1310,809,1457,661.03,1384.01,296.74,147.86,0.914
Vid1_0238.png,2,968,1307,1325,1431,1146.89,1369.57,356.25,123.85,0.8817
Vid1_0238.png,3,916,1238,1099,1347,1007.66,1293.29,183.23,108.87,0.8125
Vid1_0239.png,1,516,1312,814,1460,665.34,1386.46,298.52,148.84,0.9136
Vid1_0239.png,2,970,1307,1327,1430,1148.89,1368.97,357.76,123.81,0.8823
Vid1_0239.png,3,928,1222,1110,1350,1019.25,1286.49,181.52,127.91,0.8617
Vid1_0240.png,1,528,1322,827,1471,678.22,1396.94,298.75,149.52,0.9017
Vid1_0240.png,2,982,1306,1338,1429,1160.61,1367.89,356.23,122.39,0.7213
Vid1_0240.png,3,957,1245,1167,1363,1062.35,1304.26,209.66,117.97,0.8491
Vid1_0241.png,1,539,1331,841,1483,690.66,1407.51,301.46,152.16,0.9033
Vid1_0241.png,2,995,1296,1350,1421,1173.08,1359.11,355.24,124.64,0.8343
Vid1_0242.png,1,562,1335,849,1492,705.8,1414.0,287.42,157.01,0.9128
Vid1_0242.png,2,1019,1299,1357,1413,1188.49,1356.36,338.57,113.61,0.8425
Vid1_0243.png,1,590,1332,864,1494,727.75,1413.48,273.7,161.62,0.9098
Vid1_0243.png,2,1010,1302,1361,1418,1186.15,1360.63,350.36,116.28,0.8697
Vid1_0244.png,1,622,1324,907,1479,765.13,1401.56,285.29,155.01,0.9143
Vid1_0244.png,2,1016,1305,1363,1424,1189.59,1365.13,347.14,118.81,0.8569
Vid1_0244.png,3,1128,1303,1408,1402,1268.53,1353.13,279.94,98.56,0.5115
Vid1_0245.png,1,659,1309,949,1464,804.88,1387.23,290.03,154.84,0.9112
Vid1_0245.png,2,1024,1307,1365,1430,1195.41,1369.34,341.07,123.26,0.8763
Vid1_0245.png,3,1192,1314,1474,1406,1333.25,1360.22,282.44,92.25,0.8107
Vid1_0246.png,1,688,1296,984,1457,836.71,1376.79,295.78,161.17,0.9035
Vid1_0246.png,2,1024,1306,1373,1436,1199.39,1371.46,349.03,129.87,0.9013
Vid1_0246.png,3,1256,1318,1526,1411,1391.6,1365.28,270.45,92.98,0.8292
Vid1_0247.png,1,719,1283,1018,1448,869.17,1366.06,299.43,164.34,0.9179
Vid1_0247.png,2,1032,1305,1380,1438,1206.64,1372.1,347.9,133.5,0.9034
Vid1_0247.png,3,1304,1324,1581,1417,1443.01,1371.12,276.14,93.61,0.8234
Vid1_0248.png,1,735,1277,1034,1443,885.13,1360.72,299.14,165.88,0.9194
Vid1_0248.png,2,1034,1304,1383,1438,1209.36,1371.27,348.79,133.48,0.9002
Vid1_0248.png,3,1330,1325,1605,1419,1468.17,1372.71,275.48,94.31,0.8499
Vid1_0249.png,1,766,1269,1064,1433,915.23,1351.62,298.35,164.52,0.9139
Vid1_0249.png,2,1039,1302,1388,1432,1214.2,1367.48,348.85,130.54,0.896
Vid1_0249.png,3,1419,1332,1607,1424,1513.77,1378.52,187.93,91.87,0.7845
Vid1_0250.png,1,792,1262,1093,1426,943.02,1344.71,301.21,164.48,0.9091
Vid1_0250.png,2,1042,1298,1392,1433,1217.77,1365.89,350.44,135.39,0.8899
Vid1_0250.png,3,1452,1324,1595,1420,1523.9,1372.42,143.5,95.66,0.7962
Vid1_0251.png,1,812,1257,1113,1423,963.15,1340.17,300.31,165.74,0.8974
Vid1_0251.png,2,1049,1294,1397,1431,1223.58,1362.97,348.69,136.29,0.8852
Vid1_0251.png,3,1442,1321,1597,1425,1520.09,1373.87,154.97,103.9,0.8506
Vid1_0252.png,1,830,1255,1127,1425,979.02,1340.26,297.09,170.07,0.898
Vid1_0252.png,2,1051,1292,1401,1425,1226.34,1359.2,349.87,133.25,0.883
Vid1_0252.png,3,1426,1328,1587,1430,1506.99,1379.45,161.6,102.28,0.8302
Vid1_0253.png,1,854,1254,1140,1419,997.67,1337.13,286.2,164.49,0.8892
Vid1_0253.png,2,1054,1290,1402,1424,1228.77,1357.26,348.05,134.19,0.8832
Vid1_0253.png,3,1397,1338,1604,1438,1500.73,1388.35,207.18,100.01,0.8487
Vid1_0254.png,1,878,1253,1163,1411,1020.71,1332.59,285.13,157.6,0.8822
Vid1_0254.png,2,1053,1285,1404,1423,1229.32,1354.62,350.76,137.6,0.8824
Vid1_0254.png,3,1367,1350,1612,1448,1490.04,1399.34,244.49,97.57,0.8695
Vid1_0255.png,1,896,1250,1188,1405,1042.39,1328.0,292.36,155.75,0.8852
Vid1_0255.png,2,1055,1282,1406,1423,1231.25,1352.74,351.48,140.72,0.8892
Vid1_0255.png,3,1329,1363,1574,1457,1452.03,1410.79,245.61,93.67,0.8572
Vid1_0256.png,1,917,1247,1212,1398,1065.15,1322.95,295.24,150.56,0.887
Vid1_0256.png,2,1062,1280,1410,1420,1236.35,1350.56,348.69,140.22,0.8863
Vid1_0256.png,3,1276,1376,1545,1465,1411.14,1420.73,268.91,89.08,0.8549
Vid1_0257.png,1,922,1246,1218,1396,1070.34,1321.66,295.77,149.54,0.8908
Vid1_0257.png,2,1062,1279,1411,1419,1236.94,1349.72,349.46,140.11,0.8857
Vid1_0257.png,3,1261,1378,1537,1466,1399.47,1422.61,276.01,87.59,0.8511
Vid1_0258.png,1,959,1239,1245,1395,1102.46,1317.38,285.71,155.41,0.8863
Vid1_0258.png,2,1065,1277,1416,1419,1241.1,1348.62,350.93,141.74,0.8697
Vid1_0258.png,3,1207,1391,1486,1476,1347.07,1433.76,279.52,84.86,0.856
Vid1_0259.png,1,994,1232,1281,1384,1138.39,1308.43,286.93,152.4,0.8737
Vid1_0259.png,2,1074,1276,1417,1415,1246.05,1345.87,343.26,139.31,0.8624
Vid1_0259.png,3,1152,1398,1431,1484,1292.23,1441.71,279.04,85.57,0.866
Vid1_0260.png,1,1029,1223,1318,1375,1174.03,1299.53,288.12,152.49,0.8461
Vid1_0260.png,2,1077,1275,1422,1421,1249.73,1348.41,345.06,146.62,0.8638
Vid1_0260.png,3,1104,1403,1380,1487,1242.66,1445.3,275.83,84.47,0.8535
Vid1_0261.png,1,1047,1218,1334,1371,1191.16,1294.88,286.37,153.2,0.8369
Vid1_0261.png,2,1077,1274,1423,1423,1250.82,1349.22,345.85,149.4,0.8606
Vid1_0261.png,3,1083,1403,1358,1488,1220.76,1446.24,274.83,85.38,0.8464
Vid1_0262.png,1,1078,1206,1380,1362,1229.58,1284.53,302.34,156.45,0.8062
Vid1_0262.png,2,1079,1272,1424,1418,1251.58,1345.67,345.14,145.58,0.832
Vid1_0262.png,3,1035,1406,1314,1489,1175.09,1448.24,278.22,82.9,0.8607
Vid1_0263.png,1,1115,1199,1416,1349,1266.1,1274.46,301.32,150.26,0.8215
Vid1_0263.png,2,1077,1270,1424,1415,1251.29,1343.12,347.21,144.8,0.8212
Vid1_0263.png,3,1004,1408,1284,1491,1144.65,1449.84,280.35,83.4,0.8522
Vid1_0264.png,1,1147,1195,1446,1331,1296.9,1263.55,299.34,136.28,0.8356
Vid1_0264.png,2,1078,1269,1427,1415,1252.98,1342.55,349.77,145.89,0.8482
Vid1_0264.png,3,977,1409,1256,1493,1117.21,1451.52,278.63,83.55,0.8515
Vid1_0265.png,1,1152,1194,1451,1327,1301.84,1260.91,299.12,133.04,0.8276
Vid1_0265.png,2,1077,1269,1428,1415,1252.86,1342.58,351.02,146.36,0.8385
Vid1_0265.png,3,972,1410,1248,1493,1110.52,1451.85,276.79,82.64,0.8552
Vid1_0266.png,1,1194,1194,1488,1312,1341.53,1253.49,294.75,118.96,0.7721
Vid1_0266.png,2,1074,1268,1427,1417,1250.87,1343.05,353.14,148.8,0.8704
Vid1_0266.png,3,937,1412,1211,1495,1074.21,1454.2,273.77,82.77,0.8608
Vid1_0267.png,1,1247,1191,1518,1300,1382.92,1245.95,271.78,109.38,0.7933
Vid1_0267.png,2,1075,1266,1425,1413,1250.43,1340.2,350.36,147.17,0.8871
Vid1_0267.png,3,916,1406,1158,1494,1037.79,1450.68,241.77,87.83,0.8732
Vid1_0268.png,1,1254,1190,1525,1297,1390.28,1244.33,270.59,107.24,0.8008
Vid1_0268.png,2,1074,1266,1424,1412,1249.54,1339.51,350.49,146.59,0.886
Vid1_0268.png,3,912,1406,1144,1495,1028.45,1450.75,231.91,88.51,0.8786
Vid1_0269.png,1,1313,1186,1557,1293,1435.23,1240.11,244.08,107.57,0.776
Vid1_0269.png,2,1071,1263,1424,1413,1248.06,1338.41,353.02,149.93,0.8883
Vid1_0269.png,3,880,1393,1117,1491,999.23,1442.36,236.64,98.33,0.8523
Vid1_0270.png,1,1357,1177,1591,1298,1474.79,1237.63,233.92,121.18,0.8567
Vid1_0270.png,2,1070,1262,1424,1411,1247.68,1336.92,354.12,148.3,0.8873
Vid1_0270.png,3,852,1380,1092,1483,972.26,1432.13,240.5,103.24,0.8819
Vid1_0271.png,1,1382,1166,1625,1302,1504.47,1234.58,242.97,136.15,0.8825
Vid1_0271.png,2,1067,1261,1421,1401,1244.7,1331.56,353.57,140.31,0.8861
Vid1_0271.png,3,830,1368,1077,1463,954.05,1416.1,246.63,95.05,0.828
Vid1_0272.png,1,1392,1158,1653,1316,1523.06,1237.19,260.35,157.62,0.8961
Vid1_0272.png,2,1069,1259,1418,1398,1244.44,1329.0,349.03,138.9,0.8919
Vid1_0272.png,3,839,1357,1029,1453,934.54,1405.23,190.07,95.74,0.8048
Vid1_0273.png,1,1402,1152,1682,1317,1542.46,1235.07,279.44,165.69,0.9004
Vid1_0273.png,2,1066,1257,1418,1396,1242.76,1327.33,351.84,138.96,0.8941
Vid1_0273.png,3,844,1350,974,1432,909.88,1391.71,129.83,81.67,0.734
Vid1_0274.png,1,1417,1145,1709,1313,1563.31,1229.71,292.6,167.74,0.906
Vid1_0274.png,2,1066,1256,1418,1395,1242.57,1325.95,351.43,138.9,0.8955
Vid1_0274.png,3,843,1342,997,1420,920.35,1381.61,154.05,77.91,0.7832
Vid1_0275.png,1,1435,1141,1731,1310,1583.77,1226.1,295.88,169.47,0.9067
Vid1_0275.png,2,1066,1255,1417,1391,1242.09,1323.66,350.34,135.44,0.8954
Vid1_0275.png,3,820,1337,1029,1414,924.87,1376.01,209.21,77.97,0.8626
Vid1_0276.png,1,1450,1140,1750,1309,1600.6,1224.63,299.3,168.89,0.9164
Vid1_0276.png,2,1069,1256,1417,1390,1243.61,1323.31,347.61,133.87,0.8963
Vid1_0276.png,3,824,1331,1070,1412,947.58,1371.94,245.9,80.5,0.8388
Vid1_0277.png,1,1467,1141,1764,1307,1615.9,1224.43,297.13,166.5,0.914
Vid1_0277.png,2,1068,1256,1416,1384,1242.66,1320.49,347.69,127.57,0.88
Vid1_0277.png,3,853,1329,1110,1414,982.16,1372.07,257.53,84.42,0.8497
Vid1_0278.png,1,1502,1136,1747,1286,1625.0,1211.69,245.12,149.85,0.9026
Vid1_0278.png,2,1081,1255,1419,1382,1250.4,1318.96,338.11,126.35,0.8714
Vid1_0278.png,3,898,1334,1159,1420,1028.95,1377.31,261.02,85.83,0.862
Vid1_0279.png,1,1547,1136,1728,1273,1638.11,1204.78,181.57,136.69,0.8194
Vid1_0279.png,2,1085,1254,1425,1377,1255.37,1316.01,340.43,123.09,0.8731
Vid1_0279.png,3,933,1341,1205,1427,1069.41,1384.61,271.76,86.7,0.8591
Vid1_0280.png,1,1587,1129,1723,1276,1655.43,1203.08,135.96,147.05,0.8246
Vid1_0280.png,2,1088,1252,1436,1381,1262.49,1317.1,348.44,129.76,0.881
Vid1_0280.png,3,983,1349,1255,1440,1119.62,1394.82,272.07,90.91,0.8328
Vid1_0281.png,1,1573,1121,1710,1279,1642.34,1200.02,136.8,157.96,0.8207
Vid1_0281.png,2,1094,1250,1447,1385,1271.12,1317.82,352.7,135.56,0.8876
Vid1_0281.png,3,1029,1364,1306,1450,1168.15,1407.34,276.38,86.63,0.8688
Vid1_0282.png,1,1545,1119,1730,1268,1637.85,1193.6,185.03,149.14,0.869
Vid1_0282.png,2,1102,1248,1455,1388,1278.57,1318.64,353.06,139.56,0.8818
Vid1_0282.png,3,1081,1374,1354,1460,1217.8,1417.43,273.35,85.56,0.8454
Vid1_0283.png,1,1522,1112,1754,1250,1638.72,1181.65,231.67,138.66,0.8922
Vid1_0283.png,2,1110,1249,1461,1395,1286.1,1322.51,351.21,146.98,0.8776
Vid1_0283.png,3,1119,1383,1394,1467,1257.11,1425.48,274.29,84.26,0.8448
Vid1_0284.png,1,1491,1100,1762,1238,1627.14,1169.5,271.69,138.26,0.9206
Vid1_0284.png,2,1117,1247,1466,1394,1291.84,1321.24,349.53,146.9,0.889
Vid1_0284.png,3,1164,1386,1437,1470,1301.19,1428.43,273.37,84.14,0.8603
Vid1_0285.png,1,1461,1083,1742,1238,1601.95,1161.3,280.26,155.31,0.9157
Vid1_0285.png,2,1126,1245,1470,1397,1298.71,1321.57,343.86,151.67,0.8994
Vid1_0285.png,3,1206,1388,1477,1470,1342.14,1429.25,271.51,82.07,0.8608
Vid1_0286.png,1,1450,1079,1732,1238,1591.74,1159.22,281.48,158.59,0.9151
Vid1_0286.png,2,1129,1245,1471,1396,1300.48,1320.65,342.75,151.16,0.8975
Vid1_0286.png,3,1220,1389,1488,1470,1354.69,1429.71,267.55,81.03,0.8588
Vid1_0287.png,1,1411,1051,1697,1235,1554.21,1143.33,286.06,183.59,0.9215
Vid1_0287.png,2,1131,1244,1477,1400,1304.48,1322.49,346.38,156.37,0.9054
Vid1_0287.png,3,1254,1387,1526,1469,1390.74,1428.03,272.3,82.03,0.8479
Vid1_0288.png,1,1367,1024,1656,1221,1512.29,1122.95,289.22,196.55,0.9108
Vid1_0288.png,2,1133,1241,1482,1402,1307.98,1322.37,348.47,161.16,0.9127
Vid1_0288.png,3,1287,1386,1559,1468,1423.48,1427.15,272.23,81.78,0.8494
Vid1_0289.png,1,1340,1009,1629,1205,1485.11,1107.41,288.33,195.91,0.9177
Vid1_0289.png,2,1142,1240,1484,1395,1313.31,1317.88,342.61,154.8,0.9126
Vid1_0289.png,3,1311,1384,1583,1471,1447.53,1428.34,271.43,87.06,0.8605
Vid1_0290.png,1,1308,993,1595,1189,1451.71,1091.2,287.09,195.99,0.9244
Vid1_0290.png,2,1143,1239,1485,1395,1314.44,1317.35,341.91,156.63,0.9151
Vid1_0290.png,3,1339,1378,1605,1478,1472.61,1428.66,265.85,99.73,0.8792
Vid1_0291.png,1,1281,982,1573,1175,1427.31,1079.25,292.25,193.47,0.913
Vid1_0291.png,2,1141,1235,1484,1391,1313.22,1313.82,343.4,156.03,0.9069
Vid1_0291.png,3,1368,1362,1633,1476,1500.71,1419.47,264.69,113.93,0.8893
Vid1_0292.png,1,1258,972,1546,1162,1402.36,1067.77,288.05,190.22,0.924
Vid1_0292.png,2,1145,1231,1476,1380,1311.3,1306.31,331.34,148.64,0.9088
Vid1_0292.png,3,1397,1343,1663,1467,1530.68,1405.48,265.69,123.11,0.8968
Vid1_0293.png,1,1242,964,1530,1158,1386.59,1061.15,287.31,194.11,0.9225
Vid1_0293.png,2,1152,1229,1468,1366,1310.7,1298.25,316.15,137.36,0.9098
Vid1_0293.png,3,1429,1330,1683,1440,1556.68,1385.71,254.02,109.54,0.8776
Vid1_0294.png,1,1214,952,1504,1148,1359.6,1050.72,289.83,195.83,0.9115
Vid1_0294.png,2,1177,1225,1470,1360,1323.83,1293.34,292.62,134.9,0.902
Vid1_0294.png,3,1461,1307,1697,1426,1579.58,1367.29,236.8,119.38,0.8992
Vid1_0295.png,1,1191,946,1485,1141,1338.59,1043.96,294.36,194.94,0.9139
Vid1_0295.png,2,1178,1222,1477,1354,1327.87,1288.63,299.13,131.47,0.8945
Vid1_0295.png,3,1490,1284,1722,1429,1606.56,1357.34,232.87,144.86,0.9169
Vid1_0296.png,1,1167,941,1459,1133,1313.18,1037.46,292.24,192.82,0.9157
Vid1_0296.png,2,1179,1218,1485,1350,1332.9,1284.84,305.83,131.81,0.8968
Vid1_0296.png,3,1535,1260,1727,1400,1631.6,1330.18,191.94,140.1,0.8573
Vid1_0297.png,1,1149,935,1437,1130,1293.72,1032.77,288.13,195.51,0.9257
Vid1_0297.png,2,1184,1214,1494,1349,1339.53,1282.34,309.1,134.9,0.9105
Vid1_0297.png,3,1590,1237,1722,1369,1656.33,1303.68,131.64,132.16,0.8395
Vid1_0298.png,1,1145,934,1429,1128,1287.46,1031.71,284.68,194.32,0.9249
Vid1_0298.png,2,1185,1214,1496,1349,1340.97,1281.83,310.25,135.33,0.9067
Vid1_0298.png,3,1606,1230,1714,1362,1660.44,1296.6,107.13,131.25,0.8227
Vid1_0299.png,1,1124,930,1409,1121,1266.93,1025.65,285.07,191.04,0.9259
Vid1_0299.png,2,1191,1210,1506,1350,1348.84,1280.9,314.46,140.1,0.8995
Vid1_0299.png,3,1574,1208,1706,1343,1640.91,1276.06,132.08,134.63,0.85
Vid1_0300.png,1,1101,921,1386,1116,1243.97,1019.13,285.06,195.42,0.9181
Vid1_0300.png,2,1198,1208,1512,1355,1355.4,1281.7,313.62,147.28,0.912
Vid1_0300.png,3,1548,1184,1699,1317,1623.95,1251.31,151.35,133.12,0.8647
Vid1_0301.png,1,1081,913,1363,1111,1222.52,1012.86,282.65,197.79,0.9161
Vid1_0301.png,2,1206,1207,1520,1358,1363.1,1282.65,314.03,151.27,0.9164
Vid1_0301.png,3,1526,1162,1717,1303,1621.97,1232.87,190.63,140.7,0.8972
Vid1_0302.png,1,1059,906,1345,1103,1202.32,1004.7,286.5,196.87,0.9147
Vid1_0302.png,2,1219,1207,1530,1365,1374.91,1286.1,310.26,158.19,0.9184
Vid1_0302.png,3,1500,1139,1715,1286,1608.25,1212.77,214.64,146.93,0.897
Vid1_0303.png,1,1041,899,1328,1097,1184.99,998.6,287.29,197.72,0.9185
Vid1_0303.png,2,1235,1207,1542,1371,1389.25,1289.51,307.33,163.17,0.8998
Vid1_0303.png,3,1467,1116,1702,1263,1584.81,1189.7,235.5,146.81,0.8956
Vid1_0304.png,1,1024,897,1315,1092,1170.27,994.85,290.69,195.56,0.924
Vid1_0304.png,2,1233,1209,1552,1373,1392.85,1291.42,318.98,163.28,0.9026
Vid1_0304.png,3,1433,1094,1688,1238,1560.72,1166.18,254.75,144.25,0.9117
Vid1_0305.png,1,1020,896,1313,1091,1167.16,993.99,292.36,194.33,0.921
Vid1_0305.png,2,1234,1210,1555,1374,1394.52,1292.37,321.01,163.78,0.9013
Vid1_0305.png,3,1422,1088,1686,1231,1554.76,1160.0,264.07,143.37,0.9173
Vid1_0306.png,1,998,895,1283,1079,1140.99,987.55,285.74,184.56,0.9174
Vid1_0306.png,2,1229,1213,1567,1362,1398.56,1287.95,338.49,148.32,0.8819
Vid1_0306.png,3,1389,1067,1655,1203,1522.28,1135.42,266.08,135.26,0.9037
Vid1_0307.png,1,986,894,1272,1076,1129.71,985.41,286.14,181.87,0.922
Vid1_0307.png,2,1229,1216,1573,1354,1401.57,1285.5,344.08,138.3,0.8743
Vid1_0307.png,3,1373,1059,1640,1191,1507.07,1125.66,267.66,132.57,0.9025
Vid1_0308.png,1,975,892,1268,1075,1122.19,983.65,293.49,182.98,0.9269
Vid1_0308.png,2,1246,1219,1582,1347,1414.41,1283.37,336.3,127.83,0.8826
Vid1_0308.png,3,1359,1052,1627,1182,1493.48,1117.27,268.38,130.22,0.9004
Vid1_0309.png,1,944,891,1245,1069,1095.12,980.4,300.29,177.98,0.9258
Vid1_0309.png,2,1261,1225,1607,1341,1434.67,1283.4,346.05,116.18,0.884
Vid1_0309.png,3,1336,1043,1604,1170,1470.35,1106.65,268.07,126.78,0.8923
Vid1_0310.png,1,927,894,1229,1066,1078.63,980.63,302.07,172.64,0.9237
Vid1_0310.png,2,1272,1229,1626,1338,1449.68,1283.9,353.78,108.89,0.885
Vid1_0310.png,3,1317,1035,1577,1157,1447.29,1096.68,260.56,122.23,0.8894
Vid1_0311.png,1,912,900,1216,1064,1064.45,982.42,303.21,163.82,0.9229
Vid1_0311.png,2,1288,1232,1642,1337,1465.86,1285.4,354.16,104.89,0.8794
Vid1_0311.png,3,1284,1025,1542,1141,1413.89,1083.27,257.87,115.8,0.8999
Vid1_0312.png,1,905,905,1208,1066,1056.8,985.92,302.95,160.44,0.9181
Vid1_0312.png,2,1305,1237,1656,1339,1480.89,1288.56,350.55,102.6,0.8753
Vid1_0312.png,3,1259,1018,1525,1131,1392.66,1075.09,265.32,113.59,0.8961
Vid1_0313.png,1,900,910,1205,1068,1053.17,989.62,305.27,157.62,0.9145
Vid1_0313.png,2,1311,1238,1660,1340,1486.17,1289.65,349.42,102.01,0.8773
Vid1_0313.png,3,1239,1014,1509,1123,1374.32,1068.87,270.6,108.98,0.8865
Vid1_0314.png,1,892,919,1194,1074,1043.3,997.11,301.72,154.28,0.9155
Vid1_0314.png,2,1321,1240,1672,1343,1497.16,1292.16,351.36,103.46,0.877
Vid1_0314.png,3,1208,1008,1478,1110,1343.2,1059.69,269.75,102.01,0.8658
Vid1_0315.png,1,876,938,1173,1087,1024.81,1013.34,297.01,149.07,0.9085
Vid1_0315.png,2,1347,1247,1697,1350,1522.15,1298.91,349.72,102.48,0.8758
Vid1_0315.png,3,1169,1005,1442,1099,1305.86,1052.45,273.15,94.15,0.8764
Vid1_0316.png,1,871,944,1167,1092,1019.65,1018.17,295.92,147.95,0.9115
Vid1_0316.png,2,1355,1250,1704,1352,1530.01,1301.34,348.34,102.39,0.8752
Vid1_0316.png,3,1155,1004,1429,1097,1292.36,1051.27,273.53,92.9,0.8757
Vid1_0317.png,1,851,959,1151,1102,1001.39,1030.89,299.64,142.68,0.9064
Vid1_0317.png,2,1366,1254,1720,1361,1543.5,1308.24,354.63,106.64,0.8728
Vid1_0317.png,3,1141,1006,1417,1093,1279.51,1050.3,276.02,87.22,0.863
Vid1_0318.png,1,840,969,1141,1111,991.19,1040.5,301.33,141.58,0.8969
Vid1_0318.png,2,1374,1258,1731,1365,1552.85,1311.8,356.52,107.31,0.8768
Vid1_0318.png,3,1135,1007,1411,1094,1273.52,1051.24,275.51,86.79,0.8575
Vid1_0319.png,1,823,985,1128,1123,975.91,1054.84,305.42,138.03,0.9099
Vid1_0319.png,2,1387,1263,1742,1371,1565.12,1317.52,355.2,107.57,0.8812
Vid1_0319.png,3,1121,1020,1376,1105,1248.68,1062.76,255.16,84.68,0.8707
Vid1_0320.png,1,807,1004,1115,1141,961.58,1072.96,308.01,137.35,0.8998
Vid1_0320.png,2,1400,1271,1757,1381,1579.14,1326.57,356.58,110.25,0.8903
Vid1_0320.png,3,1104,1032,1344,1115,1224.46,1073.68,239.77,83.16,0.8521
Vid1_0321.png,1,794,1017,1096,1154,945.49,1086.14,301.28,136.42,0.9071
Vid1_0321.png,2,1417,1278,1770,1392,1593.71,1335.07,352.68,114.08,0.8893
Vid1_0321.png,3,1074,1033,1321,1124,1197.81,1079.03,246.94,90.74,0.8764
Vid1_0322.png,1,779,1029,1075,1163,927.44,1096.5,295.18,134.01,0.9054
Vid1_0322.png,2,1426,1282,1778,1401,1602.75,1342.13,352.17,119.01,0.8762
Vid1_0322.png,3,1046,1031,1290,1125,1168.44,1078.49,244.66,93.52,0.8852
Vid1_0323.png,1,762,1042,1068,1169,915.42,1105.66,305.65,127.21,0.8915
Vid1_0323.png,2,1432,1287,1788,1407,1610.23,1347.71,355.95,120.48,0.8659
Vid1_0323.png,3,1015,1026,1268,1120,1142.09,1073.37,252.77,93.57,0.8956
Vid1_0324.png,1,744,1053,1055,1177,900.07,1115.12,310.26,123.88,0.8982
Vid1_0324.png,2,1445,1293,1796,1413,1621.13,1353.07,350.89,119.91,0.8751
Vid1_0324.png,3,981,1018,1230,1118,1106.03,1068.22,248.54,99.72,0.8797
Vid1_0325.png,1,729,1066,1041,1186,885.37,1126.68,312.74,120.32,0.8958
Vid1_0325.png,2,1477,1299,1801,1414,1639.34,1356.71,324.39,115.27,0.8967
Vid1_0325.png,3,946,1009,1197,1113,1072.12,1061.49,250.95,103.13,0.8795
Vid1_0326.png,1,725,1069,1038,1189,881.68,1129.41,313.2,119.7,0.9019
Vid1_0326.png,2,1482,1300,1801,1412,1641.91,1356.72,319.41,112.24,0.8928
Vid1_0326.png,3,937,1007,1185,1111,1061.43,1059.58,248.81,104.62,0.8799
Vid1_0327.png,1,709,1084,1023,1202,866.45,1143.44,313.14,118.54,0.8909
Vid1_0327.png,2,1483,1306,1809,1413,1646.42,1359.91,326.35,107.44,0.8728
Vid1_0327.png,3,904,998,1159,1102,1032.03,1050.44,255.2,103.97,0.8929
Vid1_0328.png,1,691,1098,1003,1214,847.36,1156.34,311.9,115.66,0.8963
Vid1_0328.png,2,1489,1312,1825,1418,1657.5,1365.49,335.19,105.48,0.8719
Vid1_0328.png,3,872,992,1130,1094,1001.84,1043.1,257.85,102.15,0.8922
Vid1_0329.png,1,687,1102,995,1217,841.93,1159.84,307.88,114.46,0.9008
Vid1_0329.png,2,1489,1313,1828,1419,1659.31,1366.66,338.65,105.67,0.8738
Vid1_0329.png,3,863,990,1122,1090,993.3,1040.66,259.12,100.38,0.892
Vid1_0330.png,1,666,1117,975,1220,820.96,1168.9,308.69,103.56,0.8809
Vid1_0330.png,2,1504,1319,1833,1425,1668.64,1372.52,328.96,105.28,0.8773
Vid1_0330.png,3,839,986,1095,1088,967.55,1037.41,256.75,102.41,0.8879
Vid1_0331.png,1,645,1131,959,1232,802.42,1182.04,314.27,101.26,0.896
Vid1_0331.png,2,1552,1323,1814,1433,1683.28,1378.86,261.63,110.26,0.898
Vid1_0331.png,3,815,981,1071,1088,943.45,1034.7,255.57,106.75,0.8888
Vid1_0332.png,1,636,1137,953,1237,794.95,1187.08,316.42,100.06,0.896
Vid1_0332.png,2,1576,1325,1802,1437,1689.65,1381.47,225.47,111.07,0.8916
Vid1_0332.png,3,806,979,1061,1089,933.98,1034.82,255.51,110.23,0.8874
Vid1_0333.png,1,622,1150,938,1249,780.27,1200.37,316.39,99.15,0.8804
Vid1_0333.png,2,1611,1328,1790,1436,1701.01,1382.48,178.56,107.74,0.8664
Vid1_0333.png,3,790,976,1044,1091,917.68,1034.45,254.61,115.08,0.8744
Vid1_0334.png,1,605,1165,919,1264,762.6,1215.27,313.37,99.23,0.9033
Vid1_0334.png,2,1622,1325,1822,1428,1722.59,1377.21,200.68,103.52,0.8413
Vid1_0334.png,3,778,975,1031,1095,904.91,1035.35,253.12,119.7,0.8878
Vid1_0335.png,1,594,1179,908,1279,751.37,1229.63,313.97,100.45,0.8881
Vid1_0335.png,2,1603,1322,1841,1424,1722.37,1373.76,238.59,102.35,0.8548
Vid1_0335.png,3,763,974,1016,1100,890.13,1037.31,252.72,125.5,0.88
Vid1_0336.png,1,582,1193,899,1295,741.02,1244.68,317.84,102.28,0.9083
Vid1_0336.png,2,1574,1325,1868,1423,1721.32,1374.08,293.94,98.04,0.8678
Vid1_0336.png,3,738,972,973,1082,856.03,1027.62,235.6,109.4,0.8576
Vid1_0337.png,1,577,1199,895,1302,736.72,1250.92,318.21,103.53,0.9055
Vid1_0337.png,2,1557,1326,1879,1422,1718.53,1374.76,321.71,96.13,0.8656
Vid1_0337.png,3,726,972,958,1076,842.45,1024.51,232.71,104.21,0.8594
Vid1_0338.png,1,564,1219,880,1324,722.24,1271.94,315.76,105.5,0.8943
Vid1_0338.png,2,1513,1334,1861,1425,1687.82,1380.19,347.74,91.23,0.8663
Vid1_0338.png,3,682,965,935,1053,809.48,1009.91,252.95,88.1,0.8736
Vid1_0339.png,1,556,1232,871,1341,713.92,1287.04,314.65,108.49,0.9055
Vid1_0339.png,2,1480,1338,1838,1432,1659.41,1385.68,357.96,94.31,0.8825
Vid1_0339.png,3,652,962,912,1043,782.45,1003.26,260.12,80.8,0.881
Vid1_0340.png,1,547,1247,865,1355,706.63,1301.63,317.38,108.46,0.8913
Vid1_0340.png,2,1450,1340,1809,1436,1629.63,1388.71,359.24,96.36,0.877
Vid1_0340.png,3,626,961,887,1039,756.85,1000.59,261.7,78.1,0.8779
Vid1_0341.png,1,540,1261,852,1370,696.47,1316.07,312.39,109.56,0.9142
Vid1_0341.png,2,1423,1342,1781,1441,1602.26,1391.95,357.93,98.91,0.8786
Vid1_0341.png,3,603,960,866,1038,734.75,999.73,262.84,78.12,0.8784
Vid1_0342.png,1,530,1273,836,1382,683.72,1328.09,306.15,109.15,0.9077
Vid1_0342.png,2,1399,1344,1755,1448,1577.57,1396.96,355.95,103.97,0.8871
Vid1_0342.png,3,581,960,846,1040,713.92,1000.46,264.58,80.61,0.8869
Vid1_0343.png,1,518,1286,826,1395,672.1,1340.51,307.87,108.99,0.8975
Vid1_0343.png,2,1375,1349,1733,1454,1554.78,1402.12,357.66,105.34,0.8861
Vid1_0343.png,3,564,961,828,1043,696.49,1002.42,264.54,81.87,0.8768
Vid1_0344.png,1,509,1294,814,1407,662.41,1351.19,305.14,112.69,0.8983
Vid1_0344.png,2,1357,1352,1713,1457,1535.33,1405.22,355.87,105.55,0.8861
Vid1_0344.png,3,548,962,815,1045,681.86,1004.31,267.2,83.06,0.8784
Vid1_0345.png,1,522,1302,785,1417,653.87,1359.97,262.78,115.19,0.9002
Vid1_0345.png,2,1339,1356,1692,1464,1515.91,1410.72,353.22,107.65,0.8818
Vid1_0345.png,3,533,965,801,1050,667.45,1008.05,267.41,85.72,0.881
Vid1_0346.png,1,529,1308,748,1425,639.07,1366.93,218.33,116.42,0.8906
Vid1_0346.png,2,1322,1360,1674,1473,1498.58,1417.03,351.58,112.26,0.8881
Vid1_0346.png,3,519,970,787,1055,653.47,1013.04,268.21,85.59,0.8656
Vid1_0347.png,1,533,1310,739,1427,636.17,1369.08,206.11,117.67,0.8915
Vid1_0347.png,2,1317,1361,1669,1475,1493.33,1418.52,351.41,113.4,0.8926
Vid1_0347.png,3,516,972,784,1056,650.15,1014.6,267.89,84.7,0.8665
Vid1_0348.png,1,529,1314,717,1441,623.64,1377.83,188.13,127.53,0.8978
Vid1_0348.png,2,1299,1363,1650,1479,1475.23,1421.8,351.02,115.9,0.902
Vid1_0348.png,3,506,970,741,1062,624.07,1016.6,234.63,91.55,0.8845
Vid1_0349.png,1,511,1323,685,1445,598.8,1384.64,174.04,122.54,0.8634
Vid1_0349.png,2,1280,1367,1627,1477,1454.07,1422.61,346.64,110.17,0.8942
Vid1_0349.png,3,473,966,687,1073,580.24,1020.2,213.78,107.33,0.8672
Vid1_0350.png,1,503,1327,680,1448,591.65,1387.8,176.8,121.22,0.8637
Vid1_0350.png,2,1273,1369,1618,1475,1445.64,1422.27,345.09,106.25,0.8928
Vid1_0350.png,3,457,967,662,1079,560.23,1023.58,205.32,112.8,0.8596
Vid1_0351.png,1,472,1329,702,1448,587.44,1389.08,229.33,119.01,0.8918
Vid1_0351.png,2,1255,1369,1600,1473,1427.86,1421.19,344.45,104.04,0.8986
Vid1_0351.png,3,422,970,653,1102,538.13,1036.95,230.61,132.0,0.8859
Vid1_0352.png,1,452,1330,725,1448,588.77,1389.47,273.22,117.39,0.9014
Vid1_0352.png,2,1235,1369,1582,1476,1408.72,1422.81,346.98,107.5,0.8967
Vid1_0352.png,3,388,975,625,1125,507.0,1050.45,237.68,149.3,0.8845
Vid1_0353.png,1,450,1332,749,1451,599.97,1392.08,298.45,119.36,0.9015
Vid1_0353.png,2,1219,1369,1568,1481,1393.78,1425.65,348.84,112.1,0.9041
Vid1_0353.png,3,361,988,603,1142,482.22,1065.88,242.07,153.77,0.8962
Vid1_0354.png,1,459,1337,767,1456,613.38,1396.95,308.44,119.8,0.8968
Vid1_0354.png,2,1207,1371,1557,1485,1382.26,1428.37,350.33,114.74,0.8977
Vid1_0354.png,3,344,1001,586,1158,465.44,1079.64,242.39,157.02,0.8949
Vid1_0355.png,1,472,1342,785,1463,628.84,1403.32,312.81,120.99,0.8967
Vid1_0355.png,2,1192,1373,1545,1490,1369.43,1431.91,353.05,116.51,0.8978
Vid1_0355.png,3,328,1016,571,1168,449.87,1092.52,242.35,152.33,0.8884
Vid1_0356.png,1,486,1350,798,1470,642.48,1410.32,312.5,120.5,0.8945
Vid1_0356.png,2,1182,1376,1530,1496,1356.37,1436.17,348.08,119.71,0.9048
Vid1_0356.png,3,313,1030,554,1181,434.14,1105.96,241.38,150.63,0.8905
Vid1_0357.png,1,498,1356,809,1478,653.93,1417.77,310.14,121.69,0.884
Vid1_0357.png,2,1170,1380,1518,1503,1344.68,1442.14,347.39,123.33,0.9085
Vid1_0357.png,3,297,1052,542,1193,420.0,1123.07,244.89,141.78,0.8939
Vid1_0358.png,1,516,1362,819,1485,667.92,1423.61,303.55,123.08,0.9025
Vid1_0358.png,2,1158,1384,1513,1504,1335.93,1444.24,354.95,120.24,0.8923
Vid1_0358.png,3,274,1068,519,1204,397.1,1136.74,244.97,136.28,0.8853
Vid1_0359.png,1,539,1362,834,1494,687.03,1428.7,295.0,131.66,0.9139
Vid1_0359.png,2,1149,1386,1498,1501,1324.05,1444.13,349.88,114.6,0.8921
Vid1_0359.png,3,251,1092,505,1217,378.42,1154.71,253.84,124.95,0.8875
Vid1_0360.png,1,569,1358,858,1494,713.78,1426.53,288.9,136.82,0.9071
Vid1_0360.png,2,1138,1391,1491,1500,1314.61,1446.01,353.17,108.51,0.8857
Vid1_0360.png,3,230,1106,482,1229,356.33,1167.73,251.9,123.44,0.8946
Vid1_0361.png,1,576,1357,864,1494,720.72,1425.93,287.54,137.47,0.9033
Vid1_0361.png,2,1136,1393,1488,1500,1312.77,1446.73,352.31,106.99,0.8843
Vid1_0361.png,3,225,1109,479,1232,352.29,1171.31,253.47,122.81,0.8925
Vid1_0362.png,1,606,1344,890,1497,748.54,1420.9,284.42,153.11,0.9179
Vid1_0362.png,2,1124,1396,1475,1497,1299.93,1447.23,350.7,101.37,0.8835
Vid1_0362.png,3,210,1128,440,1253,325.54,1191.09,230.65,124.69,0.8875
Vid1_0363.png,1,644,1329,930,1488,787.42,1409.01,285.73,158.11,0.9141
Vid1_0363.png,2,1114,1400,1465,1502,1290.03,1451.5,351.76,101.09,0.9046
Vid1_0363.png,3,189,1128,404,1274,297.07,1201.5,215.05,145.94,0.8807
Vid1_0364.png,1,674,1321,954,1481,814.75,1401.26,280.07,160.38,0.9085
Vid1_0364.png,2,1106,1402,1460,1502,1283.54,1452.46,354.69,100.71,0.897
Vid1_0364.png,3,195,1149,355,1281,275.43,1215.59,160.85,131.79,0.8431
Vid1_0365.png,1,693,1314,981,1478,837.63,1396.35,288.47,164.2,0.9224
Vid1_0365.png,2,1096,1404,1448,1503,1272.85,1453.75,352.07,98.67,0.892
Vid1_0365.png,3,193,1180,315,1296,254.16,1238.6,122.1,115.26,0.8064
Vid1_0366.png,1,710,1310,1003,1474,857.18,1392.53,293.1,163.66,0.9173
Vid1_0366.png,2,1087,1406,1441,1500,1264.42,1453.52,353.67,93.44,0.8816
Vid1_0366.png,3,175,1192,322,1311,248.91,1251.92,147.31,118.52,0.8651
Vid1_0367.png,1,719,1309,1013,1472,866.75,1391.03,294.03,163.89,0.9155
Vid1_0367.png,2,1083,1407,1437,1498,1260.66,1453.21,354.1,91.28,0.8834
Vid1_0367.png,3,167,1196,323,1318,245.7,1257.15,155.92,121.91,0.8658
Vid1_0368.png,1,738,1307,1019,1470,878.88,1389.09,280.56,162.45,0.9159
Vid1_0368.png,2,1078,1407,1432,1500,1255.74,1454.06,353.49,93.83,0.8922
Vid1_0368.png,3,183,1215,374,1327,279.28,1271.59,191.2,111.75,0.8578
Vid1_0369.png,1,787,1296,1046,1452,916.54,1374.62,259.07,156.22,0.8966
Vid1_0369.png,2,1071,1405,1424,1500,1248.31,1453.19,352.9,95.54,0.8913
Vid1_0369.png,3,208,1242,432,1343,320.69,1293.12,224.55,100.62,0.8706
Vid1_0370.png,1,836,1283,1081,1430,958.79,1357.08,245.03,146.8,0.898
Vid1_0370.png,2,1067,1405,1420,1501,1243.85,1453.44,352.76,95.82,0.8885
Vid1_0370.png,3,247,1257,480,1355,364.39,1306.16,233.11,98.0,0.8693
Vid1_0371.png,1,861,1273,1110,1420,985.78,1346.58,249.56,146.86,0.9112
Vid1_0371.png,2,1063,1405,1417,1498,1240.94,1451.84,354.02,92.64,0.8791
Vid1_0371.png,3,304,1257,526,1365,415.18,1311.69,221.75,107.54,0.8585
Vid1_0372.png,1,872,1264,1137,1411,1004.98,1337.82,264.89,146.63,0.9077
Vid1_0372.png,2,1061,1404,1412,1496,1237.05,1450.89,351.89,91.88,0.8735
Vid1_0372.png,3,333,1278,580,1374,457.34,1326.39,247.06,95.46,0.8636
Vid1_0373.png,1,885,1258,1161,1405,1023.44,1332.07,275.76,146.79,0.899
Vid1_0373.png,2,1057,1404,1411,1497,1234.16,1451.32,354.3,93.21,0.8799
Vid1_0373.png,3,368,1298,624,1381,496.48,1339.79,255.89,82.55,0.85
Vid1_0374.png,1,897,1256,1181,1402,1039.69,1329.53,283.57,146.93,0.9007
Vid1_0374.png,2,1052,1405,1406,1498,1229.34,1451.75,353.84,93.3,0.8784
Vid1_0374.png,3,432,1308,700,1384,566.83,1346.37,267.76,76.34,0.8593
Vid1_0375.png,1,919,1253,1202,1403,1060.92,1328.45,283.44,149.22,0.9012
Vid1_0375.png,2,1049,1404,1401,1498,1225.68,1451.44,351.58,94.19,0.879
Vid1_0375.png,3,500,1313,769,1387,635.0,1350.54,269.84,74.27,0.8598
Vid1_0376.png,1,958,1250,1228,1399,1093.37,1324.76,269.82,148.93,0.9127
Vid1_0376.png,2,1046,1406,1398,1499,1222.53,1453.05,351.24,93.38,0.8715
Vid1_0376.png,3,558,1313,831,1389,694.85,1351.24,272.95,76.15,0.8671
Vid1_0377.png,1,967,1247,1255,1396,1111.22,1321.69,287.65,148.62,0.8998
Vid1_0377.png,2,1044,1408,1396,1500,1220.28,1454.51,351.8,92.41,0.867
Vid1_0377.png,3,609,1314,885,1391,747.8,1352.85,276.32,76.92,0.8485
Vid1_0378.png,1,978,1241,1278,1394,1128.31,1318.31,300.5,152.99,0.9133
Vid1_0378.png,2,1038,1411,1390,1503,1214.52,1457.68,352.03,91.64,0.8688
Vid1_0378.png,3,654,1316,931,1396,793.22,1356.51,276.71,80.68,0.8504
Vid1_0379.png,1,980,1239,1285,1394,1132.97,1317.28,305.15,155.04,0.9155
Vid1_0379.png,2,1036,1412,1389,1503,1212.86,1458.28,352.27,90.78,0.8706
Vid1_0379.png,3,668,1315,945,1397,806.72,1356.39,277.18,81.83,0.8479
Vid1_0380.png,1,1001,1238,1308,1395,1154.79,1316.96,307.25,156.49,0.9173
Vid1_0380.png,2,1030,1416,1385,1508,1207.84,1462.35,355.17,91.52,0.871
Vid1_0380.png,3,711,1318,984,1405,847.66,1361.87,272.91,86.63,0.851
Vid1_0381.png,1,1013,1239,1321,1397,1167.33,1318.3,308.15,158.24,0.9218
Vid1_0381.png,2,1026,1418,1382,1507,1204.49,1463.03,355.9,89.63,0.8708
Vid1_0381.png,3,741,1320,1007,1411,874.21,1365.9,266.35,90.44,0.846
Vid1_0382.png,1,1026,1238,1330,1397,1178.31,1317.63,304.31,159.06,0.9212
Vid1_0382.png,2,1024,1419,1376,1506,1200.36,1463.26,351.73,86.92,0.8659
Vid1_0382.png,3,770,1324,1029,1413,900.01,1368.9,259.42,89.54,0.8471
Vid1_0383.png,1,1070,1228,1361,1400,1215.92,1314.72,290.22,172.16,0.9122
Vid1_0383.png,2,1014,1422,1370,1508,1192.52,1465.13,355.16,85.8,0.8669
Vid1_0383.png,3,813,1330,1085,1416,949.46,1373.39,272.34,85.73,0.8506
Vid1_0384.png,1,1099,1217,1391,1401,1245.82,1309.44,292.03,184.4,0.9227
Vid1_0384.png,2,1009,1425,1362,1508,1185.96,1467.05,353.88,83.83,0.8691
Vid1_0384.png,3,851,1332,1121,1417,986.48,1375.0,269.61,85.2,0.8499
Vid1_0385.png,1,1109,1214,1399,1402,1254.42,1308.68,290.09,187.84,0.9158
Vid1_0385.png,2,1007,1425,1360,1509,1184.31,1467.67,353.21,83.34,0.8702
Vid1_0385.png,3,861,1333,1131,1417,996.55,1375.47,270.56,84.81,0.8511
Vid1_0386.png,1,1127,1208,1417,1394,1272.45,1301.52,290.08,186.5,0.9123
Vid1_0386.png,2,1001,1426,1361,1510,1181.48,1468.76,359.99,83.89,0.8745
Vid1_0386.png,3,878,1331,1149,1419,1013.63,1375.85,271.27,87.86,0.8617
Vid1_0387.png,1,1161,1199,1451,1385,1306.19,1292.08,290.28,186.12,0.9175
Vid1_0387.png,2,994,1426,1351,1511,1173.14,1469.1,356.37,84.21,0.8696
Vid1_0387.png,3,912,1336,1176,1427,1044.63,1382.01,264.13,91.69,0.8804
Vid1_0388.png,1,1196,1189,1478,1377,1337.59,1283.37,282.21,187.6,0.9123
Vid1_0388.png,2,987,1427,1343,1510,1165.63,1469.18,355.41,82.73,0.8492
Vid1_0388.png,3,948,1341,1212,1438,1080.34,1389.87,264.62,96.32,0.8631
Vid1_0389.png,1,1215,1181,1495,1368,1355.15,1275.04,280.07,186.42,0.9174
Vid1_0389.png,2,982,1427,1332,1508,1157.19,1467.74,350.38,81.22,0.8374
Vid1_0389.png,3,975,1346,1242,1442,1108.7,1394.51,266.77,95.63,0.8329
Vid1_0390.png,1,1239,1171,1521,1357,1380.22,1264.34,282.41,185.51,0.9158
Vid1_0390.png,2,977,1425,1314,1505,1145.95,1465.89,337.0,80.19,0.8448
Vid1_0390.png,3,988,1351,1262,1443,1125.53,1397.39,273.9,91.28,0.8071
Vid1_0391.png,1,1265,1162,1546,1350,1405.94,1256.52,281.13,188.34,0.9122
Vid1_0391.png,2,965,1422,1303,1504,1134.66,1463.39,338.07,81.98,0.8297
Vid1_0391.png,3,1011,1352,1290,1444,1151.37,1398.39,278.92,92.33,0.7949
Vid1_0392.png,1,1281,1154,1572,1343,1427.13,1249.12,290.5,189.48,0.9082
Vid1_0392.png,2,955,1419,1297,1502,1126.39,1461.16,341.9,82.42,0.8193
Vid1_0392.png,3,1043,1357,1307,1443,1175.5,1400.46,264.26,85.46,0.7942
Vid1_0393.png,1,1300,1148,1595,1336,1447.83,1242.32,294.37,187.85,0.9098
Vid1_0393.png,2,944,1418,1289,1501,1117.38,1460.19,345.14,82.46,0.8078
Vid1_0393.png,3,1056,1359,1325,1441,1190.61,1400.86,269.14,81.88,0.802
Vid1_0394.png,1,1318,1145,1609,1332,1463.95,1239.14,290.36,186.53,0.9135
Vid1_0394.png,2,933,1418,1274,1501,1104.14,1459.74,340.84,83.21,0.8288
Vid1_0394.png,3,1069,1358,1343,1440,1206.6,1399.41,273.3,81.73,0.8046
Vid1_0395.png,1,1327,1144,1620,1323,1473.86,1234.11,293.38,179.15,0.915
Vid1_0395.png,2,925,1419,1268,1501,1097.14,1460.22,343.09,82.05,0.8275
Vid1_0395.png,3,1089,1355,1356,1441,1223.15,1398.84,266.56,86.19,0.8219
Vid1_0396.png,1,1348,1137,1634,1321,1491.59,1229.44,286.66,183.47,0.9233
Vid1_0396.png,2,912,1420,1258,1501,1085.51,1460.87,345.7,80.97,0.8518
Vid1_0396.png,3,1115,1357,1385,1443,1250.75,1400.69,269.67,85.59,0.8508
Vid1_0397.png,1,1356,1134,1640,1320,1498.82,1227.25,284.32,186.1,0.9262
Vid1_0397.png,2,906,1420,1252,1501,1079.89,1461.07,345.89,81.06,0.8508
Vid1_0397.png,3,1125,1358,1398,1443,1261.91,1401.35,272.22,85.15,0.8481
Vid1_0398.png,1,1374,1128,1652,1316,1513.49,1222.53,277.94,187.3,0.9077
Vid1_0398.png,2,898,1420,1245,1502,1072.17,1461.64,347.05,82.71,0.8537
Vid1_0398.png,3,1139,1359,1414,1443,1276.86,1401.66,274.83,84.6,0.8266
Vid1_0399.png,1,1400,1112,1682,1309,1541.35,1210.95,282.41,197.33,0.913
Vid1_0399.png,2,878,1422,1228,1502,1053.5,1462.18,350.63,79.78,0.8503
Vid1_0399.png,3,1170,1357,1447,1441,1308.85,1399.6,276.9,84.2,0.8503
Vid1_0400.png,1,1424,1103,1703,1304,1563.99,1204.21,279.55,201.11,0.9195
Vid1_0400.png,2,863,1422,1215,1502,1039.74,1462.59,352.3,80.62,0.8546
Vid1_0400.png,3,1197,1353,1466,1439,1331.99,1396.03,268.19,85.99,0.8624
Vid1_0401.png,1,1434,1100,1715,1296,1575.12,1198.53,281.18,196.5,0.9238
Vid1_0401.png,2,849,1422,1204,1502,1026.94,1462.46,354.39,79.79,0.8485
Vid1_0401.png,3,1232,1339,1488,1445,1360.62,1392.51,256.58,106.64,0.8927
Vid1_0402.png,1,1451,1097,1728,1292,1590.11,1194.8,276.69,194.62,0.9144
Vid1_0402.png,2,841,1423,1194,1501,1017.78,1462.5,353.34,78.51,0.8476
Vid1_0402.png,3,1271,1320,1521,1445,1396.43,1383.0,249.52,124.9,0.8913
Vid1_0403.png,1,1453,1095,1737,1288,1595.66,1191.85,284.2,193.36,0.9096
Vid1_0403.png,2,831,1423,1188,1501,1010.26,1462.46,357.4,77.84,0.8467
Vid1_0403.png,3,1297,1297,1555,1434,1426.55,1366.11,258.23,136.68,0.9004
Vid1_0404.png,1,1453,1094,1738,1286,1596.27,1190.73,284.82,192.44,0.9072
Vid1_0404.png,2,829,1423,1188,1501,1008.9,1462.73,358.33,77.89,0.8504
Vid1_0404.png,3,1302,1291,1564,1434,1433.29,1363.0,261.98,143.58,0.896
Vid1_0405.png,1,1471,1092,1758,1277,1615.2,1185.16,286.69,184.85,0.9069
Vid1_0405.png,2,819,1425,1178,1501,999.2,1463.14,358.64,75.78,0.8381
Vid1_0405.png,3,1338,1271,1598,1413,1468.57,1342.34,259.75,141.35,0.9109
Vid1_0406.png,1,1488,1089,1777,1269,1632.75,1179.46,289.05,180.04,0.9073
Vid1_0406.png,2,811,1426,1168,1500,990.19,1463.8,357.14,73.67,0.8366
Vid1_0406.png,3,1373,1253,1630,1392,1502.32,1322.99,257.13,139.71,0.8942
Vid1_0407.png,1,1504,1087,1790,1266,1647.52,1177.11,286.95,178.29,0.899
Vid1_0407.png,2,805,1427,1163,1500,984.57,1464.08,358.84,73.05,0.8373
Vid1_0407.png,3,1394,1240,1656,1376,1525.83,1308.58,262.28,136.16,0.9109
Vid1_0408.png,1,1514,1087,1803,1262,1658.6,1175.04,289.16,174.55,0.8972
Vid1_0408.png,2,800,1427,1156,1499,978.44,1463.64,356.7,72.02,0.839
Vid1_0408.png,3,1414,1231,1678,1363,1546.06,1297.5,264.1,132.29,0.8949
Vid1_0409.png,1,1526,1087,1808,1261,1667.33,1174.28,282.19,173.82,0.8939
Vid1_0409.png,2,795,1427,1148,1499,971.89,1463.11,353.29,71.83,0.8324
Vid1_0409.png,3,1430,1221,1696,1355,1563.72,1288.61,266.3,134.49,0.8825
Vid1_0410.png,1,1536,1086,1813,1262,1675.15,1174.29,276.41,175.86,0.8838
Vid1_0410.png,2,791,1425,1141,1497,966.67,1461.91,349.96,71.9,0.8297
Vid1_0410.png,3,1453,1213,1712,1347,1583.01,1280.26,259.56,134.15,0.8752
Vid1_0411.png,1,1545,1085,1818,1259,1682.22,1172.75,273.0,173.5,0.8782
Vid1_0411.png,2,786,1424,1140,1497,963.85,1461.1,353.85,72.52,0.8345
Vid1_0411.png,3,1476,1206,1726,1339,1601.55,1272.97,250.49,133.89,0.8513
Vid1_0412.png,1,1554,1083,1819,1260,1686.79,1172.08,264.71,176.29,0.8724
Vid1_0412.png,2,784,1425,1137,1497,960.69,1461.36,353.12,72.71,0.8201
Vid1_0412.png,3,1486,1197,1743,1336,1614.76,1267.13,256.91,138.29,0.8443
Vid1_0413.png,1,1557,1084,1821,1261,1689.33,1172.74,263.4,177.26,0.8768
Vid1_0413.png,2,781,1426,1136,1498,958.85,1462.26,354.52,72.46,0.8345
Vid1_0413.png,3,1487,1195,1747,1333,1617.47,1264.21,259.83,137.75,0.8382
Vid1_0414.png,1,1580,1082,1807,1253,1694.0,1167.91,226.81,170.47,0.8461
Vid1_0414.png,2,777,1426,1129,1497,953.34,1461.97,351.67,71.73,0.8316
Vid1_0414.png,3,1513,1188,1770,1322,1642.02,1255.07,256.96,133.91,0.819
Vid1_0415.png,1,1608,1080,1803,1250,1706.08,1165.29,195.82,169.82,0.8183
Vid1_0415.png,2,773,1425,1127,1497,950.25,1461.35,353.55,71.86,0.8357
Vid1_0415.png,3,1535,1178,1797,1311,1666.54,1244.94,262.38,132.3,0.7455
Vid1_0416.png,1,1622,1077,1803,1244,1713.07,1161.4,181.8,166.95,0.6678
Vid1_0416.png,2,771,1424,1125,1497,948.5,1461.22,353.55,72.8,0.8397
Vid1_0416.png,3,1555,1173,1819,1303,1687.51,1238.6,263.72,129.94,0.7577
Vid1_0417.png,1,1642,1076,1801,1244,1721.72,1160.44,158.75,168.45,0.7694
Vid1_0417.png,2,769,1425,1120,1496,945.0,1461.28,351.73,71.18,0.8313
Vid1_0417.png,3,1569,1170,1835,1296,1702.87,1233.68,266.08,125.52,0.8338
Vid1_0418.png,1,1665,1077,1792,1238,1728.72,1157.76,126.89,161.36,0.7104
Vid1_0418.png,2,764,1425,1118,1497,941.82,1461.63,354.01,71.31,0.8395
Vid1_0418.png,3,1583,1169,1851,1292,1717.5,1230.98,267.14,123.91,0.733
Vid1_0419.png,1,1672,1077,1788,1237,1730.58,1157.45,116.61,160.67,0.6951
Vid1_0419.png,2,763,1425,1118,1497,940.98,1461.56,355.44,71.46,0.839
Vid1_0419.png,3,1591,1168,1857,1291,1724.46,1230.41,265.81,123.08,0.6741
Vid1_0420.png,1,1708,1073,1786,1226,1747.68,1149.96,77.84,153.65,0.4922
Vid1_0420.png,2,761,1426,1116,1497,939.08,1462.01,355.84,71.66,0.842
Vid1_0420.png,3,1601,1168,1866,1287,1733.97,1228.42,265.47,119.01,0.7721
Vid1_0421.png,1,1701,1070,1789,1223,1745.45,1146.99,88.58,152.04,0.5519
Vid1_0421.png,2,758,1426,1111,1497,934.84,1462.06,352.5,71.38,0.832
Vid1_0421.png,3,1625,1162,1877,1279,1751.33,1221.01,251.53,116.23,0.8011
Vid1_0422.png,2,755,1426,1107,1497,931.18,1462.06,352.17,71.57,0.8282
Vid1_0422.png,3,1647,1107,1867,1260,1757.51,1183.66,219.15,152.87,0.8539
Vid1_0423.png,2,753,1426,1105,1498,929.78,1462.11,351.95,71.88,0.8355
Vid1_0423.png,3,1652,1089,1865,1252,1758.94,1171.04,213.4,163.9,0.865
Vid1_0424.png,2,752,1425,1100,1498,926.3,1462.06,348.18,72.15,0.8369
Vid1_0424.png,3,1635,1080,1874,1245,1754.94,1163.12,239.1,164.77,0.8894
Vid1_0425.png,2,749,1426,1094,1498,922.09,1462.27,344.29,71.9,0.8362
Vid1_0425.png,3,1614,1080,1879,1233,1747.0,1156.92,264.41,153.69,0.911
Vid1_0426.png,2,746,1426,1092,1498,919.62,1462.17,346.67,72.07,0.8398
Vid1_0426.png,3,1597,1085,1878,1231,1737.67,1158.34,281.18,145.74,0.8969
Vid1_0426.png,4,1811,1063,1882,1223,1847.12,1143.59,70.67,159.44,0.4507
Vid1_0427.png,2,741,1426,1091,1497,916.49,1462.15,349.29,71.4,0.8384
Vid1_0427.png,3,1582,1091,1870,1232,1726.83,1162.2,288.18,141.29,0.8979
Vid1_0427.png,4,1813,1060,1898,1221,1856.22,1140.85,85.5,161.14,0.6642
Vid1_0428.png,2,738,1426,1086,1498,912.44,1462.34,347.2,72.1,0.8401
Vid1_0428.png,3,1570,1096,1855,1238,1713.15,1167.42,284.61,141.36,0.9035
Vid1_0428.png,4,1811,1054,1894,1194,1853.16,1124.89,82.89,139.95,0.6994
Vid1_0429.png,2,734,1425,1073,1498,904.0,1461.68,338.91,72.93,0.8406
Vid1_0429.png,3,1555,1100,1834,1245,1695.42,1173.01,279.03,144.56,0.9043
Vid1_0429.png,4,1810,1050,1888,1186,1849.41,1118.18,78.74,136.25,0.6899
Vid1_0430.png,2,728,1425,1065,1497,896.99,1461.81,337.6,72.02,0.841
Vid1_0430.png,3,1540,1103,1829,1250,1685.18,1176.85,289.17,146.58,0.9084
Vid1_0430.png,4,1806,1046,1882,1182,1844.7,1114.15,76.15,135.93,0.6251
Vid1_0431.png,2,720,1425,1060,1498,890.71,1461.67,340.14,73.08,0.8423
Vid1_0431.png,3,1527,1104,1815,1258,1671.54,1181.41,288.37,153.27,0.9165
Vid1_0431.png,4,1797,1043,1880,1174,1838.75,1108.76,83.15,130.57,0.7101
Vid1_0432.png,2,710,1424,1052,1498,881.88,1461.39,341.77,73.76,0.8351
Vid1_0432.png,3,1509,1105,1801,1262,1655.13,1183.77,291.99,156.92,0.9206
Vid1_0432.png,4,1757,1036,1887,1146,1822.29,1091.79,129.74,109.61,0.8529
Vid1_0433.png,2,702,1424,1041,1498,872.26,1461.77,338.88,73.87,0.8373
Vid1_0433.png,3,1491,1105,1788,1258,1639.83,1181.74,296.69,153.32,0.9104
Vid1_0433.png,4,1725,1024,1904,1127,1814.86,1076.0,179.25,103.69,0.8825
Vid1_0434.png,2,694,1425,1035,1499,864.63,1462.67,340.76,73.43,0.8375
Vid1_0434.png,3,1479,1105,1770,1260,1625.33,1182.81,291.18,155.15,0.9187
Vid1_0434.png,4,1701,1017,1911,1116,1806.18,1066.6,210.16,99.18,0.87
Vid1_0435.png,2,688,1426,1030,1499,859.7,1462.96,341.89,73.63,0.8381
Vid1_0435.png,3,1462,1106,1761,1263,1611.82,1184.78,298.52,157.27,0.9179
Vid1_0435.png,4,1667,1003,1903,1104,1785.77,1054.24,236.21,100.78,0.8854
Vid1_0436.png,2,682,1424,1019,1499,850.63,1461.83,337.22,75.4,0.8401
Vid1_0436.png,3,1449,1107,1747,1265,1598.68,1186.6,297.6,158.61,0.917
Vid1_0436.png,4,1638,994,1894,1090,1766.56,1042.78,255.65,96.02,0.89
Vid1_0437.png,2,675,1422,1005,1498,840.5,1460.45,330.46,75.51,0.8389
Vid1_0437.png,3,1441,1106,1734,1265,1587.92,1186.33,293.67,158.73,0.9149
Vid1_0437.png,4,1615,989,1877,1079,1746.38,1034.54,262.07,90.34,0.8871
Vid1_0438.png,2,670,1421,1004,1498,837.26,1459.92,334.12,76.78,0.835
Vid1_0438.png,3,1430,1104,1716,1270,1573.43,1187.41,286.62,165.83,0.9283
Vid1_0438.png,4,1593,984,1857,1074,1725.18,1029.25,263.68,90.0,0.8795
Vid1_0439.png,2,663,1421,1002,1498,833.21,1460.36,338.5,77.23,0.8398
Vid1_0439.png,3,1412,1100,1697,1270,1554.75,1185.63,284.76,169.57,0.9245
Vid1_0439.png,4,1569,978,1826,1075,1698.31,1026.6,256.64,96.97,0.8832
Vid1_0440.png,2,659,1422,1004,1500,832.05,1461.5,345.15,77.48,0.8395
Vid1_0440.png,3,1393,1097,1683,1266,1538.53,1182.07,289.13,169.43,0.9252
Vid1_0440.png,4,1540,975,1794,1057,1667.48,1016.66,253.73,81.87,0.8446
Vid1_0441.png,2,655,1423,994,1500,825.04,1461.83,339.5,77.42,0.8445
Vid1_0441.png,3,1376,1095,1663,1266,1520.25,1181.0,287.06,170.91,0.9245
Vid1_0441.png,4,1508,975,1778,1051,1643.42,1013.18,269.66,75.77,0.8504
Vid1_0442.png,2,652,1422,993,1500,822.99,1461.64,341.15,78.26,0.8453
Vid1_0442.png,3,1360,1097,1653,1264,1507.21,1180.69,293.57,167.17,0.9255
Vid1_0442.png,4,1480,972,1755,1051,1617.6,1012.12,275.02,78.56,0.8641
Vid1_0443.png,2,649,1422,993,1501,821.37,1461.65,343.96,78.77,0.8431
Vid1_0443.png,3,1351,1099,1643,1261,1497.4,1180.45,292.51,162.45,0.9177
Vid1_0443.png,4,1448,972,1712,1052,1580.48,1012.77,264.86,80.08,0.8598
Vid1_0444.png,2,648,1422,993,1500,821.48,1461.79,344.97,78.36,0.8419
Vid1_0444.png,3,1348,1100,1642,1260,1495.59,1180.29,293.77,160.54,0.9214
Vid1_0444.png,4,1440,972,1700,1054,1570.4,1013.5,260.67,82.74,0.8705
Vid1_0445.png,2,647,1421,980,1500,813.93,1461.32,333.83,79.24,0.8443
Vid1_0445.png,3,1339,1102,1621,1256,1480.33,1179.97,282.22,154.01,0.9147
Vid1_0445.png,4,1398,975,1670,1056,1534.05,1015.92,272.1,81.25,0.8613
Vid1_0446.png,2,645,1421,974,1500,809.95,1461.16,329.07,79.2,0.8439
Vid1_0446.png,3,1329,1105,1610,1256,1470.04,1180.94,281.76,150.63,0.9143
Vid1_0446.png,4,1369,976,1641,1060,1505.08,1018.73,271.85,84.01,0.8798
Vid1_0447.png,2,644,1421,977,1500,811.04,1460.94,333.9,79.65,0.8467
Vid1_0447.png,3,1319,1109,1600,1255,1460.06,1182.35,280.84,146.3,0.9095
Vid1_0447.png,4,1340,981,1607,1064,1474.12,1022.79,267.06,82.78,0.8673
Vid1_0448.png,2,641,1420,979,1501,810.53,1460.9,338.62,80.52,0.8465
Vid1_0448.png,3,1299,1115,1577,1258,1438.31,1186.96,278.23,143.67,0.9093
Vid1_0448.png,4,1280,987,1548,1075,1414.44,1031.54,267.3,87.27,0.8938
Vid1_0449.png,2,639,1420,968,1501,803.85,1460.87,328.6,80.27,0.8512
Vid1_0449.png,3,1285,1123,1569,1264,1427.47,1194.16,283.77,140.61,0.915
Vid1_0449.png,4,1229,1000,1502,1083,1366.17,1042.23,272.41,82.53,0.8501
Vid1_0450.png,2,638,1421,971,1501,805.0,1461.08,333.38,79.87,0.8448
Vid1_0450.png,3,1276,1132,1561,1271,1418.95,1202.11,284.21,138.74,0.9064
Vid1_0450.png,4,1184,1011,1463,1090,1324.24,1051.12,278.75,79.63,0.8609
Vid1_0451.png,2,638,1421,975,1500,806.58,1460.91,337.03,79.56,0.8426
Vid1_0451.png,3,1271,1138,1552,1280,1412.2,1209.8,280.84,142.24,0.9092
Vid1_0451.png,4,1151,1016,1428,1096,1289.71,1056.56,277.19,79.76,0.8803
Vid1_0452.png,2,637,1420,977,1500,807.64,1460.93,339.41,79.9,0.8418
Vid1_0452.png,3,1255,1144,1533,1281,1394.33,1212.94,277.91,136.75,0.9033
Vid1_0452.png,4,1120,1023,1395,1102,1257.66,1062.6,274.97,79.16,0.8831
Vid1_0453.png,2,638,1420,978,1501,808.37,1460.99,340.46,80.43,0.8449
Vid1_0453.png,3,1251,1146,1528,1281,1390.28,1213.82,276.56,135.62,0.9016
Vid1_0453.png,4,1112,1024,1386,1104,1249.49,1064.58,274.76,80.04,0.8799
Vid1_0454.png,2,638,1420,967,1501,802.89,1461.08,329.25,80.88,0.855
Vid1_0454.png,3,1236,1149,1501,1284,1369.32,1216.82,264.83,135.5,0.9048
Vid1_0454.png,4,1089,1027,1363,1109,1226.56,1068.86,273.91,82.01,0.8867
Vid1_0455.png,2,638,1420,972,1500,805.68,1460.73,334.61,80.32,0.8437
Vid1_0455.png,3,1214,1154,1495,1292,1354.95,1223.44,281.84,138.48,0.9084
Vid1_0455.png,4,1061,1030,1319,1117,1190.77,1073.97,258.35,86.17,0.8819
Vid1_0456.png,2,638,1419,971,1500,805.28,1460.23,332.76,81.1,0.8478
Vid1_0456.png,3,1192,1162,1483,1301,1337.86,1231.78,290.51,138.49,0.931
Vid1_0456.png,4,1021,1034,1281,1127,1151.39,1080.89,260.34,93.21,0.8821
Vid1_0457.png,2,638,1420,968,1500,803.59,1460.7,329.92,80.47,0.8528
Vid1_0457.png,3,1179,1170,1465,1312,1322.37,1241.61,286.53,141.85,0.9185
Vid1_0457.png,4,991,1038,1248,1134,1119.97,1086.46,257.78,95.52,0.8768
Vid1_0458.png,2,637,1420,972,1501,805.42,1460.94,334.85,80.6,0.8497
Vid1_0458.png,3,1174,1180,1451,1322,1313.29,1251.77,277.11,142.26,0.9121
Vid1_0458.png,4,960,1045,1213,1140,1087.11,1093.08,252.33,94.64,0.8665
Vid1_0459.png,2,639,1418,973,1499,806.37,1459.1,334.4,80.53,0.8484
Vid1_0459.png,3,1160,1188,1432,1330,1296.48,1259.41,272.76,141.74,0.907
Vid1_0459.png,4,931,1058,1183,1145,1057.84,1101.83,252.16,86.65,0.8718
Vid1_0460.png,2,639,1418,972,1498,805.95,1458.67,332.75,79.38,0.8509
Vid1_0460.png,3,1149,1193,1420,1330,1284.87,1262.0,270.7,137.74,0.9125
Vid1_0460.png,4,913,1063,1173,1147,1043.58,1105.75,259.5,84.23,0.8829
Vid1_0461.png,2,639,1418,975,1498,807.41,1458.75,336.12,79.5,0.8493
Vid1_0461.png,3,1134,1200,1399,1329,1266.96,1265.21,264.91,129.33,0.9045
Vid1_0461.png,4,888,1072,1142,1151,1015.88,1112.16,253.78,79.49,0.8459
Vid1_0462.png,2,639,1418,975,1499,807.78,1458.92,335.57,80.37,0.8487
Vid1_0462.png,3,1121,1207,1384,1336,1253.04,1271.95,263.74,128.15,0.9092
Vid1_0462.png,4,874,1069,1120,1152,997.33,1111.38,245.7,83.2,0.8858
Vid1_0463.png,2,639,1418,973,1500,806.58,1459.44,334.48,82.03,0.8598
Vid1_0463.png,3,1109,1217,1379,1346,1244.22,1281.83,270.13,128.55,0.9082
Vid1_0463.png,4,857,1064,1093,1149,975.44,1107.37,236.6,84.86,0.874
Vid1_0464.png,2,638,1418,962,1501,800.57,1459.59,324.77,82.89,0.865
Vid1_0464.png,3,1094,1223,1362,1351,1228.79,1287.44,267.58,127.34,0.9
Vid1_0464.png,4,846,1059,1076,1147,961.28,1103.58,229.54,87.84,0.8714
Vid1_0465.png,2,636,1416,963,1501,800.14,1459.28,326.54,85.22,0.8697
Vid1_0465.png,3,1079,1227,1344,1356,1211.96,1291.85,264.27,128.59,0.9004
Vid1_0465.png,4,857,1051,1016,1138,937.0,1095.4,159.84,87.16,0.7905
Vid1_0466.png,2,635,1416,969,1502,802.25,1459.15,334.04,86.27,0.8607
Vid1_0466.png,3,1064,1230,1347,1369,1205.67,1300.02,283.17,138.91,0.9166
Vid1_0466.png,4,861,1045,966,1136,914.0,1091.32,105.61,91.02,0.8003
Vid1_0467.png,2,634,1415,971,1503,802.81,1459.48,337.6,87.06,0.8617
Vid1_0467.png,3,1052,1232,1349,1379,1200.91,1305.55,297.37,146.96,0.9258
Vid1_0467.png,4,859,1043,961,1138,910.09,1090.85,101.93,95.17,0.8211
Vid1_0468.png,2,633,1416,971,1503,802.86,1459.99,338.24,86.26,0.8572
Vid1_0468.png,3,1033,1234,1332,1385,1182.89,1309.75,298.97,151.08,0.9213
Vid1_0468.png,4,849,1042,969,1143,909.31,1092.95,120.56,100.82,0.835
Vid1_0469.png,2,632,1418,965,1502,799.19,1460.56,332.64,84.56,0.8574
Vid1_0469.png,3,1015,1234,1317,1385,1166.57,1309.92,302.78,150.9,0.9262
Vid1_0469.png,4,837,1033,971,1147,904.49,1090.68,134.41,113.51,0.864
Vid1_0470.png,2,633,1415,964,1503,798.91,1459.55,330.3,87.38,0.8665
Vid1_0470.png,3,1001,1235,1305,1390,1153.6,1313.22,303.68,154.94,0.9264
Vid1_0470.png,4,845,1024,980,1155,912.68,1090.04,135.01,130.29,0.8555
Vid1_0471.png,2,632,1410,959,1504,796.37,1457.28,326.9,93.7,0.8827
Vid1_0471.png,3,991,1235,1287,1392,1139.35,1314.24,296.59,157.29,0.9265
Vid1_0471.png,4,851,1029,995,1165,923.08,1097.51,144.08,135.57,0.8683
Vid1_0472.png,2,630,1406,959,1504,795.09,1455.33,328.36,98.27,0.8912
Vid1_0472.png,3,976,1233,1265,1393,1120.98,1313.81,288.33,160.32,0.9255
Vid1_0472.png,4,854,1031,1016,1179,935.79,1105.6,162.19,148.04,0.8848
Vid1_0473.png,2,629,1404,961,1504,795.41,1454.28,331.31,100.35,0.8904
Vid1_0473.png,3,969,1232,1257,1395,1113.55,1313.89,287.68,162.33,0.9264
Vid1_0473.png,4,863,1033,1029,1186,946.4,1109.98,165.47,153.34,0.882
Vid1_0474.png,2,626,1399,964,1503,795.78,1451.62,337.65,103.89,0.8846
Vid1_0474.png,3,945,1233,1229,1403,1087.59,1318.38,283.38,170.3,0.9249
Vid1_0474.png,4,871,1056,1063,1213,967.89,1134.92,191.88,156.85,0.891
Vid1_0475.png,2,625,1396,953,1503,789.54,1449.85,327.52,106.47,0.8917
Vid1_0475.png,3,933,1233,1213,1399,1073.49,1316.5,280.41,165.16,0.922
Vid1_0475.png,4,875,1077,1085,1228,980.11,1153.11,209.82,150.45,0.8904
Vid1_0476.png,2,623,1394,955,1502,789.76,1448.61,332.24,107.73,0.885
Vid1_0476.png,3,912,1235,1193,1407,1053.13,1321.74,281.72,172.19,0.9235
Vid1_0476.png,4,893,1098,1116,1249,1005.19,1174.33,222.89,150.79,0.8852
Vid1_0477.png,2,622,1392,960,1501,791.49,1446.74,337.7,108.75,0.8831
Vid1_0477.png,3,887,1238,1168,1419,1028.33,1328.67,280.83,180.82,0.922
Vid1_0477.png,4,905,1126,1145,1269,1025.26,1197.72,240.32,143.16,0.8932
Vid1_0478.png,2,622,1389,955,1500,788.92,1444.96,333.15,111.1,0.8906
Vid1_0478.png,3,869,1238,1153,1424,1011.54,1331.49,283.88,185.45,0.9045
Vid1_0478.png,4,946,1152,1180,1286,1063.49,1219.46,233.55,134.1,0.8678
Vid1_0479.png,2,621,1387,955,1499,788.48,1443.28,333.47,111.94,0.8862
Vid1_0479.png,3,848,1239,1131,1430,990.02,1334.92,283.51,190.28,0.9095
Vid1_0479.png,4,961,1178,1215,1303,1088.2,1240.93,253.64,125.01,0.8692
Vid1_0480.png,2,618,1385,955,1498,787.15,1441.98,336.9,113.86,0.8851
Vid1_0480.png,3,831,1240,1110,1431,971.01,1336.37,278.62,191.17,0.9017
Vid1_0480.png,4,991,1196,1246,1320,1118.83,1258.63,255.03,123.55,0.87
Vid1_0481.png,2,615,1380,955,1500,785.66,1440.56,339.87,119.34,0.8881
Vid1_0481.png,3,813,1238,1090,1429,952.23,1334.05,277.48,191.86,0.9183
Vid1_0481.png,4,1021,1212,1278,1338,1150.22,1275.28,256.82,126.49,0.8732
Vid1_0482.png,2,614,1377,951,1500,782.93,1439.38,337.61,123.01,0.8973
Vid1_0482.png,3,787,1233,1062,1430,925.18,1331.8,275.64,197.3,0.9124
Vid1_0482.png,4,1055,1230,1311,1355,1183.85,1292.88,256.23,125.55,0.8738
Vid1_0483.png,2,614,1376,950,1501,782.17,1439.18,336.3,124.78,0.8959
Vid1_0483.png,3,782,1232,1058,1430,920.66,1331.31,275.56,197.95,0.9121
Vid1_0483.png,4,1064,1235,1322,1360,1193.38,1297.84,258.16,125.11,0.893
Vid1_0484.png,2,610,1374,950,1499,780.77,1436.89,339.97,124.61,0.9065
Vid1_0484.png,3,749,1226,1034,1419,892.13,1323.1,285.67,192.25,0.9147
Vid1_0484.png,4,1101,1257,1356,1380,1228.89,1319.36,255.53,123.01,0.8748
Vid1_0485.png,2,608,1372,944,1498,776.46,1435.29,335.1,126.35,0.9185
Vid1_0485.png,3,715,1225,1006,1407,861.27,1316.32,290.65,182.26,0.9241
Vid1_0485.png,4,1140,1279,1396,1403,1268.82,1341.59,256.07,124.75,0.9
Vid1_0486.png,2,607,1370,944,1495,776.21,1432.65,337.24,125.17,0.9193
Vid1_0486.png,3,694,1223,980,1396,837.48,1310.41,285.53,173.14,0.9222
Vid1_0486.png,4,1177,1280,1425,1412,1301.61,1346.81,248.55,131.93,0.8781
Vid1_0487.png,2,605,1366,944,1494,774.84,1430.49,338.73,127.04,0.9169
Vid1_0487.png,3,674,1221,955,1391,815.2,1306.51,281.11,169.78,0.9226
Vid1_0487.png,4,1214,1299,1425,1408,1319.94,1354.0,211.8,109.21,0.8595
Vid1_0488.png,2,605,1362,944,1494,774.73,1428.58,339.11,132.05,0.9151
Vid1_0488.png,3,649,1215,933,1385,791.21,1300.3,284.42,170.35,0.9288
Vid1_0488.png,4,1286,1305,1423,1404,1355.27,1355.46,136.57,99.02,0.7676
Vid1_0489.png,2,603,1359,937,1494,770.84,1426.89,334.25,135.62,0.9055
Vid1_0489.png,3,624,1208,913,1383,768.79,1296.09,289.34,175.78,0.9253
Vid1_0489.png,4,1282,1309,1425,1408,1353.78,1358.85,142.64,99.16,0.8282
Vid1_0490.png,2,602,1354,939,1492,771.37,1423.14,336.76,137.97,0.9027
Vid1_0490.png,3,602,1200,892,1382,747.43,1291.53,290.0,181.3,0.9199
Vid1_0490.png,4,1264,1304,1428,1417,1346.57,1360.81,163.34,112.47,0.8521
Vid1_0491.png,2,602,1352,940,1491,771.49,1422.02,337.65,138.77,0.9055
Vid1_0491.png,3,596,1199,887,1382,742.13,1290.84,290.39,183.05,0.9277
Vid1_0491.png,4,1261,1305,1430,1418,1345.75,1361.88,168.92,112.97,0.8573
Vid1_0492.png,2,602,1347,939,1493,771.09,1420.61,336.49,145.57,0.9129
Vid1_0492.png,3,574,1191,861,1374,717.78,1283.02,287.11,182.16,0.9193
Vid1_0492.png,4,1196,1335,1428,1433,1312.39,1384.71,232.22,98.18,0.8773
Vid1_0493.png,2,604,1342,937,1491,771.35,1417.09,333.19,149.34,0.9161
Vid1_0493.png,3,552,1186,841,1371,696.92,1279.24,288.91,184.69,0.9188
Vid1_0493.png,4,1151,1353,1411,1447,1281.65,1400.59,260.03,93.35,0.8792
Vid1_0494.png,2,607,1337,936,1490,771.54,1414.24,328.93,153.15,0.926
Vid1_0494.png,3,549,1181,825,1359,687.62,1270.71,276.07,178.05,0.9051
Vid1_0494.png,4,1099,1373,1366,1462,1233.12,1418.01,266.9,89.21,0.85
Vid1_0495.png,2,607,1334,936,1490,772.25,1412.41,329.5,156.13,0.9251
Vid1_0495.png,3,564,1178,788,1343,676.51,1260.96,224.94,165.71,0.903
Vid1_0495.png,4,1045,1386,1321,1467,1183.46,1427.46,276.71,80.97,0.8528
Vid1_0496.png,2,607,1330,932,1486,769.98,1408.78,325.24,156.36,0.9189
Vid1_0496.png,3,571,1173,770,1339,671.27,1256.14,198.64,166.1,0.8998
Vid1_0496.png,4,992,1394,1270,1474,1131.72,1434.56,278.47,80.04,0.8563
Vid1_0497.png,2,609,1326,933,1481,771.51,1404.35,323.95,154.88,0.9116
Vid1_0497.png,3,566,1165,750,1338,658.6,1252.15,183.91,172.36,0.8883
Vid1_0497.png,4,944,1398,1224,1484,1084.53,1441.24,279.35,86.02,0.8494
Vid1_0498.png,2,611,1323,927,1475,769.71,1399.82,315.79,151.98,0.8967
Vid1_0498.png,3,556,1161,722,1336,639.41,1248.86,166.28,174.59,0.8907
Vid1_0498.png,4,902,1404,1179,1487,1040.97,1446.07,277.61,82.85,0.8788
Vid1_0499.png,2,614,1320,923,1456,769.12,1388.53,309.59,136.41,0.8822
Vid1_0499.png,3,550,1154,711,1328,631.13,1241.54,160.5,173.36,0.8764
Vid1_0499.png,4,865,1406,1142,1488,1003.94,1447.23,277.01,81.74,0.878
Vid1_0500.png,2,615,1318,921,1445,768.74,1382.24,306.27,127.16,0.8739
Vid1_0500.png,3,546,1151,684,1312,615.34,1232.13,138.63,161.0,0.8583
Vid1_0500.png,4,830,1408,1108,1486,969.71,1447.43,277.48,78.8,0.8616
Vid1_0501.png,2,616,1318,924,1443,770.44,1380.69,308.79,125.17,0.8784
Vid1_0501.png,3,549,1149,688,1314,618.7,1232.32,138.89,164.65,0.8637
Vid1_0501.png,4,821,1407,1098,1485,960.18,1446.52,276.96,78.28,0.8586
Vid1_0502.png,2,620,1315,937,1439,779.01,1377.06,317.43,124.03,0.8799
Vid1_0502.png,3,519,1150,695,1310,607.56,1230.36,176.19,159.59,0.8793
Vid1_0502.png,4,789,1404,1066,1486,927.88,1445.73,276.23,81.72,0.8547
Vid1_0503.png,2,622,1312,943,1437,782.93,1374.94,321.07,125.63,0.8886
Vid1_0503.png,3,482,1145,713,1303,598.04,1224.51,231.52,158.06,0.92
Vid1_0503.png,4,758,1407,1037,1489,898.25,1448.57,279.49,81.62,0.8329
Vid1_0504.png,2,626,1310,942,1437,784.26,1374.31,316.12,126.76,0.9038
Vid1_0504.png,3,487,1139,737,1291,612.39,1215.39,250.76,152.48,0.9086
Vid1_0504.png,4,734,1413,1013,1490,874.33,1452.31,278.66,76.74,0.8152
Vid1_0505.png,2,628,1310,940,1439,784.47,1374.64,312.76,128.87,0.8953
Vid1_0505.png,3,490,1136,752,1287,621.5,1211.79,262.97,151.22,0.9104
Vid1_0505.png,4,723,1414,1000,1491,862.09,1452.8,277.42,77.35,0.8134
Vid1_0506.png,2,632,1308,954,1458,793.42,1383.47,322.03,150.57,0.9034
Vid1_0506.png,3,512,1126,795,1279,653.86,1202.79,282.38,152.89,0.9123
Vid1_0506.png,4,702,1424,970,1496,836.15,1460.36,268.3,71.33,0.7496
Vid1_0507.png,2,634,1306,953,1465,793.98,1386.12,318.9,159.73,0.9178
Vid1_0507.png,3,541,1118,834,1268,687.87,1193.62,293.24,150.38,0.9089
Vid1_0507.png,4,686,1421,948,1498,817.53,1460.21,262.85,77.16,0.7907
Vid1_0508.png,2,635,1303,942,1460,789.11,1382.18,306.37,156.44,0.9204
Vid1_0508.png,3,573,1115,862,1257,717.66,1186.28,288.7,142.14,0.9009
Vid1_0508.png,4,656,1419,928,1501,792.57,1460.08,272.72,82.13,0.8492
Vid1_0509.png,2,637,1301,948,1453,793.1,1377.44,310.9,151.35,0.9229
Vid1_0509.png,3,603,1113,899,1251,751.29,1182.52,295.53,138.09,0.9035
Vid1_0509.png,4,635,1415,909,1503,772.5,1459.41,274.66,88.57,0.8775
Vid1_0510.png,2,639,1300,956,1454,797.69,1377.31,316.89,153.68,0.9265
Vid1_0510.png,3,626,1115,930,1249,778.74,1182.3,304.3,133.46,0.8929
Vid1_0510.png,4,614,1408,881,1501,748.02,1455.36,267.12,92.81,0.8855
Vid1_0511.png,2,640,1298,952,1457,796.63,1378.36,311.86,159.03,0.9284
Vid1_0511.png,3,649,1120,960,1250,805.12,1185.33,311.38,129.71,0.9055
Vid1_0511.png,4,595,1401,862,1498,728.9,1450.11,267.17,96.94,0.8599
Vid1_0512.png,2,642,1297,951,1457,797.11,1377.73,309.47,160.26,0.9149
Vid1_0512.png,3,673,1125,983,1256,828.77,1190.99,310.28,130.12,0.8948
Vid1_0512.png,4,577,1391,834,1492,705.76,1441.73,257.18,100.55,0.8531
Vid1_0513.png,2,647,1294,960,1454,803.63,1374.33,313.2,159.98,0.9093
Vid1_0513.png,3,694,1137,1006,1260,850.52,1198.8,311.12,123.04,0.8974
Vid1_0513.png,4,567,1372,788,1486,677.99,1429.56,221.63,113.23,0.8775
Vid1_0514.png,2,652,1292,966,1456,809.3,1374.64,313.46,164.39,0.9189
Vid1_0514.png,3,715,1150,1026,1269,871.25,1209.63,311.18,119.23,0.8889
Vid1_0514.png,4,541,1349,767,1487,654.51,1418.51,226.3,137.62,0.8907
Vid1_0515.png,2,653,1291,967,1457,810.53,1374.53,314.15,165.32,0.9153
Vid1_0515.png,3,721,1154,1032,1271,877.08,1212.7,310.82,117.0,0.8871
Vid1_0515.png,4,535,1343,761,1489,648.57,1416.25,226.6,145.79,0.8913
Vid1_0516.png,2,657,1289,961,1459,809.34,1374.23,304.49,169.55,0.9153
Vid1_0516.png,3,739,1170,1051,1284,895.27,1227.92,312.0,114.14,0.8884
Vid1_0516.png,4,519,1326,736,1463,628.29,1395.44,217.25,136.97,0.8765
Vid1_0517.png,2,665,1288,971,1455,818.2,1371.58,305.63,167.06,0.9161
Vid1_0517.png,3,773,1185,1071,1296,922.48,1240.66,297.72,110.99,0.8932
Vid1_0517.png,4,505,1309,725,1427,615.58,1368.36,219.41,117.65,0.8753
Vid1_0518.png,2,671,1286,976,1454,824.06,1370.5,304.8,168.08,0.9186
Vid1_0518.png,3,797,1192,1088,1307,942.67,1249.86,290.9,115.33,0.8938
Vid1_0518.png,4,508,1293,702,1411,605.5,1352.75,193.56,117.83,0.8706
Vid1_0519.png,2,701,1285,963,1436,832.33,1360.98,261.37,150.12,0.8791
Vid1_0519.png,3,819,1198,1117,1325,968.83,1261.63,298.28,126.96,0.8825
Vid1_0519.png,4,513,1273,644,1394,578.99,1333.78,131.78,120.8,0.8283
Vid1_0520.png,2,725,1288,926,1426,826.31,1357.41,201.19,137.69,0.8435
Vid1_0520.png,3,838,1204,1143,1335,990.97,1270.18,305.02,130.7,0.898
Vid1_0520.png,4,515,1258,640,1370,577.92,1314.69,124.99,111.88,0.8366
Vid1_0521.png,2,733,1290,896,1425,814.83,1358.15,163.59,134.89,0.8551
Vid1_0521.png,3,863,1209,1167,1342,1015.26,1275.94,303.87,132.83,0.9039
Vid1_0521.png,4,523,1248,651,1349,587.16,1298.82,128.13,100.39,0.8293
Vid1_0522.png,2,723,1292,882,1421,803.21,1357.14,159.32,129.04,0.8585
Vid1_0522.png,3,898,1211,1191,1347,1045.13,1279.11,292.73,135.89,0.9033
Vid1_0522.png,4,509,1240,659,1338,584.81,1289.52,150.0,98.75,0.864
Vid1_0523.png,2,703,1295,877,1408,790.53,1351.71,173.87,112.94,0.8648
Vid1_0523.png,3,919,1211,1218,1351,1068.68,1281.64,299.35,139.98,0.9079
Vid1_0523.png,4,511,1232,670,1330,591.12,1281.51,159.32,97.14,0.8638
Vid1_0524.png,2,683,1292,896,1396,790.01,1344.22,213.72,104.12,0.868
Vid1_0524.png,3,948,1212,1250,1351,1099.46,1282.08,302.26,138.87,0.9019
Vid1_0524.png,4,512,1225,686,1321,599.35,1273.29,173.8,96.38,0.8563
Vid1_0525.png,2,654,1294,922,1394,788.56,1344.57,267.68,99.84,0.8661
Vid1_0525.png,3,979,1212,1282,1351,1130.85,1282.19,302.39,139.57,0.901
Vid1_0525.png,4,508,1209,699,1313,603.93,1261.58,191.1,103.63,0.8754
Vid1_0526.png,2,649,1293,930,1394,790.01,1343.74,281.95,100.62,0.8582
Vid1_0526.png,3,986,1212,1290,1351,1138.33,1282.13,304.42,139.17,0.9053
Vid1_0526.png,4,503,1205,702,1311,603.06,1258.37,198.38,106.66,0.8849
Vid1_0527.png,2,633,1304,960,1398,796.84,1351.55,327.01,94.47,0.8563
Vid1_0527.png,3,1011,1213,1318,1353,1164.91,1283.25,307.69,140.48,0.9032
Vid1_0527.png,4,535,1193,733,1305,634.27,1249.77,197.81,112.38,0.8765
Vid1_0528.png,2,639,1315,990,1408,815.26,1362.24,350.82,92.73,0.8488
Vid1_0528.png,3,1037,1215,1345,1356,1191.44,1286.22,308.14,140.71,0.9029
Vid1_0528.png,4,558,1184,759,1297,658.87,1240.76,201.37,113.1,0.8701
Vid1_0529.png,2,640,1318,1001,1411,821.21,1365.08,361.25,92.39,0.8541
Vid1_0529.png,3,1043,1216,1353,1357,1198.65,1287.09,310.3,141.31,0.9038
Vid1_0529.png,4,564,1182,767,1294,665.87,1238.72,203.66,112.1,0.8795
Vid1_0530.png,2,661,1323,1022,1420,841.88,1371.63,360.81,96.85,0.8685
Vid1_0530.png,3,1084,1219,1375,1353,1229.98,1286.28,290.9,134.07,0.9018
Vid1_0530.png,4,580,1162,775,1269,677.9,1215.8,194.67,106.56,0.8738
Vid1_0531.png,2,680,1320,1040,1430,860.13,1375.18,359.79,109.78,0.8843
Vid1_0531.png,3,1108,1219,1407,1352,1257.82,1286.13,299.07,132.64,0.895
Vid1_0531.png,4,614,1148,799,1251,707.19,1200.04,184.74,102.17,0.8548
Vid1_0532.png,2,698,1318,1053,1437,875.92,1378.11,355.74,118.6,0.8941
Vid1_0532.png,3,1131,1219,1434,1354,1283.01,1287.15,303.85,135.22,0.9019
Vid1_0532.png,4,639,1142,822,1251,731.09,1197.3,183.5,108.63,0.8722
Vid1_0533.png,2,703,1318,1056,1440,879.97,1379.28,352.67,121.92,0.8961
Vid1_0533.png,3,1136,1219,1441,1355,1288.95,1287.42,305.11,135.96,0.9041
Vid1_0533.png,4,641,1144,826,1250,734.15,1197.68,185.59,105.42,0.868
Vid1_0534.png,2,718,1315,1072,1444,895.5,1379.76,353.02,129.13,0.8976
Vid1_0534.png,3,1160,1222,1466,1356,1313.61,1289.31,306.49,134.26,0.9033
Vid1_0534.png,4,686,1137,874,1266,780.7,1202.25,187.91,128.64,0.8842
Vid1_0535.png,2,737,1310,1084,1443,910.68,1377.23,347.09,133.04,0.9116
Vid1_0535.png,3,1196,1224,1495,1359,1345.83,1292.06,298.42,135.7,0.9053
Vid1_0535.png,4,706,1149,920,1285,813.46,1217.2,213.99,135.73,0.8876
Vid1_0536.png,2,741,1309,1088,1443,915.25,1376.42,346.58,133.9,0.9124
Vid1_0536.png,3,1208,1224,1502,1359,1355.21,1292.01,294.16,135.1,0.906
Vid1_0536.png,4,709,1155,933,1292,821.75,1223.77,224.18,136.96,0.8861
Vid1_0537.png,2,761,1304,1107,1443,934.27,1373.87,346.51,139.41,0.902
Vid1_0537.png,3,1223,1228,1527,1363,1375.57,1295.7,303.57,135.16,0.9145
Vid1_0537.png,4,734,1180,980,1313,857.53,1247.22,245.27,132.78,0.8924
Vid1_0538.png,2,783,1301,1129,1445,956.41,1373.25,346.75,144.15,0.8764
Vid1_0538.png,3,1244,1235,1552,1369,1398.63,1302.43,307.67,134.54,0.9214
Vid1_0538.png,4,776,1206,1024,1331,900.76,1269.25,248.42,125.2,0.8549
Vid1_0539.png,2,803,1309,1091,1439,947.73,1374.62,287.69,129.41,0.8098
Vid1_0539.png,3,1263,1244,1570,1379,1416.85,1312.07,306.85,135.58,0.9007
Vid1_0539.png,4,811,1226,1059,1346,935.37,1286.58,248.18,119.35,0.8237
Vid1_0540.png,2,820,1305,1120,1430,970.59,1368.2,300.67,124.92,0.76
Vid1_0540.png,3,1280,1253,1585,1388,1433.23,1321.23,304.48,135.22,0.9045
Vid1_0540.png,4,842,1242,1097,1356,970.32,1299.5,254.95,114.42,0.8348
Vid1_0541.png,2,826,1302,1157,1426,991.92,1364.81,330.91,123.67,0.7461
Vid1_0541.png,3,1286,1257,1591,1392,1439.35,1325.0,305.23,135.4,0.9083
Vid1_0541.png,4,853,1248,1150,1360,1002.15,1304.91,296.68,112.0,0.8216
Vid1_0542.png,2,836,1320,1088,1423,962.69,1372.0,251.75,103.18,0.6033
Vid1_0542.png,3,1294,1260,1598,1397,1446.54,1329.1,304.63,136.9,0.9096
Vid1_0542.png,4,884,1262,1181,1386,1033.04,1324.52,296.31,123.4,0.7647
Vid1_0543.png,2,855,1294,1182,1420,1018.78,1357.33,326.71,125.7,0.7883
Vid1_0543.png,3,1313,1268,1612,1408,1463.42,1338.52,299.16,139.07,0.9144
Vid1_0543.png,4,948,1278,1218,1388,1083.85,1333.25,269.97,110.38,0.4079
Vid1_0544.png,2,871,1286,1210,1416,1040.83,1351.32,339.22,129.77,0.8616
Vid1_0544.png,3,1330,1278,1630,1419,1480.47,1349.06,300.38,141.53,0.904
Vid1_0544.png,4,1046,1297,1289,1388,1168.0,1343.19,243.48,91.13,0.7059
Vid1_0545.png,2,884,1283,1229,1411,1057.11,1347.26,344.45,127.87,0.87
Vid1_0545.png,3,1349,1287,1645,1425,1497.9,1356.2,296.12,138.04,0.9037
Vid1_0545.png,4,1095,1298,1351,1386,1223.72,1342.75,255.47,88.47,0.804
Vid1_0546.png,2,889,1281,1235,1409,1062.19,1345.64,346.34,127.33,0.8705
Vid1_0546.png,3,1353,1289,1650,1426,1502.02,1358.12,296.72,136.98,0.9004
Vid1_0546.png,4,1103,1298,1366,1386,1235.34,1342.92,263.09,88.11,0.7945
Vid1_0547.png,2,904,1280,1249,1407,1076.78,1343.85,345.51,127.01,0.8932
Vid1_0547.png,3,1371,1295,1669,1428,1520.09,1362.22,298.12,133.26,0.9044
Vid1_0547.png,4,1156,1287,1433,1375,1295.07,1331.42,276.55,88.71,0.8078
Vid1_0548.png,2,930,1277,1260,1407,1095.37,1342.12,329.54,130.08,0.8957
Vid1_0548.png,3,1385,1306,1690,1436,1537.89,1371.72,305.06,129.67,0.9096
Vid1_0548.png,4,1215,1269,1494,1362,1355.04,1316.03,278.49,92.27,0.8416
Vid1_0549.png,2,939,1275,1262,1407,1101.34,1341.33,322.97,131.59,0.8969
Vid1_0549.png,3,1389,1309,1696,1438,1543.4,1373.85,306.96,128.32,0.9126
Vid1_0549.png,4,1230,1265,1510,1359,1370.64,1312.15,279.53,93.97,0.8507
Vid1_0550.png,2,933,1273,1274,1403,1103.83,1338.53,340.39,130.53,0.8989
Vid1_0550.png,3,1408,1319,1708,1449,1558.54,1384.42,300.36,130.34,0.89
Vid1_0550.png,4,1290,1251,1567,1346,1428.73,1299.16,276.91,94.42,0.8518
Vid1_0551.png,2,934,1272,1286,1403,1110.47,1337.98,351.85,130.83,0.8925
Vid1_0551.png,3,1425,1330,1726,1462,1575.77,1396.24,301.18,131.91,0.9034
Vid1_0551.png,4,1356,1233,1632,1328,1494.72,1281.09,275.49,94.54,0.8728
Vid1_0552.png,2,941,1272,1294,1404,1117.88,1338.69,352.92,131.38,0.8989
Vid1_0552.png,3,1439,1338,1737,1469,1588.76,1403.7,298.34,131.12,0.9003
Vid1_0552.png,4,1402,1224,1681,1312,1542.02,1268.28,279.56,88.33,0.8704
Vid1_0553.png,2,947,1274,1301,1405,1124.27,1340.06,353.82,131.52,0.9016
Vid1_0553.png,3,1456,1347,1751,1479,1604.24,1413.15,295.23,131.78,0.9047
Vid1_0553.png,4,1463,1218,1717,1304,1590.67,1261.24,254.6,86.36,0.8657
Vid1_0554.png,2,954,1276,1309,1411,1132.05,1343.64,354.17,135.13,0.8957
Vid1_0554.png,3,1462,1357,1753,1477,1607.95,1417.51,290.97,120.4,0.8968
Vid1_0554.png,4,1495,1208,1758,1300,1626.96,1254.88,262.47,92.17,0.8745
Vid1_0555.png,2,960,1276,1312,1416,1136.68,1346.33,352.12,140.07,0.899
Vid1_0555.png,3,1472,1362,1742,1474,1607.51,1418.47,269.82,111.42,0.8976
Vid1_0555.png,4,1519,1201,1780,1292,1650.21,1247.31,261.43,91.06,0.8941
Vid1_0556.png,2,972,1276,1317,1422,1145.38,1349.44,345.13,146.57,0.908
Vid1_0556.png,3,1519,1364,1717,1473,1618.63,1418.95,198.47,108.99,0.8634
Vid1_0556.png,4,1559,1190,1809,1281,1684.31,1236.09,249.92,90.19,0.8861
Vid1_0557.png,2,978,1274,1323,1424,1151.13,1349.44,345.34,150.19,0.9045
Vid1_0557.png,3,1554,1369,1708,1474,1631.36,1421.91,153.86,105.4,0.8334
Vid1_0557.png,4,1589,1180,1835,1273,1712.67,1226.57,245.48,93.0,0.8761
Vid1_0558.png,2,990,1270,1334,1425,1162.54,1348.09,343.41,154.44,0.9079
Vid1_0558.png,3,1588,1373,1715,1478,1651.63,1425.85,126.79,104.99,0.8205
Vid1_0558.png,4,1622,1173,1861,1270,1741.66,1222.1,238.96,96.5,0.8784
Vid1_0559.png,2,1000,1268,1346,1428,1173.51,1348.26,345.28,160.47,0.9079
Vid1_0559.png,3,1587,1378,1728,1480,1658.1,1429.59,140.85,101.97,0.8312
Vid1_0559.png,4,1647,1168,1875,1276,1761.52,1222.55,228.71,107.55,0.885
Vid1_0560.png,2,1012,1265,1355,1430,1184.03,1347.77,343.69,165.21,0.9034
Vid1_0560.png,3,1583,1381,1738,1480,1660.9,1431.1,154.71,98.85,0.8518
Vid1_0560.png,4,1690,1169,1887,1291,1788.84,1230.9,196.38,121.81,0.8745
Vid1_0561.png,2,1022,1261,1365,1429,1194.16,1345.38,343.26,168.17,0.9048
Vid1_0561.png,3,1575,1382,1756,1483,1665.78,1432.82,181.1,101.64,0.8705
Vid1_0561.png,4,1732,1162,1902,1311,1817.44,1237.02,170.48,148.67,0.8749
Vid1_0562.png,2,1036,1258,1380,1426,1208.66,1342.76,343.62,167.97,0.8939
Vid1_0562.png,3,1566,1385,1767,1486,1666.69,1435.9,201.24,100.52,0.8524
Vid1_0562.png,4,1770,1190,1896,1336,1833.6,1263.84,126.52,146.23,0.8061
Vid1_0563.png,2,1055,1256,1394,1424,1224.87,1340.91,338.74,167.97,0.8996
Vid1_0563.png,3,1557,1387,1769,1490,1663.15,1439.23,212.13,103.42,0.856
Vid1_0563.png,4,1813,1223,1898,1365,1856.15,1294.47,85.11,142.11,0.7547
Vid1_0564.png,2,1062,1256,1408,1421,1235.03,1339.24,346.06,165.06,0.8977
Vid1_0564.png,3,1549,1391,1778,1495,1664.13,1443.06,228.89,104.08,0.8665
Vid1_0564.png,4,1820,1256,1895,1398,1858.12,1327.44,75.53,142.72,0.8119
Vid1_0565.png,2,1069,1256,1420,1419,1244.88,1337.89,350.56,162.43,0.8929
Vid1_0565.png,3,1544,1394,1788,1499,1666.39,1446.82,243.35,105.62,0.8804
Vid1_0565.png,4,1793,1284,1887,1415,1840.25,1350.21,93.63,131.55,0.7432
Vid1_0566.png,2,1076,1256,1430,1416,1253.8,1336.78,354.01,160.16,0.894
Vid1_0566.png,3,1538,1394,1795,1505,1667.23,1450.33,256.68,111.19,0.8892
Vid1_0566.png,4,1775,1318,1889,1425,1832.8,1372.22,114.15,106.45,0.8088
Vid1_0567.png,2,1082,1256,1434,1414,1258.48,1335.78,351.71,157.65,0.8972
Vid1_0567.png,3,1532,1395,1797,1509,1664.68,1452.52,265.18,113.06,0.8975
Vid1_0567.png,4,1755,1326,1899,1431,1827.41,1378.61,144.8,104.89,0.8172
Vid1_0568.png,2,1097,1259,1448,1411,1272.81,1335.55,351.12,152.46,0.8947
Vid1_0568.png,3,1512,1396,1786,1513,1649.47,1454.91,274.1,116.59,0.8989
Vid1_0568.png,4,1711,1345,1896,1442,1803.79,1394.22,184.5,97.45,0.8478
Vid1_0569.png,2,1101,1259,1455,1413,1278.31,1336.48,353.42,154.87,0.8914
Vid1_0569.png,3,1498,1396,1786,1514,1642.78,1455.78,288.23,117.8,0.8891
Vid1_0569.png,4,1676,1353,1885,1447,1781.13,1400.76,208.34,94.27,0.8411
Vid1_0570.png,2,1102,1259,1456,1414,1279.38,1336.62,354.37,154.9,0.8927
Vid1_0570.png,3,1494,1396,1787,1515,1641.02,1456.05,293.91,118.27,0.8924
Vid1_0570.png,4,1666,1356,1886,1447,1776.68,1402.17,220.46,90.86,0.8582
Vid1_0571.png,2,1112,1258,1462,1415,1287.32,1337.19,349.58,156.85,0.8927
Vid1_0571.png,3,1476,1398,1760,1515,1618.4,1456.98,283.29,117.71,0.8605
Vid1_0571.png,4,1613,1368,1855,1454,1734.47,1411.45,242.48,85.81,0.8604
Vid1_0572.png,2,1118,1259,1465,1412,1292.13,1336.2,347.25,153.53,0.8942
Vid1_0572.png,3,1466,1399,1751,1516,1608.88,1458.06,285.46,116.47,0.8249
Vid1_0572.png,4,1580,1375,1821,1457,1700.68,1416.68,241.16,82.63,0.822
Vid1_0573.png,2,1122,1259,1469,1414,1296.12,1336.66,346.51,155.06,0.9013
Vid1_0573.png,3,1451,1402,1754,1517,1602.99,1460.33,302.23,115.27,0.7591
Vid1_0573.png,4,1527,1383,1785,1465,1656.66,1424.66,258.32,81.82,0.7092
Vid1_0574.png,2,1122,1258,1472,1415,1297.65,1337.13,349.96,156.84,0.9022
Vid1_0574.png,3,1440,1403,1745,1517,1592.97,1460.32,304.84,114.47,0.7522
Vid1_0575.png,2,1130,1257,1480,1410,1305.68,1334.15,350.46,152.99,0.888
Vid1_0575.png,3,1424,1419,1735,1520,1580.29,1469.89,310.58,100.22,0.7908
Vid1_0575.png,4,1430,1388,1691,1465,1561.0,1426.93,260.25,76.41,0.7926
Vid1_0576.png,2,1137,1256,1485,1409,1311.73,1333.3,348.1,153.28,0.8845
Vid1_0576.png,3,1453,1431,1728,1519,1590.93,1475.42,275.32,88.61,0.7948
Vid1_0576.png,4,1383,1386,1651,1466,1517.34,1426.74,267.81,80.0,0.7975
Vid1_0577.png,2,1139,1255,1490,1408,1314.89,1331.71,350.77,153.08,0.879
Vid1_0577.png,3,1446,1431,1726,1520,1586.48,1476.42,280.37,89.09,0.8134
Vid1_0577.png,4,1343,1383,1609,1469,1476.46,1426.19,265.19,85.83,0.8339
Vid1_0578.png,2,1140,1254,1491,1407,1315.86,1331.42,351.7,153.0,0.8819
Vid1_0578.png,3,1448,1432,1726,1521,1587.79,1476.96,277.6,88.47,0.8109
Vid1_0578.png,4,1334,1384,1597,1468,1465.73,1426.29,263.36,84.47,0.8201
Vid1_0579.png,2,1150,1251,1499,1406,1324.97,1328.99,348.3,154.71,0.8896
Vid1_0579.png,3,1432,1428,1711,1517,1571.77,1473.0,279.41,88.24,0.8338
Vid1_0579.png,4,1292,1382,1559,1473,1425.84,1427.77,266.34,91.34,0.8255
Vid1_0580.png,2,1160,1249,1507,1409,1333.81,1329.68,346.51,159.97,0.8914
Vid1_0580.png,3,1401,1425,1704,1516,1553.05,1470.77,303.6,90.99,0.825
Vid1_0580.png,4,1250,1386,1515,1478,1383.05,1432.65,264.42,91.65,0.8442
Vid1_0581.png,2,1165,1249,1514,1407,1339.96,1328.22,349.11,158.08,0.8937
Vid1_0581.png,3,1384,1428,1694,1518,1539.79,1473.24,310.15,89.71,0.8414
Vid1_0581.png,4,1219,1384,1485,1480,1352.35,1432.54,265.66,95.39,0.8238
Vid1_0582.png,2,1165,1249,1515,1407,1340.74,1328.16,350.32,158.17,0.8915
Vid1_0582.png,3,1379,1429,1692,1518,1535.91,1473.92,312.77,88.53,0.8342
Vid1_0582.png,4,1211,1382,1477,1481,1344.38,1431.9,265.56,99.24,0.8236
Vid1_0583.png,2,1176,1247,1525,1404,1351.07,1325.97,349.75,156.99,0.9064
Vid1_0583.png,3,1367,1430,1680,1517,1523.75,1474.12,312.79,86.36,0.8646
Vid1_0583.png,4,1180,1392,1446,1482,1313.68,1437.42,265.97,89.23,0.839
Vid1_0584.png,2,1185,1247,1533,1402,1359.76,1325.22,347.76,154.57,0.8997
Vid1_0584.png,3,1352,1432,1667,1514,1509.86,1473.57,314.81,82.69,0.8696
Vid1_0584.png,4,1148,1392,1413,1481,1281.29,1436.9,265.36,89.31,0.8489
Vid1_0585.png,2,1192,1249,1540,1401,1366.59,1325.18,348.36,151.7,0.8888
Vid1_0585.png,3,1340,1432,1659,1513,1500.46,1472.75,318.98,81.45,0.8614
Vid1_0585.png,4,1115,1388,1393,1479,1254.74,1434.06,277.72,91.3,0.8521
Vid1_0586.png,2,1199,1251,1546,1400,1372.91,1326.03,347.75,148.96,0.8861
Vid1_0586.png,3,1328,1430,1645,1512,1486.94,1471.56,317.18,81.29,0.8688
Vid1_0586.png,4,1087,1377,1349,1476,1218.67,1427.01,261.59,98.04,0.8747
Vid1_0587.png,2,1202,1254,1553,1397,1377.57,1326.02,350.99,143.9,0.8792
Vid1_0587.png,3,1320,1429,1639,1513,1479.79,1471.46,318.44,83.78,0.8665
Vid1_0587.png,4,1049,1361,1309,1470,1179.75,1416.21,259.77,108.87,0.857
Vid1_0588.png,2,1206,1255,1557,1401,1381.68,1328.63,351.05,145.57,0.8754
Vid1_0588.png,3,1312,1428,1629,1512,1471.07,1470.56,316.37,84.39,0.8662
Vid1_0588.png,4,1015,1343,1271,1461,1143.36,1402.7,255.97,117.9,0.8871
Vid1_0589.png,2,1206,1256,1558,1402,1382.33,1329.33,351.5,146.2,0.8759
Vid1_0589.png,3,1310,1427,1626,1512,1468.89,1470.24,316.09,85.23,0.8644
Vid1_0589.png,4,1005,1337,1260,1459,1132.92,1398.41,255.14,121.19,0.8872
Vid1_0590.png,2,1207,1259,1561,1404,1384.17,1332.13,353.86,144.56,0.8871
Vid1_0590.png,3,1304,1426,1619,1512,1462.2,1469.76,315.27,86.37,0.8715
Vid1_0590.png,4,985,1312,1218,1430,1101.94,1371.2,233.41,117.8,0.8742
Vid1_0591.png,2,1211,1261,1562,1404,1386.86,1332.88,350.93,143.21,0.885
Vid1_0591.png,3,1299,1425,1618,1514,1458.9,1469.7,318.45,88.75,0.866
Vid1_0591.png,4,974,1295,1179,1421,1077.14,1358.66,204.9,125.36,0.8819
Vid1_0592.png,2,1218,1264,1566,1402,1392.44,1333.14,348.68,138.17,0.8955
Vid1_0592.png,3,1293,1424,1610,1512,1451.7,1468.84,317.13,88.19,0.8725
Vid1_0592.png,4,959,1263,1154,1392,1057.15,1328.06,195.36,128.42,0.8873
Vid1_0593.png,2,1223,1265,1569,1407,1396.21,1336.6,346.3,142.44,0.9077
Vid1_0593.png,3,1290,1424,1604,1512,1447.41,1468.26,314.56,88.45,0.8706
Vid1_0593.png,4,953,1241,1126,1371,1039.97,1306.47,172.87,130.12,0.8863
Vid1_0594.png,2,1221,1266,1571,1413,1396.29,1339.54,349.86,147.04,0.9068
Vid1_0594.png,3,1287,1423,1598,1512,1442.66,1467.57,311.1,88.95,0.8671
Vid1_0594.png,4,955,1224,1108,1350,1032.02,1287.48,153.43,126.1,0.8665
Vid1_0595.png,2,1223,1265,1572,1416,1398.16,1340.82,348.66,150.38,0.9079
Vid1_0595.png,3,1284,1421,1591,1512,1438.13,1466.75,307.47,90.55,0.8669
Vid1_0595.png,4,950,1211,1086,1310,1018.74,1260.81,135.95,99.43,0.7875
Vid1_0596.png,2,1230,1265,1573,1417,1401.6,1341.5,343.1,152.05,0.9121
Vid1_0596.png,3,1282,1421,1591,1511,1437.22,1466.51,308.66,90.48,0.8736
Vid1_0596.png,4,927,1202,1097,1295,1012.64,1249.39,170.67,92.89,0.8523
Vid1_0597.png,2,1225,1264,1573,1420,1399.58,1342.29,347.8,156.44,0.9137
Vid1_0597.png,3,1282,1421,1592,1512,1437.47,1466.67,310.05,90.78,0.8741
Vid1_0597.png,4,919,1198,1121,1287,1020.69,1242.98,201.57,88.67,0.8737
Vid1_0598.png,2,1224,1262,1574,1420,1399.31,1341.75,349.97,158.09,0.9099
Vid1_0598.png,3,1281,1420,1591,1511,1436.67,1466.27,309.77,90.75,0.8718
Vid1_0598.png,4,931,1198,1144,1282,1038.07,1240.52,212.99,84.64,0.875
Vid1_0599.png,2,1225,1261,1575,1417,1400.56,1339.56,349.76,155.29,0.9075
Vid1_0599.png,3,1281,1420,1584,1511,1432.75,1465.68,303.31,90.68,0.8714
Vid1_0599.png,4,941,1198,1156,1283,1049.15,1240.79,214.86,85.44,0.8747
Vid1_0600.png,2,1224,1260,1574,1415,1399.89,1338.39,349.95,154.88,0.9056
Vid1_0600.png,3,1279,1420,1572,1509,1426.13,1464.81,293.14,88.44,0.8732
Vid1_0600.png,4,956,1199,1168,1284,1062.38,1241.85,212.01,84.73,0.866
Vid1_0601.png,2,1224,1260,1574,1414,1399.76,1337.59,349.95,153.28,0.9068
Vid1_0601.png,3,1279,1420,1569,1508,1424.41,1464.81,290.1,88.18,0.8725
Vid1_0601.png,4,959,1199,1170,1284,1065.38,1242.15,210.98,85.23,0.8665
Vid1_0602.png,2,1224,1259,1574,1412,1399.54,1335.82,350.22,153.29,0.898
Vid1_0602.png,3,1278,1419,1578,1506,1428.48,1463.34,300.74,86.9,0.8725
Vid1_0602.png,4,985,1201,1191,1291,1088.79,1246.43,205.75,89.2,0.8464
Vid1_0603.png,2,1223,1258,1573,1408,1398.59,1333.22,350.47,150.1,0.8935
Vid1_0603.png,3,1277,1419,1583,1506,1430.34,1462.65,306.38,87.04,0.871
Vid1_0603.png,4,1002,1203,1216,1292,1109.37,1248.03,213.41,88.49,0.8585
Vid1_0604.png,2,1221,1256,1570,1410,1396.05,1333.16,349.32,154.22,0.8936
Vid1_0604.png,3,1275,1417,1584,1508,1430.16,1463.21,309.52,91.33,0.8721
Vid1_0604.png,4,1024,1210,1262,1303,1143.46,1257.09,237.6,92.3,0.8624
Vid1_0605.png,2,1219,1254,1568,1410,1394.26,1332.34,349.45,155.74,0.8873
Vid1_0605.png,3,1272,1416,1575,1508,1423.9,1462.71,302.27,92.14,0.8772
Vid1_0605.png,4,1058,1205,1307,1299,1183.35,1252.2,249.14,94.34,0.8884
Vid1_0606.png,2,1221,1254,1567,1406,1394.7,1330.41,346.25,152.52,0.8861
Vid1_0606.png,3,1271,1416,1577,1509,1424.22,1462.68,306.12,92.97,0.875
Vid1_0606.png,4,1086,1198,1344,1291,1215.68,1245.45,257.76,93.06,0.8923
Vid1_0607.png,2,1219,1254,1566,1408,1393.03,1331.61,347.78,153.61,0.8862
Vid1_0607.png,3,1270,1415,1577,1508,1424.07,1461.83,307.21,93.17,0.8764
Vid1_0607.png,4,1115,1190,1374,1286,1244.71,1238.66,259.41,95.48,0.8843
Vid1_0608.png,2,1217,1256,1565,1410,1391.38,1333.49,347.46,154.19,0.8872
Vid1_0608.png,3,1269,1413,1575,1509,1422.59,1461.17,306.64,95.91,0.8808
Vid1_0608.png,4,1136,1180,1395,1283,1266.3,1231.86,258.97,102.32,0.8888
Vid1_0609.png,2,1217,1256,1564,1411,1390.81,1334.22,347.05,154.52,0.8863
Vid1_0609.png,3,1268,1412,1574,1509,1421.39,1460.83,305.7,96.79,0.8787
Vid1_0609.png,4,1146,1174,1403,1278,1275.15,1226.6,256.41,104.32,0.8859
Vid1_0610.png,2,1213,1262,1560,1412,1386.86,1337.49,346.33,150.69,0.9046
Vid1_0610.png,3,1258,1406,1553,1503,1406.17,1454.89,295.34,96.49,0.8724
Vid1_0610.png,4,1193,1155,1435,1261,1314.14,1208.79,241.81,106.25,0.8725
Vid1_0611.png,2,1211,1264,1557,1413,1384.47,1339.09,345.35,149.51,0.9003
Vid1_0611.png,3,1247,1404,1548,1501,1397.63,1452.92,300.99,97.77,0.865
Vid1_0611.png,4,1238,1130,1444,1247,1341.16,1189.02,205.86,117.55,0.8777
Vid1_0612.png,2,1207,1265,1554,1416,1381.27,1341.25,346.82,151.13,0.9036
Vid1_0612.png,3,1235,1404,1541,1501,1388.46,1452.72,305.35,97.18,0.8697
Vid1_0612.png,4,1270,1110,1462,1244,1366.5,1177.32,192.4,133.64,0.8903
Vid1_0613.png,2,1204,1267,1554,1419,1379.51,1343.32,350.8,152.38,0.9054
Vid1_0613.png,3,1227,1405,1535,1501,1381.96,1453.44,308.05,95.53,0.8643
Vid1_0613.png,4,1289,1097,1477,1239,1383.32,1168.55,187.44,141.71,0.8916
Vid1_0614.png,2,1205,1266,1553,1419,1379.46,1343.17,347.09,152.57,0.9074
Vid1_0614.png,3,1219,1406,1527,1503,1373.67,1454.59,307.47,97.14,0.8865
Vid1_0614.png,4,1327,1065,1480,1215,1404.16,1140.7,153.54,149.76,0.8353
Vid1_0615.png,2,1199,1266,1550,1422,1375.33,1344.42,351.15,156.79,0.9102
Vid1_0615.png,3,1213,1406,1521,1504,1367.56,1455.55,307.66,97.26,0.8778
Vid1_0615.png,4,1373,1037,1477,1202,1425.47,1120.0,104.35,164.86,0.7781
Vid1_0616.png,2,1198,1265,1550,1423,1374.3,1344.69,351.9,157.74,0.9105
Vid1_0616.png,3,1211,1407,1518,1504,1365.31,1455.87,307.12,97.52,0.8827
Vid1_0616.png,4,1376,1029,1473,1197,1425.12,1113.65,96.31,168.42,0.7926
Vid1_0617.png,2,1199,1263,1546,1420,1372.96,1341.66,347.91,156.78,0.9021
Vid1_0617.png,3,1205,1406,1506,1503,1356.02,1455.41,300.24,96.99,0.8846
Vid1_0617.png,4,1404,1020,1488,1176,1446.51,1098.51,84.75,156.8,0.7843
Vid1_0618.png,2,1196,1262,1543,1421,1369.96,1342.02,347.91,159.42,0.9096
Vid1_0618.png,3,1199,1407,1496,1503,1348.0,1455.25,297.97,96.49,0.8854
Vid1_0618.png,4,1392,1014,1476,1152,1434.46,1083.34,83.25,138.29,0.7808
Vid1_0619.png,2,1192,1261,1542,1422,1367.52,1342.14,350.05,161.49,0.9115
Vid1_0619.png,3,1197,1406,1493,1503,1345.39,1454.91,296.77,96.59,0.8854
Vid1_0619.png,4,1380,1011,1475,1132,1427.92,1071.85,95.36,120.77,0.7961
Vid1_0620.png,2,1188,1259,1539,1421,1363.93,1340.6,350.48,161.31,0.8995
Vid1_0620.png,3,1203,1412,1491,1504,1347.5,1458.43,287.54,91.52,0.8601
Vid1_0620.png,4,1343,1001,1493,1098,1418.44,1050.32,149.17,96.67,0.8425
Vid1_0621.png,2,1188,1259,1536,1416,1362.44,1338.0,347.21,157.99,0.8905
Vid1_0621.png,3,1219,1398,1462,1506,1340.87,1452.28,242.58,108.5,0.8699
Vid1_0621.png,4,1303,1001,1490,1090,1396.99,1046.32,187.66,89.31,0.8606
Vid1_0622.png,2,1183,1258,1534,1415,1359.07,1336.54,350.39,156.95,0.8901
Vid1_0622.png,3,1228,1387,1449,1505,1339.2,1446.61,220.45,118.03,0.8533
Vid1_0622.png,4,1266,1007,1494,1091,1380.54,1049.31,227.53,83.93,0.8715
Vid1_0623.png,2,1181,1256,1530,1410,1355.74,1333.74,349.06,153.85,0.8834
Vid1_0623.png,3,1225,1377,1443,1507,1334.82,1442.39,218.11,129.59,0.8786
Vid1_0623.png,4,1241,1011,1488,1097,1365.0,1054.94,247.83,86.06,0.8696
Vid1_0624.png,2,1185,1256,1526,1402,1356.19,1329.68,341.04,146.62,0.8744
Vid1_0624.png,3,1206,1361,1436,1508,1321.52,1434.98,230.55,147.25,0.8859
Vid1_0624.png,4,1221,1017,1477,1103,1349.7,1060.08,255.45,86.16,0.8693
Vid1_0625.png,2,1176,1253,1525,1403,1351.14,1328.77,348.61,150.04,0.8993
Vid1_0625.png,3,1184,1355,1424,1508,1304.77,1432.07,239.67,153.47,0.8879
Vid1_0625.png,4,1217,1017,1448,1113,1332.91,1065.4,231.59,95.58,0.8536
Vid1_0626.png,2,1170,1251,1522,1403,1346.42,1327.09,352.37,151.86,0.8805
Vid1_0626.png,3,1170,1356,1410,1508,1290.77,1432.27,240.05,152.13,0.8767
Vid1_0626.png,4,1233,1016,1385,1122,1309.37,1069.62,152.35,106.11,0.8279
Vid1_0627.png,2,1168,1249,1520,1400,1344.43,1325.12,352.09,150.8,0.8913
Vid1_0627.png,3,1160,1363,1405,1504,1282.83,1434.04,244.83,141.43,0.892
Vid1_0627.png,4,1226,1004,1364,1131,1295.47,1067.98,137.67,127.64,0.8565
Vid1_0628.png,2,1170,1248,1519,1398,1344.93,1323.54,349.18,149.6,0.8927
Vid1_0628.png,3,1155,1371,1400,1502,1278.36,1436.74,244.93,131.01,0.9008
Vid1_0628.png,4,1207,988,1376,1131,1292.16,1059.96,169.17,143.63,0.8838
Vid1_0629.png,2,1165,1246,1520,1398,1343.0,1322.49,354.67,151.69,0.9027
Vid1_0629.png,3,1143,1388,1383,1500,1263.27,1444.79,240.47,112.22,0.8802
Vid1_0629.png,4,1206,967,1401,1117,1304.27,1042.94,194.68,150.04,0.9053
Vid1_0630.png,2,1160,1245,1518,1397,1339.98,1321.45,358.03,152.87,0.9023
Vid1_0630.png,3,1152,1395,1371,1500,1261.77,1448.43,219.44,105.1,0.8495
Vid1_0630.png,4,1227,953,1425,1087,1326.46,1020.79,198.8,134.12,0.8743
Vid1_0631.png,2,1158,1244,1513,1400,1335.83,1322.16,355.36,156.13,0.9024
Vid1_0631.png,3,1159,1406,1343,1499,1251.73,1452.74,183.73,93.24,0.8224
Vid1_0631.png,4,1228,936,1456,1066,1342.54,1001.18,227.18,130.18,0.906
Vid1_0632.png,2,1158,1244,1509,1403,1333.77,1324.0,351.02,159.82,0.8934
Vid1_0632.png,3,1159,1404,1311,1501,1235.62,1453.3,151.8,97.37,0.6783
Vid1_0632.png,4,1241,924,1477,1048,1359.36,986.6,235.51,123.88,0.8945
Vid1_0633.png,2,1153,1243,1505,1406,1329.59,1324.81,351.67,162.41,0.9008
Vid1_0633.png,3,1147,1404,1289,1494,1218.62,1449.43,141.82,90.19,0.8009
Vid1_0633.png,4,1255,916,1489,1027,1372.76,972.32,233.59,111.21,0.893
Vid1_0634.png,2,1152,1242,1502,1406,1327.21,1324.5,350.21,164.14,0.8987
Vid1_0634.png,3,1143,1403,1293,1491,1218.52,1447.18,150.47,87.93,0.8175
Vid1_0634.png,4,1278,912,1503,1015,1390.83,963.9,225.05,102.86,0.8732
Vid1_0635.png,2,1149,1242,1498,1404,1323.93,1323.12,348.33,161.82,0.8965
Vid1_0635.png,3,1144,1399,1320,1490,1232.33,1445.05,175.72,90.38,0.8355
Vid1_0635.png,4,1315,905,1533,999,1424.51,952.86,218.82,94.26,0.8674
Vid1_0636.png,2,1146,1241,1494,1398,1320.46,1320.08,347.6,157.56,0.8982
Vid1_0636.png,3,1135,1396,1340,1487,1238.37,1441.96,205.23,90.29,0.8539
Vid1_0636.png,4,1339,899,1558,992,1449.01,946.07,218.68,92.96,0.8826
Vid1_0637.png,2,1143,1240,1491,1393,1317.6,1317.11,347.79,152.53,0.8995
Vid1_0637.png,3,1116,1394,1363,1486,1240.05,1440.93,246.1,91.97,0.8645
Vid1_0637.png,4,1363,895,1577,986,1470.3,941.04,214.13,91.7,0.8841
Vid1_0638.png,2,1142,1240,1490,1392,1316.51,1316.4,348.0,151.8,0.9017
Vid1_0638.png,3,1109,1395,1369,1485,1239.67,1440.32,259.47,90.47,0.8581
Vid1_0638.png,4,1379,893,1585,983,1482.37,938.7,205.58,89.63,0.862
Vid1_0639.png,2,1137,1238,1486,1382,1311.91,1310.4,349.41,144.41,0.9083
Vid1_0639.png,3,1135,1395,1398,1495,1267.24,1445.73,262.79,100.0,0.8804
Vid1_0639.png,4,1429,880,1621,994,1525.6,937.54,192.01,113.52,0.8797
Vid1_0640.png,2,1135,1236,1483,1378,1309.52,1307.91,348.37,142.0,0.9099
Vid1_0640.png,3,1155,1399,1418,1495,1287.07,1447.84,263.33,95.92,0.8714
Vid1_0640.png,4,1454,871,1641,983,1547.83,927.39,186.97,112.08,0.8729
Vid1_0641.png,2,1131,1233,1481,1379,1306.53,1306.13,350.89,145.88,0.9099
Vid1_0641.png,3,1166,1398,1459,1504,1313.03,1451.55,293.72,105.85,0.8883
Vid1_0641.png,4,1481,847,1666,964,1574.0,905.73,184.88,116.87,0.8782
Vid1_0642.png,2,1125,1231,1477,1375,1301.19,1303.96,351.63,143.93,0.9111
Vid1_0642.png,3,1188,1396,1488,1501,1338.97,1449.3,300.03,105.03,0.8897
Vid1_0642.png,4,1521,824,1666,928,1594.24,876.32,144.97,104.29,0.795
Vid1_0643.png,2,1119,1230,1470,1374,1294.8,1302.42,351.51,144.34,0.9074
Vid1_0643.png,3,1203,1393,1510,1504,1356.78,1449.04,307.33,111.24,0.8894
Vid1_0643.png,4,1552,812,1676,915,1614.51,863.74,123.67,102.95,0.822
Vid1_0644.png,2,1118,1228,1467,1373,1293.09,1300.7,348.86,145.39,0.9023
Vid1_0644.png,3,1227,1387,1532,1510,1379.71,1449.03,305.16,123.22,0.9012
Vid1_0644.png,4,1554,808,1706,902,1630.85,855.26,152.05,93.86,0.8531
Vid1_0645.png,2,1115,1225,1461,1370,1288.26,1298.38,345.86,144.88,0.8903
Vid1_0645.png,3,1256,1381,1554,1504,1405.56,1443.01,297.48,123.52,0.9011
Vid1_0645.png,4,1519,808,1661,897,1590.7,852.7,141.43,89.33,0.8172
Vid1_0646.png,2,1111,1225,1459,1367,1285.37,1296.19,347.74,142.13,0.8922
Vid1_0646.png,3,1269,1373,1572,1507,1421.0,1440.53,302.81,134.72,0.9146
Vid1_0646.png,4,1471,808,1652,897,1561.75,852.66,180.52,88.89,0.8522
Vid1_0647.png,2,1105,1223,1456,1366,1280.9,1294.87,351.11,143.43,0.8893
Vid1_0647.png,3,1296,1364,1591,1510,1443.97,1437.51,294.62,146.43,0.9063
Vid1_0647.png,4,1432,812,1639,903,1535.67,857.93,206.68,91.04,0.8706
Vid1_0648.png,2,1106,1222,1455,1366,1281.07,1294.57,348.28,144.68,0.8891
Vid1_0648.png,3,1326,1354,1616,1508,1471.82,1431.42,290.15,153.98,0.9011
Vid1_0648.png,4,1398,818,1629,913,1513.89,866.23,231.13,94.48,0.8752
Vid1_0649.png,2,1108,1221,1453,1366,1280.82,1294.04,344.91,144.53,0.8946
Vid1_0649.png,3,1340,1346,1637,1508,1488.7,1427.68,296.79,161.49,0.9255
Vid1_0649.png,4,1377,825,1619,919,1498.47,872.53,242.08,94.28,0.8842
Vid1_0650.png,2,1101,1221,1451,1364,1276.24,1293.19,349.55,142.88,0.8942
Vid1_0650.png,3,1357,1338,1658,1509,1507.81,1423.81,301.41,170.72,0.9157
Vid1_0650.png,4,1351,837,1599,930,1475.61,884.03,247.26,92.18,0.8717
Vid1_0651.png,2,1098,1222,1448,1364,1273.99,1293.73,349.99,142.32,0.8939
Vid1_0651.png,3,1381,1333,1679,1505,1530.33,1419.68,297.39,172.19,0.9133
Vid1_0651.png,4,1337,846,1584,937,1461.09,891.67,246.22,90.96,0.8836
Vid1_0652.png,2,1095,1222,1445,1366,1270.63,1294.35,350.42,143.87,0.8913
Vid1_0652.png,3,1396,1331,1696,1502,1546.21,1416.89,299.71,171.51,0.917
Vid1_0652.png,4,1337,857,1499,952,1418.24,904.97,162.33,94.1,0.8146
Vid1_0653.png,2,1094,1222,1444,1366,1269.2,1294.63,349.98,144.72,0.8923
Vid1_0653.png,3,1403,1329,1703,1502,1553.31,1415.99,300.54,172.29,0.9199
Vid1_0653.png,4,1334,863,1464,959,1399.45,911.47,130.16,96.93,0.8005
Vid1_0654.png,2,1096,1222,1442,1367,1269.36,1295.05,345.66,145.4,0.894
Vid1_0654.png,3,1417,1322,1715,1500,1566.68,1411.68,297.75,178.17,0.9086
Vid1_0654.png,4,1295,859,1472,960,1383.85,910.14,177.29,100.94,0.8861
Vid1_0655.png,2,1093,1222,1440,1367,1266.92,1295.31,346.87,145.28,0.8957
Vid1_0655.png,3,1455,1311,1740,1490,1597.86,1401.18,285.16,179.04,0.9118
Vid1_0655.png,4,1308,846,1511,950,1409.84,898.86,203.64,104.1,0.8725
Vid1_0656.png,2,1093,1220,1434,1370,1263.93,1295.66,341.45,150.02,0.899
Vid1_0656.png,3,1487,1292,1773,1485,1630.19,1388.75,285.66,192.61,0.9129
Vid1_0656.png,4,1338,833,1554,932,1446.66,883.03,215.64,99.24,0.8907
Vid1_0657.png,2,1093,1219,1432,1371,1262.9,1295.81,339.41,151.8,0.899
Vid1_0657.png,3,1498,1285,1784,1482,1641.54,1384.04,285.83,197.73,0.9129
Vid1_0657.png,4,1352,828,1572,925,1462.76,876.73,220.33,97.26,0.8907
Vid1_0658.png,2,1087,1217,1429,1369,1258.61,1293.11,342.01,152.02,0.9004
Vid1_0658.png,3,1525,1275,1813,1473,1669.85,1374.85,287.83,197.97,0.9219
Vid1_0658.png,4,1387,814,1603,907,1495.2,860.84,215.88,92.99,0.8626
Vid1_0659.png,2,1084,1214,1426,1371,1255.64,1292.68,342.4,157.05,0.9054
Vid1_0659.png,3,1553,1271,1840,1465,1696.88,1368.22,287.21,193.65,0.9217
Vid1_0659.png,4,1425,801,1640,890,1533.24,845.91,214.61,89.24,0.8561
Vid1_0660.png,2,1087,1212,1426,1370,1256.81,1291.21,338.55,157.86,0.9075
Vid1_0660.png,3,1573,1271,1859,1460,1716.89,1365.7,286.15,189.35,0.9163
Vid1_0660.png,4,1442,793,1659,879,1550.85,836.28,216.84,85.84,0.8585
Vid1_0661.png,2,1084,1212,1426,1364,1255.07,1288.28,341.99,152.51,0.9054
Vid1_0661.png,3,1585,1272,1874,1459,1730.25,1366.02,288.58,187.95,0.9189
Vid1_0661.png,4,1492,791,1695,869,1594.0,830.42,203.73,77.82,0.8329
Vid1_0662.png,2,1085,1211,1424,1363,1255.06,1287.24,339.32,152.09,0.9141
Vid1_0662.png,3,1599,1276,1886,1465,1742.73,1370.99,287.0,189.62,0.9221
Vid1_0662.png,4,1518,789,1731,870,1625.29,829.85,212.99,80.84,0.8588
Vid1_0663.png,2,1083,1210,1424,1361,1254.45,1285.88,340.94,151.72,0.9048
Vid1_0663.png,3,1609,1278,1894,1473,1752.1,1376.11,284.76,194.85,0.9065
Vid1_0663.png,4,1542,790,1751,872,1647.05,831.36,208.89,82.22,0.8561
Vid1_0664.png,2,1087,1210,1426,1357,1256.82,1284.08,338.7,147.73,0.9035
Vid1_0664.png,3,1616,1289,1904,1480,1760.48,1384.81,287.89,191.04,0.9175
Vid1_0664.png,4,1578,794,1790,882,1684.43,838.75,211.34,87.96,0.8693
Vid1_0665.png,2,1086,1209,1426,1354,1256.77,1281.8,339.82,145.21,0.9066
Vid1_0665.png,3,1622,1300,1912,1490,1767.55,1395.38,289.14,189.51,0.9237
Vid1_0665.png,4,1599,804,1825,895,1712.35,849.69,225.61,90.97,0.8714
Vid1_0666.png,2,1088,1209,1427,1353,1257.88,1281.04,338.25,144.01,0.9046
Vid1_0666.png,3,1624,1303,1914,1491,1769.59,1397.51,290.76,188.49,0.9189
Vid1_0666.png,4,1601,806,1834,899,1718.13,853.12,232.41,92.35,0.8675
Vid1_0667.png,2,1089,1207,1427,1352,1258.78,1280.34,337.94,145.25,0.907
Vid1_0667.png,3,1647,1307,1915,1485,1781.37,1396.65,268.58,178.06,0.9235
Vid1_0667.png,4,1626,822,1855,915,1741.17,869.35,229.0,93.1,0.872
Vid1_0668.png,2,1090,1205,1427,1352,1259.12,1278.94,336.29,147.26,0.9115
Vid1_0668.png,3,1662,1313,1927,1486,1794.88,1400.2,264.61,173.46,0.9113
Vid1_0668.png,4,1668,833,1881,928,1775.11,880.89,212.99,94.64,0.8652
Vid1_0669.png,2,1090,1202,1427,1356,1258.97,1279.78,336.1,154.08,0.9165
Vid1_0669.png,3,1678,1320,1940,1492,1809.34,1406.58,261.87,171.32,0.9124
Vid1_0669.png,4,1694,838,1881,938,1787.97,888.58,187.16,99.39,0.8637
Vid1_0670.png,2,1092,1200,1427,1360,1260.26,1280.57,335.23,159.95,0.9149
Vid1_0670.png,3,1691,1326,1951,1502,1821.37,1414.19,260.68,175.85,0.9116
Vid1_0670.png,4,1738,834,1905,946,1821.84,890.78,166.38,112.09,0.8473
Vid1_0671.png,2,1094,1199,1428,1360,1261.43,1279.88,334.51,161.24,0.9128
Vid1_0671.png,3,1703,1332,1960,1511,1832.39,1422.11,256.94,179.07,0.9116
Vid1_0671.png,4,1744,842,1883,963,1814.11,903.18,139.35,120.92,0.8325
Vid1_0672.png,2,1093,1198,1429,1363,1261.48,1281.36,335.28,164.92,0.9144
Vid1_0672.png,3,1726,1332,1973,1514,1849.77,1423.58,247.02,181.53,0.9039
Vid1_0672.png,4,1728,859,1854,982,1791.6,920.96,126.78,122.5,0.8421
Vid1_0673.png,2,1095,1198,1429,1365,1262.53,1282.28,333.95,166.86,0.9182
Vid1_0673.png,3,1756,1324,1996,1508,1876.68,1416.6,239.98,183.38,0.904
Vid1_0673.png,4,1728,884,1857,996,1793.15,940.56,128.85,111.98,0.8336
Vid1_0674.png,2,1096,1198,1430,1365,1263.83,1281.93,333.84,166.69,0.9155
Vid1_0674.png,3,1761,1314,2015,1502,1888.37,1408.7,253.87,187.69,0.922
Vid1_0674.png,4,1723,889,1844,1014,1783.88,951.64,120.89,125.09,0.8156
Vid1_0675.png,2,1098,1198,1431,1363,1264.69,1281.16,332.74,165.22,0.9165
Vid1_0675.png,3,1763,1311,2019,1497,1891.46,1404.79,256.38,186.31,0.9186
Vid1_0675.png,4,1722,891,1830,1020,1776.27,955.77,107.93,128.54,0.8031
Vid1_0676.png,2,1100,1199,1432,1367,1266.31,1283.47,331.63,168.44,0.9176
Vid1_0676.png,3,1782,1287,2020,1502,1901.36,1394.63,237.72,215.1,0.9055
Vid1_0676.png,4,1716,900,1812,1038,1764.55,969.6,95.46,137.54,0.8055
Vid1_0677.png,2,1108,1200,1434,1368,1271.57,1284.09,325.99,168.13,0.924
Vid1_0677.png,3,1785,1258,2021,1490,1903.86,1374.6,236.24,232.29,0.8965
Vid1_0677.png,4,1702,909,1822,1063,1762.75,986.43,120.35,154.24,0.8392
Vid1_0678.png,2,1106,1200,1436,1367,1271.82,1284.18,330.13,166.52,0.9217
Vid1_0678.png,3,1799,1229,2026,1472,1912.86,1350.89,226.77,242.46,0.8875
Vid1_0678.png,4,1684,929,1800,1077,1742.55,1003.37,115.55,147.37,0.8235
Vid1_0679.png,2,1108,1200,1437,1367,1273.0,1284.06,329.22,167.05,0.9207
Vid1_0679.png,3,1799,1195,2025,1455,1912.28,1325.39,226.5,259.7,0.8863
Vid1_0679.png,4,1671,969,1801,1092,1736.29,1030.85,129.73,122.66,0.8424
Vid1_0680.png,2,1114,1200,1438,1368,1276.49,1284.18,324.71,168.02,0.9209
Vid1_0680.png,3,1798,1165,2022,1428,1910.34,1297.04,223.63,263.37,0.8796
Vid1_0680.png,4,1658,992,1800,1106,1729.33,1049.71,142.14,114.57,0.849
Vid1_0681.png,2,1115,1200,1439,1367,1277.42,1284.01,323.83,167.93,0.9206
Vid1_0681.png,3,1800,1156,2021,1418,1910.69,1287.62,221.34,261.88,0.8791
Vid1_0681.png,4,1655,998,1801,1109,1728.53,1054.02,146.45,111.46,0.8525
Vid1_0682.png,2,1115,1199,1440,1368,1277.79,1284.03,324.68,168.51,0.9211
Vid1_0682.png,3,1808,1125,2022,1378,1915.7,1252.02,214.53,253.2,0.8916
Vid1_0682.png,4,1638,1005,1774,1123,1706.3,1064.48,136.31,118.89,0.846
Vid1_0683.png,2,1116,1199,1441,1369,1279.25,1284.84,325.19,169.73,0.9201
Vid1_0683.png,3,1809,1088,2020,1348,1915.02,1218.75,210.48,260.2,0.866
Vid1_0683.png,4,1626,1022,1752,1124,1689.86,1073.4,125.99,101.86,0.8217
Vid1_0684.png,2,1119,1200,1445,1368,1282.26,1284.67,325.56,167.53,0.9187
Vid1_0684.png,3,1808,1064,2018,1318,1913.6,1191.81,210.57,253.96,0.8818
Vid1_0684.png,4,1607,1032,1725,1133,1666.59,1083.24,117.57,100.73,0.8306
Vid1_0685.png,2,1123,1202,1447,1368,1285.76,1285.74,323.57,166.11,0.9186
Vid1_0685.png,3,1796,1049,2016,1297,1906.91,1173.41,220.16,248.12,0.8876
Vid1_0685.png,4,1574,1039,1724,1138,1649.5,1089.28,149.3,99.22,0.8759
Vid1_0686.png,2,1128,1205,1449,1372,1288.78,1289.16,321.23,167.1,0.922
Vid1_0686.png,3,1788,1038,2015,1281,1901.84,1159.86,227.64,243.48,0.8821
Vid1_0686.png,4,1573,1050,1728,1146,1651.27,1098.21,155.26,96.29,0.8604
Vid1_0687.png,2,1131,1208,1452,1377,1292.12,1292.95,320.32,168.54,0.9201
Vid1_0687.png,3,1781,1032,2013,1271,1897.81,1151.69,232.24,238.98,0.8858
Vid1_0687.png,4,1569,1059,1726,1151,1648.24,1105.51,157.42,92.94,0.8601
Vid1_0688.png,2,1137,1211,1455,1380,1296.14,1295.81,317.76,168.73,0.9167
Vid1_0688.png,3,1775,1031,2013,1265,1894.4,1148.22,237.77,234.25,0.8901
Vid1_0688.png,4,1613,1068,1768,1156,1691.35,1112.42,155.01,88.26,0.8461
Vid1_0689.png,2,1140,1213,1455,1381,1298.35,1297.58,315.22,168.34,0.9165
Vid1_0689.png,3,1772,1031,2012,1262,1892.68,1147.16,240.39,230.63,0.8908
Vid1_0689.png,4,1627,1074,1792,1160,1710.09,1117.31,165.78,85.79,0.8418
Vid1_0690.png,2,1147,1218,1458,1385,1302.89,1302.12,310.78,166.44,0.9036
Vid1_0690.png,3,1771,1038,2013,1262,1892.54,1150.84,241.54,224.27,0.8361
Vid1_0690.png,4,1624,1085,1846,1172,1735.5,1128.63,221.66,87.2,0.8604
Vid1_0691.png,2,1157,1223,1461,1387,1309.8,1305.09,304.03,164.09,0.8977
Vid1_0691.png,3,1760,1050,2011,1264,1886.09,1157.77,250.4,213.65,0.8312
Vid1_0691.png,4,1648,1086,1880,1178,1764.73,1132.76,232.24,92.14,0.8346
Vid1_0692.png,2,1152,1224,1462,1386,1307.85,1305.33,310.07,161.61,0.9029
Vid1_0692.png,3,1757,1063,2008,1267,1882.98,1165.23,251.74,203.8,0.8409
Vid1_0692.png,4,1678,1083,1950,1184,1814.11,1133.79,271.9,101.41,0.8156
Vid1_0693.png,2,1147,1229,1467,1387,1307.7,1308.26,320.12,157.9,0.9104
Vid1_0693.png,3,1755,1071,2015,1268,1885.27,1169.58,259.6,197.09,0.8518
Vid1_0693.png,4,1731,1074,1939,1181,1835.68,1127.73,208.04,106.75,0.7153
Vid1_0694.png,2,1153,1234,1470,1388,1311.78,1311.49,317.4,153.44,0.9163
Vid1_0694.png,3,1755,1078,2016,1253,1885.63,1165.84,261.11,174.74,0.8927
Vid1_0695.png,2,1158,1240,1474,1390,1316.48,1315.66,316.64,150.57,0.9146
Vid1_0695.png,3,1770,1084,2017,1267,1894.22,1175.6,246.49,183.18,0.8934
Vid1_0695.png,5,1829,1013,1938,1117,1884.03,1065.65,109.48,103.97,0.7889
Vid1_0696.png,2,1155,1246,1477,1392,1316.66,1319.47,322.29,146.49,0.9126
Vid1_0696.png,3,1794,1091,2018,1265,1906.55,1178.67,223.83,173.4,0.8946
Vid1_0696.png,5,1818,1014,1928,1115,1873.62,1064.94,109.65,100.51,0.7797
Vid1_0697.png,2,1152,1253,1480,1395,1316.81,1324.36,327.65,142.19,0.9023
Vid1_0697.png,3,1787,1101,2016,1258,1901.99,1179.64,229.89,156.73,0.9003
Vid1_0697.png,5,1809,1012,1920,1115,1864.95,1064.02,111.14,103.1,0.7681
Vid1_0698.png,2,1150,1253,1480,1396,1315.65,1325.16,330.5,143.12,0.9028
Vid1_0698.png,3,1783,1103,2015,1255,1899.66,1179.81,231.98,151.87,0.9018
Vid1_0698.png,5,1808,1011,1919,1115,1863.94,1063.23,111.28,104.15,0.7865
Vid1_0699.png,2,1156,1258,1483,1402,1320.08,1330.55,326.8,143.16,0.8985
Vid1_0699.png,3,1773,1106,2014,1262,1893.93,1184.29,241.33,156.02,0.896
Vid1_0699.png,5,1798,1017,1909,1130,1854.07,1074.04,110.64,113.2,0.7927
Vid1_0700.png,2,1156,1262,1485,1405,1320.75,1333.63,328.59,142.89,0.8998
Vid1_0700.png,3,1765,1108,2015,1265,1890.45,1187.07,249.23,156.99,0.8899
Vid1_0700.png,5,1774,1023,1876,1147,1825.67,1085.44,102.07,124.29,0.7717
Vid1_0701.png,2,1161,1269,1487,1412,1324.39,1340.97,325.9,143.78,0.9133
Vid1_0701.png,3,1763,1111,2010,1273,1887.17,1192.86,247.62,162.19,0.885
Vid1_0701.png,5,1716,1041,1902,1181,1809.36,1111.56,186.65,139.84,0.8708
Vid1_0702.png,2,1162,1270,1487,1415,1325.2,1343.06,325.48,144.77,0.9145
Vid1_0702.png,3,1763,1112,2009,1277,1886.73,1195.06,246.09,164.61,0.8793
Vid1_0702.png,5,1699,1047,1908,1192,1804.19,1120.22,208.44,145.54,0.8761
Vid1_0703.png,2,1158,1275,1491,1417,1324.87,1346.73,332.7,142.42,0.9068
Vid1_0703.png,3,1750,1119,2013,1288,1882.46,1204.25,262.98,168.82,0.8854
Vid1_0703.png,5,1673,1069,1897,1212,1785.47,1140.83,223.55,143.16,0.8762
Vid1_0704.png,2,1166,1280,1494,1421,1330.29,1350.96,327.86,140.2,0.8983
Vid1_0704.png,3,1743,1126,2014,1305,1878.7,1216.32,271.16,178.79,0.8895
Vid1_0704.png,5,1642,1091,1855,1232,1749.23,1162.22,213.46,140.56,0.8732
Vid1_0705.png,2,1165,1286,1498,1424,1332.06,1355.9,332.65,138.17,0.8957
Vid1_0705.png,3,1744,1135,2011,1322,1878.0,1228.79,266.82,186.92,0.8976
Vid1_0705.png,5,1601,1109,1839,1250,1720.57,1180.24,238.54,141.28,0.8608
Vid1_0706.png,2,1166,1290,1500,1429,1333.77,1360.14,334.2,139.12,0.9002
Vid1_0706.png,3,1740,1139,2010,1322,1875.61,1231.06,269.21,182.4,0.9106
Vid1_0706.png,5,1574,1123,1814,1257,1694.04,1190.95,240.04,134.03,0.8681
Vid1_0707.png,2,1176,1295,1505,1435,1340.76,1365.72,329.27,139.67,0.9033
Vid1_0707.png,3,1764,1154,2013,1329,1888.87,1241.74,249.58,175.26,0.8791
Vid1_0707.png,5,1538,1144,1796,1263,1667.56,1204.19,258.83,118.61,0.8698
Vid1_0708.png,2,1177,1302,1509,1440,1343.6,1371.41,331.33,137.75,0.9031
Vid1_0708.png,3,1749,1165,2013,1321,1881.74,1243.66,264.31,155.54,0.8798
Vid1_0708.png,5,1500,1170,1753,1267,1626.91,1218.86,253.59,97.24,0.8623
Vid1_0709.png,2,1174,1307,1512,1442,1343.57,1374.97,338.31,135.04,0.9066
Vid1_0709.png,3,1732,1174,2014,1312,1873.61,1243.21,281.82,137.83,0.8834
Vid1_0709.png,5,1459,1181,1731,1267,1595.24,1224.95,272.35,85.92,0.8588
Vid1_0710.png,2,1172,1309,1513,1443,1343.49,1376.12,341.02,133.99,0.9071
Vid1_0710.png,3,1726,1176,2014,1308,1870.45,1242.74,288.14,131.7,0.883
Vid1_0710.png,5,1443,1185,1723,1267,1583.26,1226.34,279.73,82.51,0.859
Vid1_0711.png,2,1184,1313,1519,1444,1351.81,1378.96,335.46,130.89,0.8996
Vid1_0711.png,3,1713,1190,2014,1313,1864.08,1252.03,301.28,122.5,0.8873
Vid1_0711.png,5,1400,1188,1682,1268,1541.64,1228.49,281.6,80.32,0.8709
Vid1_0712.png,2,1185,1315,1525,1450,1355.5,1383.11,340.24,134.51,0.9002
Vid1_0712.png,3,1705,1202,2014,1319,1859.9,1261.15,308.65,117.07,0.8834
Vid1_0712.png,5,1366,1187,1643,1271,1505.17,1229.35,276.81,84.34,0.8766
Vid1_0713.png,2,1184,1316,1527,1453,1355.96,1384.8,342.16,136.52,0.9021
Vid1_0713.png,3,1703,1204,2013,1321,1858.33,1263.14,310.08,116.35,0.8875
Vid1_0713.png,5,1358,1187,1633,1271,1495.78,1229.52,274.92,83.24,0.8685
Vid1_0714.png,2,1203,1317,1542,1453,1372.67,1385.61,339.34,136.25,0.8966
Vid1_0714.png,3,1709,1218,2011,1336,1860.11,1277.45,301.85,118.9,0.8735
Vid1_0714.png,5,1319,1189,1598,1272,1458.74,1230.74,279.1,83.16,0.8588
Vid1_0715.png,2,1208,1316,1552,1456,1380.31,1386.41,344.19,139.53,0.9001
Vid1_0715.png,3,1712,1226,2008,1347,1860.22,1287.04,295.8,120.38,0.8891
Vid1_0715.png,5,1293,1190,1572,1271,1432.61,1230.98,278.92,81.64,0.8788
Vid1_0716.png,2,1220,1316,1563,1457,1392.41,1386.64,343.08,141.08,0.9049
Vid1_0716.png,3,1710,1234,2006,1355,1858.44,1294.87,296.15,120.84,0.8945
Vid1_0716.png,5,1269,1189,1545,1274,1407.82,1231.94,276.13,84.65,0.8619
Vid1_0717.png,2,1243,1314,1593,1456,1418.57,1385.45,350.36,142.41,0.9038
Vid1_0717.png,3,1703,1251,2004,1370,1854.0,1310.89,300.38,118.55,0.8872
Vid1_0717.png,5,1210,1195,1490,1276,1350.4,1236.21,279.27,81.45,0.8753
Vid1_0718.png,2,1263,1313,1618,1456,1440.58,1384.99,354.85,143.27,0.8988
Vid1_0718.png,3,1698,1267,2004,1385,1851.35,1326.4,306.41,118.16,0.899
Vid1_0718.png,5,1168,1199,1447,1280,1308.13,1240.21,278.53,81.38,0.8772
Vid1_0719.png,2,1282,1314,1636,1456,1459.43,1385.42,353.82,142.19,0.9009
Vid1_0719.png,3,1700,1279,1988,1391,1844.23,1335.39,288.19,111.86,0.8945
Vid1_0719.png,5,1135,1201,1412,1285,1273.84,1243.96,277.57,84.06,0.8682
Vid1_0720.png,2,1293,1315,1651,1455,1472.74,1385.49,357.88,139.86,0.8944
Vid1_0720.png,3,1742,1282,1954,1396,1848.29,1339.37,211.84,114.63,0.8571
Vid1_0720.png,5,1109,1204,1386,1293,1248.23,1249.45,276.97,88.95,0.8719
Vid1_0721.png,2,1309,1318,1663,1453,1486.82,1385.71,354.28,135.19,0.8856
Vid1_0721.png,3,1781,1281,1933,1400,1857.27,1341.3,152.13,119.27,0.8056
Vid1_0721.png,5,1085,1210,1363,1301,1224.37,1255.79,277.49,91.45,0.8866
Vid1_0722.png,2,1316,1319,1669,1452,1493.06,1385.95,353.08,133.62,0.8856
Vid1_0722.png,3,1796,1280,1929,1405,1863.4,1343.06,133.05,125.28,0.8364
Vid1_0722.png,5,1075,1212,1353,1304,1214.44,1258.8,277.2,91.66,0.8889
Vid1_0723.png,2,1329,1322,1686,1456,1507.74,1389.79,356.86,133.91,0.8926
Vid1_0723.png,3,1760,1267,1919,1418,1840.19,1342.99,159.16,150.61,0.8595
Vid1_0723.png,5,1052,1221,1327,1312,1189.9,1266.95,275.68,91.88,0.8735
Vid1_0724.png,2,1340,1325,1697,1461,1518.84,1393.81,356.92,135.94,0.8988
Vid1_0724.png,3,1733,1259,1930,1414,1832.26,1336.85,197.2,154.95,0.8833
Vid1_0724.png,5,1035,1227,1311,1320,1173.53,1274.05,275.44,92.49,0.883
Vid1_0725.png,2,1350,1329,1705,1467,1527.92,1398.33,355.6,138.45,0.8945
Vid1_0725.png,3,1711,1245,1954,1402,1833.03,1324.16,243.06,157.34,0.9175
Vid1_0725.png,5,1020,1234,1295,1328,1158.33,1281.29,275.04,93.94,0.8799
Vid1_0726.png,2,1360,1333,1714,1470,1537.45,1402.22,354.08,137.5,0.9065
Vid1_0726.png,3,1689,1233,1965,1395,1827.66,1314.28,275.71,161.44,0.9199
Vid1_0726.png,5,1007,1244,1282,1336,1144.76,1290.11,274.62,91.86,0.873
Vid1_0727.png,2,1362,1334,1716,1472,1539.68,1403.24,354.09,138.02,0.9031
Vid1_0727.png,3,1682,1229,1971,1392,1827.16,1310.9,289.58,162.66,0.9196
Vid1_0727.png,5,1004,1246,1279,1337,1141.95,1292.27,274.17,90.97,0.8751
Vid1_0728.png,2,1372,1339,1727,1482,1550.16,1410.88,355.14,142.53,0.9017
Vid1_0728.png,3,1658,1218,1951,1387,1804.64,1303.25,293.08,168.62,0.9156
Vid1_0728.png,5,989,1258,1265,1346,1127.55,1302.24,276.28,88.19,0.8757
Vid1_0729.png,2,1388,1342,1736,1482,1562.49,1412.51,347.56,139.23,0.9111
Vid1_0729.png,3,1637,1213,1935,1387,1786.82,1300.45,297.94,173.17,0.9209
Vid1_0729.png,5,978,1267,1253,1354,1115.78,1311.15,275.14,86.34,0.8818
Vid1_0730.png,2,1400,1344,1744,1483,1572.59,1413.99,344.27,138.34,0.9003
Vid1_0730.png,3,1624,1210,1924,1388,1774.22,1299.6,299.98,177.82,0.9274
Vid1_0730.png,5,969,1277,1246,1364,1108.23,1320.83,276.5,87.48,0.862
Vid1_0731.png,2,1408,1346,1756,1484,1582.7,1415.35,347.97,138.35,0.8977
Vid1_0731.png,3,1616,1205,1910,1389,1763.18,1297.73,293.92,183.5,0.9207
Vid1_0731.png,5,961,1286,1238,1373,1099.86,1329.78,276.84,87.21,0.8545
Vid1_0732.png,2,1416,1347,1768,1486,1592.57,1416.94,352.25,139.18,0.8927
Vid1_0732.png,3,1598,1200,1893,1385,1745.88,1293.03,295.58,185.04,0.9155
Vid1_0732.png,5,953,1291,1229,1381,1091.46,1336.37,275.6,89.92,0.8597
Vid1_0733.png,2,1430,1348,1778,1487,1604.48,1418.16,347.13,138.54,0.8926
Vid1_0733.png,3,1575,1194,1875,1372,1725.47,1283.24,299.51,177.55,0.9217
Vid1_0733.png,5,940,1299,1198,1386,1069.61,1342.72,258.64,86.87,0.8682
Vid1_0734.png,2,1442,1350,1792,1484,1617.71,1417.86,349.44,133.88,0.8853
Vid1_0734.png,3,1552,1191,1855,1361,1703.86,1276.79,303.13,170.11,0.9259
Vid1_0734.png,5,914,1302,1183,1386,1049.02,1344.56,268.37,83.47,0.878
Vid1_0735.png,2,1457,1354,1805,1486,1631.67,1420.24,347.97,131.56,0.8777
Vid1_0735.png,3,1528,1192,1841,1355,1685.35,1274.12,313.03,163.72,0.9139
Vid1_0735.png,5,885,1303,1159,1384,1022.56,1343.75,273.42,80.57,0.8773
Vid1_0736.png,2,1468,1357,1819,1489,1643.84,1423.23,350.63,131.66,0.8742
Vid1_0736.png,3,1507,1195,1819,1347,1663.65,1271.74,312.59,152.44,0.9151
Vid1_0736.png,5,859,1302,1134,1383,997.19,1343.24,275.22,81.17,0.8718
Vid1_0737.png,2,1478,1358,1826,1492,1652.68,1425.82,348.4,133.95,0.9043
Vid1_0737.png,3,1491,1198,1801,1344,1646.73,1271.73,310.49,145.78,0.9195
Vid1_0737.png,5,838,1304,1115,1386,976.85,1345.23,276.62,82.02,0.8706
Vid1_0738.png,2,1493,1359,1835,1488,1664.39,1423.9,342.32,129.12,0.8874
Vid1_0738.png,3,1477,1202,1786,1347,1632.08,1274.81,309.74,145.32,0.9148
Vid1_0738.png,5,818,1306,1095,1388,956.84,1347.58,277.57,82.56,0.8765
Vid1_0739.png,2,1500,1360,1843,1487,1671.64,1423.92,343.11,126.39,0.8858
Vid1_0739.png,3,1463,1208,1769,1352,1616.79,1280.62,306.33,144.66,0.9091
Vid1_0739.png,5,799,1308,1077,1391,938.57,1350.24,278.77,82.73,0.8682
Vid1_0740.png,2,1514,1361,1850,1485,1682.59,1423.73,336.16,123.85,0.8985
Vid1_0740.png,3,1450,1214,1753,1362,1601.88,1288.26,303.2,148.33,0.9071
Vid1_0740.png,5,779,1315,1058,1396,918.89,1355.9,279.65,81.66,0.8556
Vid1_0741.png,2,1525,1363,1857,1486,1691.49,1424.89,331.86,123.0,0.8994
Vid1_0741.png,3,1439,1217,1739,1367,1589.17,1292.54,300.29,149.65,0.9171
Vid1_0741.png,5,764,1320,1041,1401,903.14,1361.18,277.26,81.61,0.8576
Vid1_0742.png,2,1532,1365,1862,1487,1697.38,1426.3,330.48,121.89,0.8938
Vid1_0742.png,3,1420,1222,1727,1372,1573.81,1297.3,306.77,149.89,0.9196
Vid1_0742.png,5,750,1324,1002,1410,876.18,1367.16,252.34,86.24,0.8469
Vid1_0743.png,2,1542,1367,1868,1490,1705.51,1429.13,325.7,122.44,0.8928
Vid1_0743.png,3,1403,1229,1712,1380,1557.92,1304.66,309.78,150.79,0.9264
Vid1_0743.png,5,723,1326,971,1410,847.76,1368.76,248.16,84.39,0.8669
Vid1_0744.png,2,1545,1368,1870,1490,1707.56,1429.42,325.05,122.2,0.8918
Vid1_0744.png,3,1398,1231,1708,1382,1553.68,1306.9,309.42,151.41,0.9279
Vid1_0744.png,5,717,1327,965,1411,841.43,1369.51,247.37,84.35,0.8613
Vid1_0745.png,2,1552,1370,1873,1490,1713.13,1430.4,321.17,119.95,0.8929
Vid1_0745.png,3,1389,1236,1699,1384,1544.15,1310.57,309.77,148.84,0.9258
Vid1_0745.png,5,697,1326,941,1409,819.7,1367.95,243.51,82.33,0.8531
Vid1_0746.png,2,1564,1373,1880,1493,1722.31,1433.75,315.9,120.34,0.891
Vid1_0746.png,3,1378,1242,1682,1388,1530.37,1315.45,303.26,145.37,0.9184
Vid1_0746.png,5,672,1324,906,1406,789.6,1365.48,233.43,82.29,0.8529
Vid1_0747.png,2,1584,1375,1869,1495,1727.22,1435.62,285.42,120.16,0.9091
Vid1_0747.png,3,1351,1248,1650,1394,1501.13,1321.17,298.34,146.11,0.9168
Vid1_0747.png,5,640,1324,867,1406,754.01,1365.13,227.57,81.95,0.8503
Vid1_0748.png,2,1609,1375,1863,1501,1736.62,1438.6,254.65,126.08,0.91
Vid1_0748.png,3,1329,1250,1632,1398,1481.42,1324.65,302.97,148.68,0.9241
Vid1_0748.png,5,617,1324,842,1405,730.19,1365.06,225.01,81.52,0.8599
Vid1_0749.png,2,1627,1374,1862,1506,1745.02,1440.32,234.46,132.1,0.9024
Vid1_0749.png,3,1310,1252,1614,1403,1462.3,1327.86,304.23,151.68,0.9216
Vid1_0749.png,5,599,1326,825,1409,712.3,1367.67,225.4,83.04,0.8588
Vid1_0750.png,2,1645,1371,1854,1506,1750.0,1439.06,208.35,134.19,0.8752
Vid1_0750.png,3,1294,1252,1596,1401,1445.42,1327.32,302.3,148.81,0.9178
Vid1_0750.png,5,582,1327,811,1413,697.01,1370.5,229.39,85.12,0.8671
Vid1_0751.png,2,1683,1374,1848,1506,1766.02,1440.25,164.3,131.81,0.7583
Vid1_0751.png,3,1271,1253,1572,1401,1421.94,1327.86,300.96,147.77,0.9181
Vid1_0751.png,5,568,1331,799,1417,684.19,1374.51,231.15,85.7,0.8789
Vid1_0752.png,2,1709,1367,1852,1503,1781.24,1435.42,142.59,136.07,0.8697
Vid1_0752.png,3,1249,1255,1554,1403,1401.79,1329.23,304.49,147.65,0.918
Vid1_0752.png,5,555,1335,788,1420,672.13,1378.1,233.55,84.53,0.8784
Vid1_0753.png,2,1694,1362,1853,1503,1774.04,1432.95,158.18,140.3,0.881
Vid1_0753.png,3,1227,1256,1537,1406,1382.4,1331.93,309.31,149.89,0.9176
Vid1_0753.png,5,541,1339,777,1425,659.86,1382.5,235.81,86.09,0.8825
Vid1_0754.png,2,1676,1360,1855,1494,1766.15,1427.49,178.32,134.83,0.8953
Vid1_0754.png,3,1212,1258,1523,1407,1367.88,1333.26,311.24,149.11,0.9179
Vid1_0754.png,5,530,1342,766,1432,648.91,1387.54,235.95,90.22,0.8801
Vid1_0755.png,2,1655,1357,1870,1491,1763.23,1424.55,214.68,134.05,0.8944
Vid1_0755.png,3,1198,1263,1510,1413,1354.5,1338.51,312.21,150.57,0.9258
Vid1_0755.png,5,520,1347,755,1441,638.12,1394.21,235.39,93.8,0.8674
Vid1_0756.png,2,1633,1355,1895,1487,1764.22,1421.41,262.36,132.29,0.8973
Vid1_0756.png,3,1187,1266,1501,1417,1344.22,1341.93,313.88,150.92,0.9208
Vid1_0756.png,5,504,1347,724,1440,614.38,1393.91,220.32,92.35,0.8565
Vid1_0757.png,2,1612,1350,1914,1479,1763.56,1415.43,302.19,128.93,0.9059
Vid1_0757.png,3,1179,1268,1488,1420,1333.81,1344.67,308.92,151.53,0.9277
Vid1_0757.png,5,477,1348,714,1438,595.97,1393.35,236.33,89.72,0.8727
Vid1_0758.png,2,1597,1347,1926,1474,1761.87,1410.9,328.96,127.63,0.9049
Vid1_0758.png,3,1173,1268,1472,1419,1323.1,1344.0,299.58,150.44,0.9205
Vid1_0758.png,5,455,1345,690,1439,572.72,1392.8,234.71,94.3,0.8726
Vid1_0759.png,2,1577,1342,1921,1473,1749.68,1407.82,343.69,131.41,0.9126
Vid1_0759.png,3,1157,1270,1460,1425,1309.1,1348.11,303.58,155.13,0.9264
Vid1_0759.png,5,417,1341,660,1430,539.09,1385.86,243.52,88.36,0.8807
Vid1_0760.png,2,1562,1337,1911,1475,1736.67,1406.9,349.31,138.15,0.9231
Vid1_0760.png,3,1141,1272,1441,1423,1291.57,1348.1,299.58,150.4,0.9226
Vid1_0760.png,5,384,1335,629,1416,506.64,1376.11,245.26,81.56,0.8767
Vid1_0761.png,2,1548,1335,1900,1477,1724.58,1406.15,351.67,141.74,0.9171
Vid1_0761.png,3,1121,1274,1421,1423,1271.2,1348.71,300.03,148.85,0.9243
Vid1_0761.png,5,358,1328,608,1410,483.91,1369.31,250.04,82.13,0.8698
Vid1_0762.png,2,1536,1332,1884,1478,1710.59,1405.4,347.95,146.43,0.9137
Vid1_0762.png,3,1096,1277,1404,1425,1250.14,1351.28,307.74,148.13,0.9225
Vid1_0762.png,5,337,1325,587,1411,462.58,1368.23,250.19,85.67,0.8733
Vid1_0763.png,2,1526,1328,1871,1481,1699.23,1404.81,344.88,152.73,0.9202
Vid1_0763.png,3,1074,1282,1387,1426,1230.75,1354.72,313.01,144.24,0.9087
Vid1_0763.png,5,315,1324,567,1412,441.71,1368.24,251.6,88.08,0.8651
Vid1_0764.png,2,1516,1326,1862,1481,1689.56,1404.05,345.32,155.38,0.9181
Vid1_0764.png,3,1055,1289,1370,1431,1212.8,1360.48,314.6,141.47,0.9102
Vid1_0764.png,5,297,1323,549,1415,423.84,1369.87,252.06,91.86,0.8767
Vid1_0765.png,2,1509,1325,1855,1482,1682.54,1404.02,345.73,156.91,0.9193
Vid1_0765.png,3,1044,1293,1346,1429,1195.34,1361.4,302.11,135.75,0.9103
Vid1_0765.png,5,285,1323,538,1418,411.94,1371.3,252.59,95.22,0.8733
Vid1_0766.png,2,1500,1324,1840,1479,1670.22,1402.16,339.73,155.33,0.9181
Vid1_0766.png,3,1000,1296,1306,1422,1153.32,1359.69,306.12,125.87,0.9043
Vid1_0766.png,5,276,1330,511,1433,393.98,1382.23,235.35,103.18,0.8826
Vid1_0767.png,2,1495,1323,1834,1478,1664.89,1401.0,338.74,154.13,0.9176
Vid1_0767.png,3,980,1298,1288,1420,1134.25,1359.31,307.77,121.57,0.9028
Vid1_0767.png,5,273,1333,496,1443,384.98,1388.42,222.19,110.31,0.8823
Vid1_0768.png,2,1487,1323,1833,1477,1660.15,1400.65,345.82,154.24,0.9132
Vid1_0768.png,3,935,1301,1243,1415,1089.34,1358.8,307.57,114.34,0.9093
Vid1_0768.png,5,276,1328,455,1471,365.89,1400.14,178.53,142.66,0.8652
Vid1_0769.png,2,1476,1323,1825,1474,1650.88,1399.01,348.62,151.15,0.9158
Vid1_0769.png,3,888,1305,1206,1418,1047.42,1362.03,317.69,113.18,0.9024
Vid1_0769.png,5,263,1298,444,1464,353.71,1381.73,180.81,165.54,0.8943
Vid1_0770.png,2,1467,1324,1815,1472,1641.45,1398.31,347.15,148.31,0.9158
Vid1_0770.png,3,852,1308,1172,1420,1012.72,1364.23,319.99,112.29,0.9002
Vid1_0770.png,5,240,1273,431,1460,336.24,1367.13,191.2,187.53,0.8849
Vid1_0771.png,2,1461,1325,1806,1472,1633.98,1398.9,345.01,147.24,0.9129
Vid1_0771.png,3,824,1312,1135,1422,980.1,1367.47,311.49,109.59,0.8895
Vid1_0771.png,5,218,1277,406,1468,312.47,1373.1,187.55,190.66,0.8862
Vid1_0772.png,2,1455,1326,1802,1473,1629.27,1399.9,346.6,147.36,0.9124
Vid1_0772.png,3,792,1315,1106,1427,949.36,1371.34,313.7,111.98,0.8891
Vid1_0772.png,5,194,1286,408,1479,301.27,1382.87,214.47,193.0,0.8804
Vid1_0773.png,2,1449,1326,1797,1474,1623.75,1400.33,348.22,147.94,0.9141
Vid1_0773.png,3,770,1316,1076,1434,923.53,1375.29,305.15,117.91,0.9091
Vid1_0773.png,5,172,1302,404,1480,288.8,1391.68,231.99,178.3,0.8822
Vid1_0774.png,2,1444,1326,1792,1476,1618.38,1401.11,348.46,149.82,0.9138
Vid1_0774.png,3,739,1318,1049,1439,894.34,1378.73,309.98,121.12,0.9121
Vid1_0774.png,5,164,1322,389,1477,276.73,1399.97,224.79,155.8,0.8756
Vid1_0775.png,2,1438,1326,1787,1475,1613.27,1401.42,349.38,149.16,0.915
Vid1_0775.png,3,711,1320,1026,1443,868.98,1382.21,314.76,122.66,0.8902
Vid1_0775.png,5,181,1349,341,1465,261.31,1407.58,160.3,115.46,0.7883
Vid1_0776.png,2,1435,1329,1778,1475,1606.68,1402.47,343.26,146.59,0.919
Vid1_0776.png,3,691,1323,1006,1443,848.89,1383.61,314.46,120.26,0.8797
Vid1_0776.png,5,193,1361,297,1467,245.49,1414.64,103.09,106.47,0.6649
Vid1_0777.png,2,1428,1331,1777,1471,1603.21,1401.32,349.21,140.11,0.9103
Vid1_0777.png,3,672,1326,981,1443,827.42,1385.07,309.03,117.19,0.894
Vid1_0777.png,5,202,1365,297,1469,250.28,1417.44,95.38,104.86,0.7635
Vid1_0778.png,2,1425,1331,1773,1467,1599.16,1399.73,348.14,135.98,0.9099
Vid1_0778.png,3,658,1330,965,1451,811.7,1390.93,307.39,121.23,0.8953
Vid1_0778.png,5,202,1359,317,1470,260.11,1415.13,114.25,110.75,0.796
Vid1_0779.png,2,1419,1331,1769,1458,1594.48,1395.1,350.82,126.45,0.9035
Vid1_0779.png,3,641,1335,949,1463,795.57,1399.4,308.32,128.09,0.9097
Vid1_0779.png,5,200,1375,353,1470,276.59,1422.98,153.13,95.26,0.8252
Vid1_0780.png,2,1414,1331,1760,1455,1587.73,1393.64,345.98,124.15,0.9023
Vid1_0780.png,3,630,1341,935,1476,783.33,1408.59,305.31,134.92,0.913
Vid1_0780.png,5,194,1379,394,1473,294.48,1426.69,200.93,93.86,0.8705
Vid1_0781.png,2,1412,1330,1759,1455,1586.25,1393.37,346.85,125.23,0.9072
Vid1_0781.png,3,626,1344,921,1480,774.24,1412.61,295.15,136.56,0.9045
Vid1_0781.png,5,204,1386,430,1471,317.54,1429.34,225.75,85.09,0.853
Vid1_0782.png,2,1411,1330,1760,1456,1585.95,1393.02,349.63,126.01,0.9047
Vid1_0782.png,3,621,1346,904,1480,763.18,1413.53,282.43,133.16,0.9021
Vid1_0782.png,5,207,1388,461,1473,334.75,1430.97,253.94,85.57,0.8683
Vid1_0783.png,2,1404,1329,1754,1455,1579.42,1392.39,350.08,125.46,0.9002
Vid1_0783.png,3,609,1349,882,1486,746.21,1417.94,272.71,136.23,0.9051
Vid1_0783.png,5,252,1393,520,1474,386.43,1434.02,267.64,81.15,0.8564
Vid1_0784.png,2,1399,1330,1745,1455,1572.48,1393.15,345.13,124.3,0.9091
Vid1_0784.png,3,623,1350,854,1486,738.98,1418.58,231.65,135.26,0.8822
Vid1_0784.png,5,289,1394,560,1475,424.99,1435.02,271.0,81.71,0.8628
Vid1_0785.png,2,1396,1332,1744,1456,1570.16,1394.28,348.14,124.38,0.9119
Vid1_0785.png,3,636,1347,811,1488,723.82,1418.09,174.4,140.38,0.8649
Vid1_0785.png,5,325,1392,590,1478,458.15,1435.53,264.46,85.35,0.8707
Vid1_0786.png,2,1392,1333,1743,1456,1568.21,1395.15,351.38,123.4,0.9103
Vid1_0786.png,3,641,1336,781,1496,711.41,1416.59,139.34,159.37,0.821
Vid1_0786.png,5,360,1393,617,1478,488.94,1435.99,257.15,84.66,0.8631
Vid1_0787.png,2,1390,1334,1741,1456,1565.88,1395.45,350.99,122.47,0.9102
Vid1_0787.png,3,641,1322,746,1501,694.17,1411.65,105.22,179.0,0.8275
Vid1_0787.png,5,384,1391,643,1477,514.03,1434.61,258.43,86.38,0.8593
Vid1_0788.png,2,1388,1334,1734,1454,1561.3,1394.48,346.52,119.54,0.9085
Vid1_0788.png,3,621,1317,772,1487,697.09,1402.6,150.38,170.23,0.837
Vid1_0788.png,5,424,1378,654,1476,539.17,1427.51,229.7,98.25,0.7945
Vid1_0789.png,2,1386,1335,1731,1455,1558.81,1395.34,345.5,120.5,0.9072
Vid1_0789.png,3,610,1312,790,1480,700.54,1396.57,180.92,167.84,0.8668
Vid1_0789.png,5,461,1365,657,1478,559.71,1422.18,196.13,113.61,0.8014
Vid1_0790.png,2,1383,1335,1733,1457,1558.34,1396.67,349.97,121.83,0.9051
Vid1_0790.png,3,587,1304,818,1479,702.6,1392.2,230.95,175.44,0.8991
Vid1_0790.png,5,470,1355,653,1477,561.95,1416.34,182.66,121.38,0.8337
Vid1_0791.png,2,1381,1336,1732,1457,1557.19,1396.86,350.57,120.63,0.9046
Vid1_0791.png,3,607,1293,848,1468,728.12,1380.65,241.03,175.09,0.9019
Vid1_0791.png,5,478,1342,655,1473,567.11,1408.23,177.27,130.92,0.8635
Vid1_0792.png,2,1381,1337,1731,1456,1556.67,1397.12,350.32,119.69,0.9031
Vid1_0792.png,3,618,1286,866,1457,742.68,1371.96,248.2,170.52,0.9021
Vid1_0792.png,5,485,1336,654,1471,569.72,1403.9,169.26,134.73,0.8668
Vid1_0793.png,2,1380,1339,1729,1457,1554.98,1398.18,349.78,118.26,0.8972
Vid1_0793.png,3,635,1273,903,1446,769.78,1360.35,267.92,173.05,0.9169
Vid1_0793.png,5,526,1317,692,1441,609.4,1379.06,166.61,124.05,0.8359
Vid1_0794.png,2,1378,1342,1726,1459,1552.13,1400.75,348.06,116.58,0.8956
Vid1_0794.png,3,656,1263,941,1429,799.43,1346.55,285.02,166.87,0.8967
Vid1_0794.png,5,529,1293,754,1416,642.12,1355.01,225.49,123.66,0.858
Vid1_0795.png,2,1376,1345,1727,1464,1552.0,1404.69,350.37,119.33,0.8958
Vid1_0795.png,3,689,1252,981,1414,835.2,1333.54,292.3,162.13,0.8941
Vid1_0795.png,5,561,1275,802,1384,682.05,1329.87,241.55,108.28,0.8518
Vid1_0796.png,2,1375,1347,1727,1466,1551.54,1406.92,351.27,119.25,0.8961
Vid1_0796.png,3,723,1244,1015,1401,869.88,1322.89,291.95,156.54,0.9018
Vid1_0796.png,5,599,1262,853,1356,726.54,1309.42,253.28,94.71,0.8432
Vid1_0797.png,2,1374,1350,1725,1470,1549.64,1410.12,350.93,120.17,0.8924
Vid1_0797.png,3,756,1240,1050,1390,903.85,1315.74,293.79,150.04,0.8751
Vid1_0797.png,5,660,1243,915,1334,787.92,1289.25,254.66,90.57,0.827
Vid1_0798.png,2,1372,1352,1721,1473,1546.95,1412.96,349.88,121.56,0.8969
Vid1_0798.png,3,779,1239,1081,1384,930.4,1312.38,302.15,145.07,0.8597
Vid1_0798.png,5,742,1232,973,1315,858.21,1274.07,230.77,82.74,0.6985
Vid1_0799.png,2,1371,1354,1719,1479,1545.26,1417.07,347.68,124.74,0.8941
Vid1_0799.png,3,800,1242,1107,1377,954.01,1310.3,307.17,135.39,0.8299
Vid1_0799.png,5,797,1225,1076,1301,936.97,1263.92,279.7,76.15,0.6659
Vid1_0800.png,2,1371,1356,1720,1482,1545.86,1419.52,348.63,126.86,0.8906
Vid1_0800.png,3,821,1248,1138,1371,979.71,1310.26,317.19,123.46,0.7967
Vid1_0800.png,5,859,1218,1136,1296,998.04,1257.49,277.0,77.79,0.7851
Vid1_0801.png,2,1371,1356,1721,1483,1546.3,1420.14,350.56,127.25,0.8936
Vid1_0801.png,3,823,1262,1097,1370,960.6,1316.38,273.38,107.87,0.7894
Vid1_0801.png,5,877,1217,1152,1293,1015.05,1255.59,275.19,76.55,0.7436
Vid1_0802.png,2,1370,1358,1718,1485,1544.34,1422.12,347.64,126.95,0.8975
Vid1_0802.png,3,848,1263,1133,1373,990.95,1318.38,284.4,109.74,0.8424
Vid1_0802.png,5,941,1212,1217,1295,1079.45,1254.21,276.05,83.37,0.8129
Vid1_0803.png,2,1370,1359,1716,1487,1543.29,1423.75,346.55,128.42,0.9037
Vid1_0803.png,3,863,1266,1159,1375,1011.78,1320.85,295.82,109.55,0.8563
Vid1_0803.png,5,979,1210,1255,1299,1117.7,1255.1,276.28,88.91,0.846
Vid1_0804.png,2,1370,1359,1719,1490,1544.89,1425.1,348.53,131.5,0.9036
Vid1_0804.png,3,888,1280,1197,1389,1043.03,1335.1,309.17,108.45,0.8709
Vid1_0804.png,5,1041,1209,1318,1309,1180.23,1259.17,277.1,100.07,0.8646
Vid1_0805.png,2,1371,1359,1715,1489,1543.62,1424.33,344.59,130.03,0.9026
Vid1_0805.png,3,904,1293,1216,1400,1060.42,1346.83,312.11,106.8,0.8851
Vid1_0805.png,5,1082,1210,1358,1319,1220.53,1264.69,276.38,108.93,0.8918
Vid1_0806.png,2,1372,1359,1712,1491,1542.45,1425.29,339.78,131.68,0.908
Vid1_0806.png,3,931,1302,1230,1410,1081.27,1356.47,299.32,108.13,0.8889
Vid1_0806.png,5,1137,1223,1396,1331,1266.96,1277.37,258.24,108.29,0.8937
Vid1_0807.png,2,1373,1359,1711,1491,1542.06,1425.61,338.0,132.28,0.908
Vid1_0807.png,3,941,1305,1235,1414,1088.63,1359.84,293.97,108.7,0.8889
Vid1_0807.png,5,1157,1228,1408,1336,1282.66,1282.85,250.84,107.92,0.8937
Vid1_0808.png,2,1372,1359,1717,1492,1544.94,1425.91,345.31,133.76,0.8996
Vid1_0808.png,3,976,1311,1274,1431,1125.92,1371.42,298.11,119.75,0.8968
Vid1_0808.png,5,1226,1248,1484,1358,1355.44,1303.21,258.61,110.0,0.8576
Vid1_0809.png,2,1373,1360,1712,1492,1542.61,1426.31,339.07,131.92,0.8954
Vid1_0809.png,3,1007,1312,1308,1442,1158.08,1377.51,300.65,130.21,0.9051
Vid1_0809.png,5,1294,1270,1562,1380,1428.86,1325.75,267.81,109.95,0.821
Vid1_0810.png,2,1371,1364,1712,1492,1542.02,1428.47,340.14,128.78,0.8912
Vid1_0810.png,3,1034,1313,1331,1454,1182.96,1383.79,297.47,141.44,0.9159
Vid1_0810.png,5,1354,1287,1620,1399,1487.59,1343.56,265.92,111.92,0.8441
Vid1_0811.png,2,1373,1367,1717,1494,1545.46,1430.67,344.04,126.89,0.8536
Vid1_0811.png,3,1056,1310,1347,1468,1202.31,1389.6,291.13,157.6,0.9102
Vid1_0811.png,5,1390,1302,1663,1411,1526.76,1357.07,272.51,109.24,0.8012
Vid1_0812.png,2,1371,1368,1714,1490,1543.41,1429.46,343.05,121.12,0.7722
Vid1_0812.png,3,1091,1302,1372,1464,1232.3,1383.29,281.24,161.66,0.9004
Vid1_0812.png,5,1427,1316,1712,1445,1570.11,1380.87,285.24,128.67,0.7541
Vid1_0813.png,2,1371,1366,1715,1487,1543.33,1427.07,343.52,121.23,0.8191
Vid1_0813.png,3,1115,1289,1403,1464,1259.47,1377.2,288.21,174.65,0.9145
Vid1_0813.png,5,1471,1326,1739,1457,1605.82,1391.87,268.28,131.02,0.7291
Vid1_0814.png,2,1371,1358,1713,1489,1542.38,1424.02,341.96,130.1,0.8622
Vid1_0814.png,3,1140,1280,1429,1461,1285.1,1371.03,289.24,180.08,0.9221
Vid1_0814.png,5,1552,1341,1769,1454,1661.11,1398.08,216.54,113.28,0.6831
Vid1_0815.png,2,1370,1358,1710,1490,1540.51,1424.38,340.75,131.91,0.8801
Vid1_0815.png,3,1162,1273,1456,1454,1309.47,1364.03,294.76,180.49,0.9184
Vid1_0815.png,5,1618,1351,1798,1451,1708.48,1401.8,180.41,99.86,0.7768
Vid1_0816.png,2,1369,1359,1708,1490,1539.31,1424.81,338.96,130.87,0.8674
Vid1_0816.png,3,1168,1271,1463,1452,1315.92,1362.23,294.28,181.03,0.9159
Vid1_0816.png,5,1569,1354,1800,1448,1685.2,1401.4,231.23,94.55,0.7615
Vid1_0817.png,2,1369,1367,1714,1492,1541.71,1430.07,344.86,124.27,0.8655
Vid1_0817.png,3,1190,1268,1487,1438,1339.15,1353.49,296.76,170.75,0.9094
Vid1_0817.png,5,1576,1360,1834,1450,1705.83,1405.55,258.24,90.19,0.843
Vid1_0818.png,2,1370,1374,1716,1498,1543.24,1436.45,346.17,124.04,0.8665
Vid1_0818.png,3,1211,1267,1511,1430,1361.48,1349.07,299.31,163.0,0.9068
Vid1_0818.png,5,1595,1361,1861,1454,1728.82,1408.0,265.86,92.1,0.8401
Vid1_0819.png,2,1371,1377,1715,1503,1543.56,1440.62,344.1,126.0,0.889
Vid1_0819.png,3,1232,1267,1528,1424,1380.87,1346.14,295.99,156.8,0.9064
Vid1_0819.png,5,1645,1361,1868,1471,1757.0,1416.26,222.49,109.62,0.8127
Vid1_0820.png,2,1372,1379,1718,1507,1545.45,1443.17,345.96,127.69,0.8967
Vid1_0820.png,3,1260,1264,1559,1416,1409.75,1340.51,298.72,152.1,0.9062
Vid1_0820.png,5,1656,1358,1884,1459,1770.65,1409.19,227.74,100.44,0.844
Vid1_0821.png,2,1371,1381,1720,1508,1545.99,1444.88,348.58,126.97,0.8971
Vid1_0821.png,3,1292,1258,1596,1408,1444.68,1333.35,303.65,150.25,0.8891
Vid1_0821.png,5,1684,1353,1896,1449,1790.04,1401.6,211.95,95.9,0.8722
Vid1_0822.png,2,1370,1383,1717,1508,1543.85,1445.71,346.98,124.71,0.8939
Vid1_0822.png,3,1322,1253,1627,1403,1475.08,1328.63,305.64,149.68,0.9012
Vid1_0822.png,5,1708,1349,1909,1448,1809.19,1399.2,200.64,99.16,0.8785
Vid1_0823.png,2,1367,1386,1717,1506,1542.65,1446.39,349.91,120.77,0.8884
Vid1_0823.png,3,1351,1249,1657,1398,1504.24,1323.58,305.69,148.98,0.8948
Vid1_0823.png,5,1733,1342,1913,1455,1823.55,1399.14,180.54,113.71,0.856
Vid1_0824.png,2,1368,1386,1714,1508,1541.61,1447.45,346.65,122.63,0.8895
Vid1_0824.png,3,1373,1247,1674,1392,1523.98,1319.89,300.89,145.64,0.9063
Vid1_0824.png,5,1806,1343,1917,1475,1861.97,1409.49,110.28,132.62,0.6262
Vid1_0825.png,2,1367,1386,1715,1506,1541.19,1446.37,347.79,120.55,0.8917
Vid1_0825.png,3,1396,1245,1697,1389,1547.05,1317.65,301.28,144.13,0.9
Vid1_0825.png,5,1831,1348,1925,1486,1878.14,1417.61,93.87,138.17,0.7424
Vid1_0826.png,2,1364,1386,1713,1506,1539.21,1446.56,348.96,119.65,0.8978
Vid1_0826.png,3,1416,1247,1716,1388,1566.53,1317.9,300.62,140.42,0.899
Vid1_0826.png,5,1817,1389,1956,1498,1886.66,1443.87,138.83,109.38,0.8274
Vid1_0827.png,2,1363,1386,1713,1505,1538.58,1446.08,350.21,118.96,0.8965
Vid1_0827.png,3,1424,1248,1724,1387,1574.49,1318.09,300.67,138.43,0.8971
Vid1_0827.png,5,1814,1410,1970,1505,1892.28,1458.05,155.48,95.87,0.8412
Vid1_0828.png,2,1358,1385,1707,1508,1532.9,1446.84,349.45,123.58,0.9086
Vid1_0828.png,3,1440,1254,1740,1388,1590.75,1321.61,299.52,133.34,0.8969
Vid1_0828.png,5,1772,1429,1947,1515,1859.89,1472.19,175.75,85.77,0.8362
Vid1_0829.png,2,1357,1383,1704,1508,1530.79,1446.18,346.47,125.32,0.918
Vid1_0829.png,3,1451,1266,1757,1393,1604.62,1329.95,306.77,127.72,0.8969
Vid1_0829.png,5,1722,1430,1943,1510,1833.24,1470.61,220.6,79.55,0.8391
Vid1_0830.png,2,1358,1382,1703,1508,1531.01,1445.83,345.21,126.3,0.9168
Vid1_0830.png,3,1459,1271,1765,1396,1612.4,1334.28,305.5,125.19,0.8952
Vid1_0830.png,5,1701,1430,1936,1506,1818.96,1468.4,234.86,76.15,0.8238
Vid1_0831.png,2,1357,1382,1697,1506,1527.72,1444.52,339.66,124.88,0.9151
Vid1_0831.png,3,1466,1277,1772,1399,1619.58,1338.46,306.01,121.47,0.8944
Vid1_0831.png,5,1679,1424,1921,1504,1800.31,1464.32,242.16,79.39,0.8259
Vid1_0832.png,2,1356,1381,1667,1493,1511.97,1437.81,311.34,112.24,0.8346
Vid1_0832.png,3,1484,1297,1789,1409,1636.99,1353.98,304.44,111.99,0.8512
Vid1_0832.png,5,1627,1417,1881,1501,1754.51,1459.54,254.57,83.52,0.8392
Vid1_0833.png,2,1352,1381,1634,1487,1493.77,1434.74,282.3,106.33,0.8131
Vid1_0833.png,3,1497,1313,1795,1418,1646.33,1365.78,297.86,104.81,0.8596
Vid1_0833.png,5,1590,1415,1844,1500,1717.65,1458.42,254.54,85.14,0.8394
Vid1_0834.png,2,1349,1378,1614,1477,1482.14,1428.25,265.62,98.77,0.7524
Vid1_0834.png,3,1511,1324,1802,1427,1657.01,1375.94,291.33,102.53,0.8697
Vid1_0834.png,5,1555,1411,1816,1501,1685.88,1456.38,260.39,89.95,0.8493
Vid1_0835.png,2,1348,1378,1605,1475,1477.05,1426.73,257.38,96.84,0.7818
Vid1_0835.png,3,1516,1327,1803,1429,1660.37,1378.91,286.78,102.09,0.8612
Vid1_0835.png,5,1544,1409,1806,1501,1675.93,1455.72,262.09,92.43,0.8488
Vid1_0836.png,2,1387,1387,1665,1495,1526.47,1441.75,278.52,107.57,0.8292
Vid1_0836.png,3,1534,1340,1808,1434,1671.42,1387.67,274.77,93.47,0.8436
Vid1_0837.png,2,1362,1387,1683,1500,1522.89,1444.16,321.33,112.8,0.8361
Vid1_0837.png,3,1543,1353,1812,1438,1678.32,1396.1,269.28,85.46,0.8136
Vid1_0838.png,2,1342,1386,1688,1504,1515.47,1445.55,346.67,118.12,0.8567
Vid1_0838.png,3,1548,1362,1815,1449,1682.4,1406.09,267.17,87.16,0.807
Vid1_0839.png,2,1303,1386,1691,1507,1497.19,1447.13,388.18,121.0,0.7515
Vid1_0839.png,3,1549,1369,1823,1458,1686.48,1413.97,273.95,88.19,0.826
Vid1_0840.png,2,1338,1388,1690,1507,1514.17,1448.26,351.88,119.06,0.8269
Vid1_0840.png,3,1554,1380,1834,1476,1694.74,1428.46,279.63,96.71,0.8043
Vid1_0841.png,2,1343,1389,1686,1507,1515.24,1448.4,343.33,117.32,0.8572
Vid1_0841.png,3,1570,1388,1843,1490,1706.86,1439.33,272.95,102.29,0.8179
Vid1_0841.png,6,1167,1389,1440,1469,1304.05,1429.65,273.42,79.77,0.8244
Vid1_0842.png,2,1342,1391,1686,1509,1514.35,1450.22,343.53,118.28,0.876
Vid1_0842.png,3,1575,1395,1852,1504,1714.38,1449.92,276.93,109.52,0.8341
Vid1_0842.png,6,1117,1387,1387,1467,1252.74,1427.84,269.91,80.19,0.8445
Vid1_0843.png,2,1346,1391,1685,1510,1515.91,1451.05,338.63,118.73,0.8743
Vid1_0843.png,3,1576,1396,1854,1509,1715.51,1452.72,277.8,112.96,0.8317
Vid1_0843.png,6,1108,1387,1379,1466,1244.09,1427.04,270.67,79.33,0.8347
Vid1_0844.png,2,1339,1393,1683,1511,1511.55,1452.91,343.41,117.93,0.8954
Vid1_0844.png,3,1599,1407,1865,1512,1732.21,1459.55,265.6,105.0,0.8373
Vid1_0844.png,6,1037,1381,1306,1465,1171.63,1423.54,268.86,83.22,0.858
Vid1_0845.png,2,1336,1395,1681,1513,1509.21,1454.44,344.78,117.59,0.8947
Vid1_0845.png,3,1614,1413,1871,1513,1742.99,1463.61,256.76,100.08,0.8142
Vid1_0845.png,6,993,1379,1265,1463,1129.58,1421.4,272.19,84.2,0.8493
Vid1_0846.png,2,1335,1396,1680,1511,1508.0,1453.73,344.3,114.87,0.8946
Vid1_0846.png,3,1617,1420,1876,1514,1746.67,1467.59,258.81,93.58,0.8056
Vid1_0846.png,6,954,1377,1229,1459,1092.02,1418.63,274.63,82.66,0.8677
Vid1_0847.png,2,1331,1397,1678,1509,1505.14,1453.28,346.7,111.5,0.8942
Vid1_0847.png,3,1630,1413,1896,1507,1763.79,1460.49,265.76,94.81,0.8567
Vid1_0847.png,6,868,1373,1144,1457,1006.4,1415.34,275.82,84.18,0.8778
Vid1_0848.png,2,1330,1399,1677,1508,1503.93,1453.94,347.24,108.2,0.8935
Vid1_0848.png,3,1634,1407,1915,1505,1774.74,1456.62,280.84,97.29,0.8629
Vid1_0848.png,6,806,1370,1077,1456,941.76,1413.79,270.97,86.16,0.8731
Vid1_0849.png,2,1329,1400,1676,1510,1503.26,1455.43,347.06,110.46,0.8986
Vid1_0849.png,3,1636,1404,1922,1501,1779.3,1453.17,286.24,96.43,0.8676
Vid1_0849.png,6,767,1369,1016,1455,891.77,1412.62,248.98,86.72,0.881
Vid1_0850.png,2,1328,1401,1674,1510,1501.52,1455.74,346.8,109.04,0.8983
Vid1_0850.png,3,1647,1401,1936,1505,1792.24,1453.7,288.91,103.79,0.8956
Vid1_0850.png,6,729,1363,964,1450,847.33,1407.22,235.2,86.75,0.8625
Vid1_0851.png,2,1326,1402,1675,1508,1500.91,1455.48,349.28,105.87,0.8931
Vid1_0851.png,3,1653,1398,1947,1509,1800.46,1454.26,294.5,111.36,0.8792
Vid1_0851.png,6,697,1359,939,1447,818.51,1403.99,242.54,88.02,0.8686
Vid1_0852.png,2,1323,1403,1674,1507,1498.79,1455.36,351.41,103.71,0.8915
Vid1_0852.png,3,1653,1397,1957,1513,1805.8,1455.39,304.15,116.5,0.8751
Vid1_0852.png,6,672,1349,918,1446,795.53,1397.68,246.0,96.96,0.877
Vid1_0853.png,2,1322,1403,1673,1506,1498.23,1455.14,351.43,103.02,0.8899
Vid1_0853.png,3,1653,1396,1960,1514,1806.72,1455.76,307.19,118.45,0.8767
Vid1_0853.png,6,667,1341,917,1445,792.44,1393.9,249.87,103.81,0.8645
Vid1_0854.png,2,1320,1406,1671,1508,1496.09,1457.39,351.7,102.22,0.8913
Vid1_0854.png,3,1660,1396,1965,1511,1812.59,1454.22,305.03,115.46,0.8692
Vid1_0854.png,6,643,1337,893,1445,768.61,1391.71,249.42,108.17,0.8684
Vid1_0855.png,2,1318,1407,1669,1510,1494.31,1458.87,350.98,102.39,0.8933
Vid1_0855.png,3,1686,1395,1938,1499,1812.41,1447.84,251.71,104.21,0.8714
Vid1_0855.png,6,630,1351,868,1448,749.52,1400.06,238.69,96.9,0.8652
Vid1_0856.png,2,1316,1409,1667,1508,1492.08,1459.21,351.01,98.73,0.8777
Vid1_0856.png,3,1722,1397,1916,1497,1819.56,1447.44,194.08,99.8,0.7248
Vid1_0856.png,6,625,1353,850,1456,737.82,1404.69,225.57,102.74,0.8499
Vid1_0857.png,2,1315,1410,1664,1507,1489.72,1459.11,349.3,96.46,0.877
Vid1_0857.png,3,1766,1393,1912,1494,1839.91,1443.64,145.98,100.97,0.804
Vid1_0857.png,6,624,1351,778,1453,701.14,1402.36,153.89,102.51,0.7926
Vid1_0858.png,2,1313,1411,1663,1508,1488.29,1460.27,350.46,96.87,0.8819
Vid1_0858.png,3,1761,1388,1913,1498,1837.57,1443.49,151.9,110.86,0.842
Vid1_0858.png,6,611,1340,782,1450,696.67,1395.65,170.68,109.72,0.8781
Vid1_0859.png,2,1311,1411,1662,1509,1487.0,1460.76,351.68,97.71,0.8809
Vid1_0859.png,3,1736,1384,1911,1495,1824.23,1440.17,174.66,111.23,0.8491
Vid1_0859.png,6,621,1327,822,1425,722.43,1376.61,201.08,98.42,0.8554
Vid1_0860.png,2,1308,1414,1661,1510,1485.21,1462.58,352.75,96.61,0.875
Vid1_0860.png,3,1711,1382,1926,1493,1819.0,1438.2,214.63,110.58,0.8769
Vid1_0860.png,6,640,1314,877,1400,759.4,1357.51,236.97,85.16,0.8681
Vid1_0861.png,2,1306,1416,1656,1509,1481.61,1462.72,349.95,92.9,0.8685
Vid1_0861.png,3,1686,1382,1942,1490,1814.56,1436.85,256.19,108.24,0.8867
Vid1_0861.png,6,694,1301,938,1383,816.22,1342.5,243.97,82.17,0.8783
Vid1_0862.png,2,1306,1416,1654,1509,1480.35,1463.14,348.15,93.29,0.87
Vid1_0862.png,3,1666,1383,1944,1492,1805.48,1437.82,278.25,109.0,0.8799
Vid1_0862.png,6,728,1292,987,1373,857.78,1333.02,259.41,81.85,0.8642
Vid1_0863.png,2,1304,1416,1654,1509,1479.47,1462.72,349.72,93.04,0.8726
Vid1_0863.png,3,1645,1384,1932,1498,1789.32,1441.08,287.02,114.11,0.9015
Vid1_0863.png,6,790,1286,1050,1371,920.6,1329.28,260.49,84.99,0.8674
Vid1_0864.png,2,1305,1415,1653,1511,1479.48,1463.45,348.8,95.33,0.8742
Vid1_0864.png,3,1631,1384,1911,1502,1771.42,1443.37,279.2,118.48,0.8915
Vid1_0864.png,6,846,1285,1117,1366,981.76,1325.89,270.89,80.73,0.854
Vid1_0865.png,2,1303,1413,1653,1510,1478.69,1461.97,349.59,97.14,0.876
Vid1_0865.png,3,1607,1381,1885,1506,1746.6,1444.01,277.96,124.97,0.8949
Vid1_0865.png,6,921,1276,1187,1359,1054.3,1318.12,266.32,82.66,0.8734
Vid1_0866.png,2,1304,1411,1655,1511,1479.9,1461.59,351.1,99.47,0.8794
Vid1_0866.png,3,1582,1376,1857,1505,1720.29,1441.26,275.2,128.95,0.9123
Vid1_0866.png,6,981,1272,1255,1353,1118.84,1312.55,273.84,81.04,0.8672
Vid1_0867.png,2,1303,1411,1656,1512,1479.78,1461.88,352.78,101.34,0.8819
Vid1_0867.png,3,1557,1369,1845,1507,1701.21,1438.44,288.31,137.81,0.9125
Vid1_0867.png,6,1048,1267,1322,1350,1185.65,1309.02,274.64,83.39,0.8703
Vid1_0868.png,2,1303,1411,1657,1512,1480.52,1461.66,353.93,101.18,0.8751
Vid1_0868.png,3,1532,1360,1827,1507,1680.08,1434.03,295.78,147.91,0.9067
Vid1_0868.png,6,1099,1261,1368,1349,1234.28,1305.49,268.72,87.42,0.8839
Vid1_0869.png,2,1306,1410,1657,1511,1482.32,1460.93,351.01,101.81,0.8768
Vid1_0869.png,3,1512,1350,1805,1506,1658.95,1428.43,293.68,156.14,0.9065
Vid1_0869.png,6,1166,1249,1437,1341,1302.18,1295.35,270.65,91.77,0.8761
Vid1_0870.png,2,1308,1409,1657,1511,1482.87,1460.56,348.98,102.61,0.8749
Vid1_0870.png,3,1494,1341,1793,1503,1644.19,1422.89,298.53,162.14,0.9174
Vid1_0870.png,6,1228,1234,1498,1330,1363.44,1282.46,269.88,96.15,0.8904
Vid1_0871.png,2,1309,1408,1656,1511,1483.02,1459.8,347.5,102.6,0.8756
Vid1_0871.png,3,1483,1337,1786,1502,1635.17,1420.1,302.46,164.8,0.9165
Vid1_0871.png,6,1260,1225,1531,1322,1395.88,1273.63,271.19,97.2,0.8827
Vid1_0872.png,2,1311,1405,1657,1507,1484.37,1456.83,345.72,102.08,0.8745
Vid1_0872.png,3,1467,1332,1769,1497,1618.5,1414.83,302.01,164.69,0.9083
Vid1_0872.png,6,1314,1202,1585,1308,1449.9,1255.5,271.25,105.22,0.8991
Vid1_0873.png,2,1313,1403,1658,1506,1485.62,1455.08,344.86,102.3,0.8653
Vid1_0873.png,3,1444,1326,1742,1493,1593.63,1410.05,297.47,166.81,0.8766
Vid1_0873.png,6,1373,1181,1637,1291,1505.41,1236.78,264.62,110.05,0.8856
Vid1_0874.png,2,1317,1401,1659,1505,1488.39,1453.68,341.8,103.79,0.8519
Vid1_0874.png,3,1422,1319,1721,1490,1572.08,1405.09,299.09,170.68,0.8498
Vid1_0874.png,6,1419,1164,1675,1268,1547.8,1216.18,256.06,103.83,0.8985
Vid1_0875.png,2,1319,1400,1662,1504,1490.83,1452.62,343.2,103.74,0.8372
Vid1_0875.png,3,1407,1316,1704,1485,1556.14,1400.98,297.3,169.09,0.8514
Vid1_0875.png,6,1450,1151,1687,1253,1569.41,1202.57,237.03,102.06,0.878
Vid1_0876.png,2,1320,1398,1665,1504,1493.08,1451.47,344.41,106.17,0.8343
Vid1_0876.png,3,1381,1310,1683,1477,1532.46,1393.73,301.62,167.44,0.8686
Vid1_0876.png,6,1499,1128,1705,1238,1602.63,1183.69,205.91,109.74,0.8943
Vid1_0877.png,2,1321,1397,1667,1504,1494.22,1451.16,345.66,107.68,0.831
Vid1_0877.png,3,1369,1307,1674,1471,1521.97,1389.69,304.92,163.62,0.8786
Vid1_0877.png,6,1516,1119,1715,1235,1616.1,1177.44,199.75,115.76,0.8858
Vid1_0878.png,2,1322,1395,1665,1506,1494.02,1450.74,343.7,111.39,0.8544
Vid1_0878.png,3,1343,1302,1656,1457,1499.84,1380.18,313.54,155.16,0.8799
Vid1_0878.png,6,1534,1100,1728,1212,1631.24,1156.84,194.2,112.18,0.8844
Vid1_0879.png,2,1322,1396,1671,1506,1496.94,1451.26,348.96,109.83,0.8726
Vid1_0879.png,3,1321,1295,1623,1449,1472.32,1372.35,301.8,154.58,0.9005
Vid1_0879.png,6,1546,1081,1742,1202,1644.58,1142.49,196.66,120.98,0.8901
Vid1_0880.png,2,1323,1397,1675,1505,1499.58,1451.57,352.18,107.58,0.8668
Vid1_0880.png,3,1298,1286,1595,1448,1447.27,1367.52,297.2,162.66,0.9054
Vid1_0880.png,6,1580,1067,1732,1173,1656.36,1120.66,151.57,105.45,0.8306
Vid1_0881.png,2,1323,1398,1677,1504,1500.27,1451.45,354.17,106.84,0.867
Vid1_0881.png,3,1293,1284,1589,1448,1441.34,1366.48,295.89,164.62,0.904
Vid1_0881.png,6,1576,1063,1722,1166,1649.82,1114.76,146.27,102.58,0.8454
Vid1_0882.png,2,1322,1399,1675,1508,1499.11,1453.82,352.63,108.65,0.8826
Vid1_0882.png,3,1278,1275,1571,1442,1424.55,1358.95,292.98,166.42,0.9124
Vid1_0882.png,6,1606,1051,1738,1150,1672.46,1100.57,131.65,98.91,0.8315
Vid1_0883.png,2,1324,1400,1674,1506,1499.71,1453.26,350.45,106.36,0.8861
Vid1_0883.png,3,1253,1263,1552,1439,1402.58,1351.47,299.09,176.89,0.9011
Vid1_0883.png,6,1592,1039,1761,1137,1676.74,1088.31,168.66,97.57,0.8801
Vid1_0884.png,2,1325,1400,1671,1505,1498.7,1453.03,346.11,105.46,0.8859
Vid1_0884.png,3,1239,1254,1532,1429,1385.96,1341.79,292.21,174.46,0.9099
Vid1_0884.png,6,1583,1033,1754,1135,1668.82,1084.52,170.84,101.25,0.8789
Vid1_0885.png,2,1324,1401,1675,1505,1500.0,1453.65,350.13,103.95,0.888
Vid1_0885.png,3,1226,1244,1516,1419,1371.07,1332.21,290.08,175.44,0.9173
Vid1_0885.png,6,1569,1032,1727,1129,1648.62,1080.79,157.82,97.41,0.8472
Vid1_0886.png,2,1324,1402,1676,1507,1500.51,1454.63,352.49,105.18,0.9046
Vid1_0886.png,3,1193,1227,1480,1409,1336.78,1318.2,286.85,181.94,0.9176
Vid1_0886.png,6,1534,1025,1668,1128,1601.47,1076.97,134.26,102.69,0.8441
Vid1_0887.png,2,1324,1402,1678,1507,1501.45,1454.74,353.46,104.95,0.9058
Vid1_0887.png,3,1180,1218,1466,1404,1323.86,1311.62,285.91,186.36,0.917
Vid1_0887.png,6,1513,1023,1642,1130,1578.22,1077.0,129.26,106.48,0.8403
Vid1_0888.png,2,1325,1402,1678,1501,1501.74,1452.01,352.68,99.9,0.9001
Vid1_0888.png,3,1153,1199,1430,1395,1292.15,1297.33,276.98,195.82,0.9145
Vid1_0888.png,6,1463,1019,1654,1145,1559.2,1082.35,190.69,125.54,0.8753
Vid1_0889.png,2,1325,1401,1680,1499,1502.63,1450.74,355.19,98.5,0.8976
Vid1_0889.png,3,1132,1182,1410,1382,1271.15,1282.64,278.08,200.59,0.9136
Vid1_0889.png,6,1410,1046,1628,1154,1519.51,1100.11,218.89,107.84,0.8574
Vid1_0890.png,2,1325,1399,1681,1502,1503.69,1450.97,356.42,102.66,0.9005
Vid1_0890.png,3,1108,1165,1387,1367,1248.18,1266.93,278.46,202.0,0.9152
Vid1_0890.png,6,1356,1069,1612,1161,1484.05,1115.69,255.92,92.21,0.8814
Vid1_0891.png,2,1325,1399,1679,1502,1502.79,1451.14,354.11,102.58,0.9008
Vid1_0891.png,3,1093,1155,1373,1356,1233.65,1255.77,279.76,200.84,0.9095
Vid1_0891.png,6,1322,1079,1592,1165,1457.69,1122.73,269.84,86.46,0.8547
Vid1_0892.png,2,1326,1400,1680,1502,1503.49,1451.3,354.91,102.14,0.9039
Vid1_0892.png,3,1073,1140,1353,1342,1213.3,1241.25,280.39,201.85,0.9063
Vid1_0892.png,6,1281,1088,1555,1171,1418.72,1129.9,273.93,83.56,0.8869
Vid1_0893.png,2,1326,1399,1680,1500,1503.57,1450.2,354.1,101.18,0.8943
Vid1_0893.png,3,1052,1127,1326,1328,1189.49,1227.77,273.98,201.54,0.9135
Vid1_0893.png,6,1250,1092,1521,1178,1385.83,1135.66,271.39,85.6,0.8784
Vid1_0894.png,2,1327,1397,1681,1498,1504.33,1448.44,354.16,101.1,0.888
Vid1_0894.png,3,1030,1110,1302,1314,1166.26,1212.54,271.93,204.04,0.9124
Vid1_0894.png,6,1227,1088,1491,1184,1359.78,1136.64,263.91,95.53,0.8706
Vid1_0895.png,2,1327,1398,1682,1497,1505.0,1448.35,354.35,98.89,0.8953
Vid1_0895.png,3,1006,1096,1284,1298,1145.2,1197.28,278.18,202.21,0.9044
Vid1_0895.png,6,1189,1099,1454,1188,1322.0,1143.93,265.2,89.09,0.863
Vid1_0896.png,2,1330,1397,1684,1496,1507.1,1447.17,353.83,98.78,0.8885
Vid1_0896.png,3,981,1082,1259,1283,1120.78,1182.6,278.27,201.08,0.9017
Vid1_0896.png,6,1151,1104,1418,1194,1284.71,1149.77,267.36,89.88,0.8626
Vid1_0897.png,2,1333,1397,1684,1495,1509.03,1446.69,351.9,97.7,0.8868
Vid1_0897.png,3,965,1074,1247,1272,1106.37,1173.42,281.33,198.46,0.8934
Vid1_0897.png,6,1124,1104,1387,1197,1256.23,1150.98,262.76,93.1,0.8797
Vid1_0898.png,2,1334,1397,1684,1494,1509.41,1446.42,350.42,96.86,0.888
Vid1_0898.png,3,956,1070,1241,1269,1098.8,1170.19,285.28,198.96,0.8763
Vid1_0898.png,6,1100,1103,1359,1197,1230.24,1150.02,258.61,93.97,0.8662
Vid1_0899.png,2,1334,1396,1684,1493,1509.52,1445.09,349.78,97.76,0.8823
Vid1_0899.png,3,933,1067,1220,1261,1077.36,1164.65,286.89,193.66,0.712
Vid1_0899.png,6,987,1089,1294,1187,1141.07,1138.59,307.38,98.07,0.7814
Vid1_0900.png,2,1334,1392,1681,1497,1508.18,1445.26,346.69,104.86,0.8899
Vid1_0900.png,3,962,1097,1206,1257,1084.21,1177.55,243.98,160.55,0.6611
Vid1_0900.png,6,933,1082,1227,1184,1080.6,1133.5,294.29,102.3,0.8407
Vid1_0901.png,2,1334,1391,1679,1501,1507.05,1446.01,344.67,110.02,0.8915
Vid1_0901.png,3,955,1112,1201,1255,1078.38,1184.39,245.67,143.13,0.4224
Vid1_0901.png,6,909,1079,1196,1191,1053.12,1135.85,287.49,111.72,0.8125
Vid1_0902.png,2,1335,1387,1682,1503,1509.01,1445.54,347.39,116.19,0.8946
Vid1_0902.png,3,925,1084,1194,1251,1059.79,1168.28,269.07,166.78,0.864
Vid1_0902.png,6,848,1086,1122,1195,985.36,1141.2,273.42,108.75,0.2651
Vid1_0903.png,2,1333,1383,1681,1501,1507.27,1442.47,348.51,118.89,0.8968
Vid1_0903.png,3,895,1075,1180,1241,1038.1,1158.19,284.95,165.84,0.9087
Vid1_0903.png,6,778,1089,1044,1192,911.46,1140.88,265.11,102.78,0.8277
Vid1_0904.png,2,1335,1377,1674,1503,1504.96,1440.29,339.73,125.58,0.9073
Vid1_0904.png,3,878,1069,1164,1243,1021.76,1156.3,286.3,173.77,0.932
Vid1_0904.png,6,719,1081,988,1184,853.96,1133.22,269.49,103.03,0.7795
Vid1_0905.png,2,1334,1375,1674,1502,1504.67,1439.06,339.53,126.2,0.9035
Vid1_0905.png,3,873,1067,1160,1243,1017.3,1155.9,287.14,176.02,0.9255
Vid1_0905.png,6,702,1081,966,1181,834.73,1131.36,263.9,100.63,0.782
Vid1_0906.png,2,1333,1369,1677,1500,1505.63,1435.11,344.16,130.77,0.9082
Vid1_0906.png,3,867,1065,1155,1240,1011.29,1152.93,287.77,174.79,0.9185
Vid1_0906.png,6,653,1067,921,1169,787.56,1118.28,268.64,101.69,0.8676
Vid1_0907.png,2,1331,1360,1668,1505,1500.18,1432.85,336.46,145.54,0.9152
Vid1_0907.png,3,862,1062,1145,1241,1004.39,1151.89,282.9,178.42,0.9107
Vid1_0907.png,6,606,1055,884,1156,745.58,1106.02,277.81,101.95,0.8767
Vid1_0908.png,2,1328,1352,1668,1503,1498.62,1427.73,339.61,150.55,0.9158
Vid1_0908.png,3,858,1058,1140,1243,999.67,1150.54,282.27,185.02,0.9152
Vid1_0908.png,6,571,1045,844,1143,708.26,1094.4,273.31,97.77,0.8714
Vid1_0909.png,2,1325,1345,1665,1501,1495.46,1423.66,340.03,155.81,0.917
Vid1_0909.png,3,847,1050,1129,1242,988.3,1146.47,281.53,192.75,0.9149
Vid1_0909.png,6,539,1037,813,1130,676.67,1084.07,274.48,93.3,0.8825
Vid1_0910.png,2,1324,1343,1664,1501,1494.55,1422.41,340.13,157.45,0.9182
Vid1_0910.png,3,846,1048,1127,1241,987.05,1144.83,281.46,193.44,0.9141
Vid1_0910.png,6,532,1036,806,1126,669.61,1081.87,274.62,90.18,0.8732
Vid1_0911.png,2,1321,1337,1659,1495,1490.15,1416.64,337.9,158.49,0.9201
Vid1_0911.png,3,827,1031,1107,1225,967.51,1128.41,280.44,194.26,0.9154
Vid1_0911.png,6,494,1026,765,1113,629.98,1069.82,271.72,87.23,0.88
Vid1_0912.png,2,1320,1334,1656,1493,1488.59,1414.35,336.48,159.05,0.9212
Vid1_0912.png,3,818,1022,1096,1220,957.36,1121.46,277.42,197.09,0.9142
Vid1_0912.png,6,479,1022,749,1108,614.22,1065.51,270.42,86.71,0.8789
Vid1_0913.png,2,1320,1328,1658,1492,1489.41,1410.8,337.4,163.97,0.9156
Vid1_0913.png,3,795,1006,1068,1205,932.01,1105.99,272.97,198.46,0.9115
Vid1_0913.png,6,447,1015,710,1102,579.37,1059.04,263.11,86.53,0.8722
Vid1_0914.png,2,1319,1319,1653,1489,1486.17,1404.6,334.27,169.32,0.9171
Vid1_0914.png,3,768,989,1044,1189,906.18,1089.53,276.31,199.08,0.9086
Vid1_0914.png,6,404,1016,668,1105,536.47,1061.13,263.23,89.11,0.8807
Vid1_0915.png,2,1315,1311,1647,1489,1481.59,1400.57,331.31,177.24,0.9294
Vid1_0915.png,3,742,977,1027,1175,885.1,1076.97,284.41,198.0,0.9138
Vid1_0915.png,6,367,1022,628,1113,497.96,1067.99,260.57,90.54,0.8898
Vid1_0916.png,2,1313,1308,1646,1488,1480.3,1398.58,332.76,180.6,0.9275
Vid1_0916.png,3,728,973,1013,1166,870.58,1069.86,284.98,193.71,0.9169
Vid1_0916.png,6,345,1025,607,1121,476.59,1073.62,261.74,96.09,0.8852
Vid1_0917.png,2,1307,1302,1639,1480,1473.58,1391.2,331.45,178.31,0.9191
Vid1_0917.png,3,712,965,997,1153,854.75,1059.24,285.42,188.31,0.9251
Vid1_0917.png,6,318,1036,579,1132,448.68,1084.64,261.08,96.38,0.8703
Vid1_0918.png,2,1301,1294,1633,1475,1467.48,1384.9,331.11,181.71,0.914
Vid1_0918.png,3,694,958,980,1147,837.53,1052.94,285.64,189.1,0.9152
Vid1_0918.png,6,293,1044,557,1144,425.29,1094.48,263.76,100.45,0.8774
Vid1_0919.png,2,1295,1288,1625,1473,1460.36,1380.88,329.8,184.49,0.9154
Vid1_0919.png,3,673,956,970,1144,822.19,1050.2,297.11,188.11,0.9263
Vid1_0919.png,6,278,1048,541,1153,410.29,1101.06,263.16,104.24,0.8844
Vid1_0920.png,2,1283,1278,1613,1465,1448.29,1372.37,329.81,186.84,0.9325
Vid1_0920.png,3,654,955,953,1131,803.6,1043.49,298.85,176.87,0.9235
Vid1_0920.png,6,261,1051,519,1164,390.29,1107.73,257.78,112.71,0.8874
Vid1_0921.png,2,1271,1273,1603,1456,1437.48,1364.83,332.8,183.54,0.9263
Vid1_0921.png,3,635,956,938,1120,787.07,1038.43,302.53,164.37,0.9229
Vid1_0921.png,6,279,1062,460,1174,369.67,1118.56,181.23,112.26,0.8593
Vid1_0922.png,2,1260,1267,1592,1448,1426.35,1357.71,332.27,180.6,0.9259
Vid1_0922.png,3,623,957,928,1116,775.97,1036.85,304.9,158.44,0.921
Vid1_0922.png,6,299,1067,425,1178,362.5,1123.14,125.43,110.9,0.8126
Vid1_0923.png,2,1251,1264,1585,1442,1418.68,1353.72,333.48,177.93,0.9273
Vid1_0923.png,3,607,962,914,1115,760.55,1039.08,306.92,153.62,0.9189
Vid1_0923.png,6,311,1077,409,1194,360.63,1135.62,97.86,117.23,0.8167
Vid1_0924.png,2,1241,1261,1577,1439,1409.53,1350.46,336.13,177.48,0.9292
Vid1_0924.png,3,596,966,903,1116,749.61,1041.44,307.05,150.6,0.9186
Vid1_0924.png,6,298,1072,417,1210,358.03,1141.34,118.22,137.45,0.8547
Vid1_0925.png,2,1233,1259,1569,1435,1401.45,1347.6,336.15,176.6,0.9312
Vid1_0925.png,3,588,970,895,1117,741.95,1043.97,306.13,146.89,0.9084
Vid1_0925.png,6,297,1073,422,1224,360.25,1149.16,125.48,151.17,0.8527
Vid1_0926.png,2,1227,1257,1564,1433,1395.9,1345.47,337.61,176.23,0.9322
Vid1_0926.png,3,579,979,885,1125,732.55,1052.38,305.46,145.86,0.9156
Vid1_0926.png,6,309,1079,431,1235,370.75,1157.64,122.38,156.58,0.8436
Vid1_0927.png,2,1223,1254,1561,1427,1392.47,1340.79,338.73,173.06,0.9281
Vid1_0927.png,3,572,986,875,1132,724.02,1059.49,302.14,145.45,0.9178
Vid1_0927.png,6,329,1104,455,1246,392.65,1175.87,125.81,142.09,0.8504
Vid1_0928.png,2,1218,1249,1556,1427,1387.49,1338.83,337.05,178.17,0.9279
Vid1_0928.png,3,567,990,866,1132,717.2,1061.39,299.45,142.46,0.9205
Vid1_0928.png,6,328,1125,491,1267,410.08,1196.45,163.15,141.36,0.8804
Vid1_0929.png,2,1214,1245,1551,1424,1383.22,1334.75,336.47,178.97,0.9287
Vid1_0929.png,3,555,995,859,1136,707.54,1065.91,303.65,141.68,0.9096
Vid1_0929.png,6,340,1144,526,1287,433.46,1216.05,186.38,143.57,0.8728
Vid1_0930.png,2,1207,1240,1541,1421,1374.57,1330.94,333.96,180.47,0.9277
Vid1_0930.png,3,543,1000,844,1144,694.16,1072.32,301.64,144.18,0.9128
Vid1_0930.png,6,368,1160,574,1305,471.75,1232.95,206.39,144.21,0.8908
Vid1_0931.png,2,1202,1238,1533,1418,1367.77,1328.49,331.16,180.08,0.9253
Vid1_0931.png,3,536,1001,834,1148,685.4,1075.31,298.5,146.79,0.9164
Vid1_0931.png,6,386,1186,609,1316,498.1,1251.17,223.74,130.0,0.8725
Vid1_0932.png,2,1196,1236,1526,1417,1361.38,1327.02,329.73,180.66,0.9283
Vid1_0932.png,3,529,1004,825,1150,677.92,1077.17,296.12,146.29,0.9147
Vid1_0932.png,6,392,1193,640,1324,516.25,1259.02,247.58,131.06,0.8783
Vid1_0933.png,2,1185,1232,1518,1413,1352.34,1323.26,333.12,180.7,0.9238
Vid1_0933.png,3,509,1003,802,1160,656.36,1082.27,292.99,156.72,0.9244
Vid1_0933.png,6,444,1217,694,1336,569.37,1276.94,250.07,119.63,0.8641
Vid1_0934.png,2,1182,1231,1517,1413,1349.87,1322.89,335.45,182.11,0.9215
Vid1_0934.png,3,504,1004,794,1164,649.26,1084.64,289.73,160.2,0.9212
Vid1_0934.png,6,459,1225,712,1340,586.02,1283.18,253.02,115.39,0.8718
Vid1_0935.png,2,1174,1228,1502,1411,1338.3,1319.6,327.61,182.82,0.9261
Vid1_0935.png,3,485,1002,778,1164,631.66,1083.75,292.81,162.23,0.9229
Vid1_0935.png,6,502,1250,762,1344,632.65,1297.68,260.35,94.23,0.8564
Vid1_0936.png,2,1169,1225,1493,1409,1331.82,1317.99,324.13,184.02,0.9222
Vid1_0936.png,3,472,1001,767,1165,619.9,1083.35,294.41,163.52,0.9273
Vid1_0936.png,6,530,1258,796,1344,663.55,1301.67,266.79,85.41,0.8642
Vid1_0937.png,2,1157,1222,1484,1401,1320.95,1312.12,326.52,178.8,0.9236
Vid1_0937.png,3,455,1005,755,1168,605.78,1086.8,300.22,162.75,0.9186
Vid1_0937.png,6,585,1256,856,1342,720.99,1299.17,270.55,86.33,0.8631
Vid1_0938.png,2,1148,1217,1475,1398,1311.87,1307.83,326.78,180.58,0.927
Vid1_0938.png,3,445,1009,742,1170,593.67,1089.52,297.0,161.04,0.9183
Vid1_0938.png,6,630,1253,900,1339,765.59,1296.2,269.54,86.35,0.8706
Vid1_0939.png,2,1136,1211,1464,1392,1300.38,1301.86,327.58,181.54,0.929
Vid1_0939.png,3,435,1014,735,1173,585.46,1094.01,299.08,158.15,0.9157
Vid1_0939.png,6,669,1245,937,1335,803.6,1290.26,268.16,89.85,0.8837
Vid1_0940.png,2,1121,1206,1450,1386,1285.99,1296.62,328.82,180.48,0.9345
Vid1_0940.png,3,428,1024,725,1178,576.93,1101.26,297.68,154.09,0.9255
Vid1_0940.png,6,706,1233,968,1327,837.57,1280.57,261.88,93.35,0.8869
Vid1_0941.png,2,1117,1204,1443,1385,1280.79,1295.28,325.77,180.78,0.9338
Vid1_0941.png,3,426,1025,724,1178,575.48,1102.41,298.83,152.92,0.9224
Vid1_0941.png,6,715,1231,976,1326,845.58,1278.6,261.02,95.01,0.8893
Vid1_0942.png,2,1102,1200,1433,1376,1267.77,1288.19,330.97,176.01,0.9272
Vid1_0942.png,3,437,1035,694,1170,565.95,1102.95,257.3,135.48,0.9056
Vid1_0942.png,6,748,1208,992,1316,870.27,1262.63,244.05,107.3,0.8811
Vid1_0943.png,2,1092,1197,1425,1370,1259.14,1284.11,332.48,173.63,0.9226
Vid1_0943.png,3,440,1040,678,1167,559.43,1104.06,238.05,127.17,0.9019
Vid1_0943.png,6,785,1192,1000,1314,892.83,1253.37,215.44,122.33,0.8786
Vid1_0944.png,2,1075,1187,1399,1359,1237.5,1273.48,323.43,172.51,0.9251
Vid1_0944.png,3,432,1048,659,1170,545.6,1109.27,226.96,122.01,0.8963
Vid1_0944.png,6,816,1173,1025,1308,920.56,1241.05,209.04,134.98,0.8983
Vid1_0945.png,2,1050,1174,1376,1353,1213.46,1263.75,326.16,178.99,0.9295
Vid1_0945.png,3,424,1056,626,1177,525.52,1117.14,201.87,120.93,0.8949
Vid1_0945.png,6,830,1160,1040,1285,935.52,1223.09,209.13,124.24,0.8941
Vid1_0946.png,2,1030,1162,1355,1348,1192.66,1255.64,325.29,185.81,0.912
Vid1_0946.png,3,415,1066,566,1179,491.34,1122.83,151.31,112.44,0.8464
Vid1_0946.png,6,844,1152,1050,1270,947.52,1211.17,205.09,118.28,0.87
Vid1_0947.png,2,1020,1153,1336,1340,1178.46,1247.37,316.82,187.08,0.9059
Vid1_0947.png,3,401,1072,577,1182,489.62,1127.59,175.97,110.25,0.8643
Vid1_0947.png,6,852,1141,1054,1241,953.87,1191.6,201.97,99.72,0.8612
Vid1_0948.png,2,1018,1151,1333,1339,1176.33,1245.66,315.15,188.57,0.9037
Vid1_0948.png,3,397,1074,575,1182,486.49,1128.63,177.71,108.26,0.8558
Vid1_0948.png,6,847,1138,1055,1234,951.48,1186.75,208.15,95.65,0.8701
Vid1_0949.png,2,1017,1146,1314,1331,1166.07,1239.02,296.24,185.3,0.8992
Vid1_0949.png,3,376,1082,604,1191,490.8,1136.91,228.36,109.0,0.8704
Vid1_0949.png,6,875,1123,1083,1213,979.39,1168.24,208.71,89.66,0.8381
Vid1_0950.png,2,1021,1154,1291,1328,1156.4,1241.76,269.74,174.06,0.8663
Vid1_0950.png,3,362,1091,633,1201,498.28,1146.5,271.37,109.12,0.8814
Vid1_0950.png,6,898,1113,1114,1203,1006.69,1158.82,215.87,90.05,0.8452
Vid1_0951.png,2,1007,1161,1275,1323,1141.55,1242.7,268.64,162.17,0.8777
Vid1_0951.png,3,364,1098,652,1206,508.74,1152.18,288.02,108.19,0.8853
Vid1_0951.png,6,913,1111,1146,1203,1029.81,1157.38,233.43,91.66,0.809
Vid1_0952.png,2,967,1127,1257,1320,1112.3,1223.91,289.92,192.81,0.8236
Vid1_0952.png,3,376,1108,676,1213,526.43,1160.95,299.31,104.58,0.8802
Vid1_0952.png,6,937,1109,1173,1204,1055.2,1156.58,236.22,94.9,0.776
Vid1_0953.png,2,934,1109,1230,1311,1082.43,1210.79,296.04,202.4,0.7892
Vid1_0953.png,3,392,1117,694,1222,543.48,1169.77,302.13,104.6,0.8814
Vid1_0954.png,2,911,1102,1236,1299,1074.04,1200.82,325.21,197.18,0.8992
Vid1_0954.png,3,409,1129,712,1231,560.96,1180.63,303.91,102.09,0.8836
Vid1_0955.png,2,892,1098,1214,1286,1053.21,1192.28,321.7,187.97,0.9121
Vid1_0955.png,3,431,1143,728,1244,579.87,1193.58,296.51,101.13,0.8714
Vid1_0956.png,2,880,1096,1204,1278,1042.86,1187.58,323.95,182.66,0.9088
Vid1_0956.png,3,450,1153,741,1257,595.95,1205.56,291.01,103.38,0.8885
Vid1_0956.png,7,1094,1148,1343,1278,1219.25,1213.51,248.76,130.19,0.8091
Vid1_0957.png,2,866,1095,1191,1273,1029.08,1184.44,324.32,177.38,0.9271
Vid1_0957.png,3,473,1160,755,1270,614.05,1215.6,281.98,109.21,0.9025
Vid1_0957.png,7,1119,1165,1378,1287,1248.78,1226.37,258.71,121.98,0.8231
Vid1_0958.png,2,854,1096,1185,1269,1019.92,1183.14,330.43,173.16,0.9292
Vid1_0958.png,3,497,1170,773,1275,635.62,1222.79,276.12,105.37,0.8853
Vid1_0958.png,7,1157,1186,1423,1295,1290.16,1241.4,266.12,108.81,0.8593
Vid1_0959.png,2,844,1097,1179,1269,1011.5,1183.68,335.0,171.96,0.9257
Vid1_0959.png,3,505,1179,796,1279,650.7,1229.38,290.93,99.53,0.8767
Vid1_0959.png,7,1201,1200,1460,1301,1330.92,1251.2,259.48,100.92,0.8786
Vid1_0960.png,2,837,1098,1175,1269,1006.32,1183.83,338.49,171.39,0.9235
Vid1_0960.png,3,511,1186,812,1285,661.67,1235.92,301.29,98.41,0.869
Vid1_0960.png,7,1235,1211,1497,1307,1366.37,1259.16,262.37,95.94,0.878
Vid1_0961.png,2,829,1096,1152,1257,991.1,1177.19,323.7,161.59,0.9232
Vid1_0961.png,3,526,1193,831,1296,678.94,1245.39,305.75,102.95,0.8927
Vid1_0961.png,7,1280,1221,1545,1309,1412.66,1265.84,265.14,87.86,0.8743
Vid1_0962.png,2,815,1095,1138,1260,977.19,1178.04,322.98,165.0,0.9232
Vid1_0962.png,3,539,1201,849,1310,694.03,1255.85,310.05,108.87,0.8811
Vid1_0962.png,7,1340,1226,1596,1312,1468.62,1269.8,256.09,85.89,0.8703
Vid1_0963.png,2,808,1095,1132,1262,970.96,1178.94,324.01,166.54,0.9234
Vid1_0963.png,3,546,1204,856,1317,701.49,1261.21,310.2,112.76,0.8822
Vid1_0963.png,7,1361,1228,1620,1313,1490.9,1271.01,259.7,85.36,0.8688
Vid1_0964.png,2,791,1098,1122,1263,957.08,1181.13,331.4,165.26,0.9211
Vid1_0964.png,3,558,1213,868,1331,713.91,1272.35,310.15,117.63,0.884
Vid1_0964.png,7,1405,1232,1674,1319,1539.89,1275.81,269.16,86.97,0.8869
Vid1_0965.png,2,784,1101,1101,1257,942.77,1179.4,316.59,155.25,0.9121
Vid1_0965.png,3,575,1225,881,1341,728.5,1283.63,306.89,116.72,0.8936
Vid1_0965.png,7,1455,1237,1726,1327,1590.92,1282.51,271.49,90.94,0.8852
Vid1_0966.png,2,803,1105,1027,1239,915.09,1172.43,224.05,134.47,0.8849
Vid1_0966.png,3,587,1237,892,1351,739.86,1294.32,304.99,113.95,0.8906
Vid1_0966.png,7,1498,1236,1759,1337,1628.79,1287.18,261.22,100.5,0.8759
Vid1_0967.png,2,794,1103,996,1215,895.5,1159.55,201.44,112.22,0.8596
Vid1_0967.png,3,594,1251,901,1364,748.08,1308.29,306.29,113.21,0.8927
Vid1_0967.png,7,1540,1247,1800,1341,1670.46,1294.13,259.95,94.2,0.8808
Vid1_0968.png,2,786,1104,1018,1214,902.7,1159.62,231.86,109.99,0.8698
Vid1_0968.png,3,600,1263,907,1377,754.37,1320.23,306.9,114.22,0.8987
Vid1_0968.png,7,1578,1248,1824,1347,1701.5,1297.72,246.8,98.95,0.8712
Vid1_0969.png,2,769,1111,1053,1221,911.57,1166.42,284.66,110.73,0.8743
Vid1_0969.png,3,610,1276,912,1394,761.59,1335.31,301.51,118.38,0.8983
Vid1_0969.png,7,1622,1252,1860,1345,1741.84,1299.22,237.77,93.44,0.8742
Vid1_0970.png,2,775,1125,1091,1230,933.3,1177.8,316.4,104.76,0.8818
Vid1_0970.png,3,641,1281,930,1406,785.84,1343.94,288.88,125.03,0.8952
Vid1_0970.png,7,1662,1242,1883,1337,1773.35,1289.89,221.06,95.02,0.8725
Vid1_0971.png,2,793,1142,1131,1240,962.49,1191.59,337.48,98.65,0.8555
Vid1_0971.png,3,656,1285,958,1410,807.54,1348.04,301.18,125.77,0.8997
Vid1_0971.png,7,1704,1233,1908,1326,1806.17,1279.98,204.0,93.83,0.8709
Vid1_0972.png,2,821,1156,1168,1251,994.92,1204.17,347.01,94.8,0.8753
Vid1_0972.png,3,680,1288,986,1413,833.67,1351.21,305.95,124.76,0.8868
Vid1_0972.png,7,1785,1227,1909,1322,1847.3,1275.38,123.68,94.9,0.7087
Vid1_0973.png,2,850,1168,1203,1264,1026.98,1216.56,352.66,96.36,0.8758
Vid1_0973.png,3,704,1291,1012,1415,858.7,1353.38,307.52,123.92,0.8822
Vid1_0973.png,7,1817,1225,1939,1334,1878.44,1280.3,121.56,109.38,0.7906
Vid1_0974.png,2,877,1180,1235,1279,1056.5,1230.41,358.62,99.07,0.86
Vid1_0974.png,3,728,1295,1037,1418,883.07,1356.87,309.27,123.4,0.8902
Vid1_0975.png,2,900,1189,1260,1293,1080.69,1241.3,360.09,103.95,0.8642
Vid1_0975.png,3,756,1296,1056,1422,906.46,1359.78,299.65,126.14,0.8922
Vid1_0975.png,8,1781,1222,1867,1353,1824.85,1288.05,85.73,130.41,0.787
Vid1_0976.png,2,928,1192,1285,1306,1106.76,1249.51,356.95,113.33,0.8676
Vid1_0976.png,3,787,1298,1083,1420,935.51,1359.6,295.73,122.59,0.8892
Vid1_0976.png,8,1750,1231,1855,1369,1803.21,1300.38,104.7,137.99,0.8189
Vid1_0977.png,2,932,1194,1291,1311,1112.3,1252.7,358.78,117.03,0.8705
Vid1_0977.png,3,796,1298,1090,1419,943.71,1358.73,293.62,120.74,0.8875
Vid1_0977.png,8,1742,1227,1852,1372,1797.13,1299.73,109.86,145.24,0.7925
Vid1_0978.png,2,974,1201,1320,1314,1147.04,1258.26,346.06,112.95,0.8747
Vid1_0978.png,3,822,1298,1127,1421,974.85,1359.94,305.38,123.47,0.8903
Vid1_0978.png,8,1690,1274,1856,1395,1773.21,1335.02,166.11,121.29,0.8575
Vid1_0979.png,2,996,1213,1352,1317,1174.55,1265.24,356.59,104.39,0.8617
Vid1_0979.png,3,852,1302,1163,1426,1007.9,1364.38,310.81,124.34,0.9051
Vid1_0979.png,8,1652,1311,1848,1412,1750.36,1362.37,195.54,101.2,0.8559
Vid1_0980.png,2,1018,1218,1379,1322,1199.2,1270.56,361.26,103.72,0.8535
Vid1_0980.png,3,876,1306,1188,1428,1032.57,1367.12,311.44,121.79,0.8905
Vid1_0981.png,2,1041,1222,1401,1326,1221.13,1274.48,359.9,104.01,0.8568
Vid1_0981.png,3,896,1307,1208,1431,1052.25,1369.62,311.61,124.6,0.8972
Vid1_0982.png,2,1060,1227,1420,1331,1240.54,1279.78,360.55,103.82,0.8731
Vid1_0982.png,3,916,1311,1224,1437,1070.55,1374.51,308.43,125.7,0.8738
Vid1_0983.png,2,1078,1235,1438,1335,1258.32,1285.47,359.83,100.85,0.8572
Vid1_0983.png,3,920,1315,1237,1450,1078.64,1383.12,317.25,135.17,0.8221
Vid1_0984.png,2,1094,1243,1456,1344,1275.19,1294.46,362.19,101.02,0.8519
Vid1_0984.png,3,934,1324,1252,1455,1093.3,1390.03,318.1,131.73,0.8232
Vid1_0984.png,9,887,1381,1069,1464,978.73,1423.32,181.73,83.2,0.7152
Vid1_0985.png,2,1110,1253,1471,1354,1290.86,1304.26,361.6,100.52,0.8348
Vid1_0985.png,3,950,1331,1264,1460,1107.38,1395.9,314.46,129.55,0.8585
Vid1_0985.png,9,890,1379,1023,1478,957.17,1429.29,133.03,98.91,0.5493
Vid1_0986.png,2,1122,1261,1485,1362,1304.39,1312.16,362.89,100.74,0.8568
Vid1_0986.png,3,972,1339,1274,1470,1123.55,1405.01,302.42,131.15,0.8611
Vid1_0986.png,9,874,1374,1034,1487,954.17,1430.87,159.97,112.79,0.8135
Vid1_0987.png,2,1139,1269,1498,1369,1318.93,1319.85,359.48,100.1,0.8381
Vid1_0987.png,3,987,1344,1287,1483,1137.63,1413.85,300.1,139.43,0.8536
Vid1_0987.png,9,850,1363,1070,1468,960.16,1416.02,219.79,104.06,0.8506
Vid1_0988.png,2,1145,1272,1504,1375,1325.03,1324.23,358.8,103.38,0.8344
Vid1_0988.png,3,995,1346,1294,1487,1144.74,1416.93,298.83,141.3,0.8364
Vid1_0988.png,9,845,1358,1085,1456,965.38,1407.79,240.53,97.89,0.8392
Vid1_0989.png,2,1161,1285,1522,1388,1341.82,1337.05,361.51,103.7,0.8172
Vid1_0989.png,3,1015,1348,1299,1489,1157.52,1419.15,283.43,140.66,0.8402
Vid1_0989.png,9,881,1344,1123,1436,1002.32,1390.25,242.6,91.5,0.8366
Vid1_0990.png,2,1172,1295,1533,1406,1352.98,1350.96,361.28,111.35,0.8052
Vid1_0990.png,3,1026,1355,1302,1493,1164.46,1424.31,275.49,137.81,0.8184
Vid1_0990.png,9,906,1337,1151,1429,1028.92,1383.62,245.72,91.33,0.8513
Vid1_0991.png,2,1185,1305,1546,1431,1365.74,1368.91,360.85,126.14,0.8555
Vid1_0991.png,3,1038,1348,1324,1497,1181.65,1423.09,286.66,149.69,0.7908
Vid1_0991.png,9,926,1332,1176,1425,1051.56,1378.91,249.23,93.7,0.8653
Vid1_0992.png,2,1201,1315,1559,1444,1380.6,1380.05,357.23,128.87,0.8568
Vid1_0992.png,3,1049,1342,1340,1498,1194.92,1420.74,290.74,155.69,0.641
Vid1_0992.png,9,946,1328,1194,1423,1070.73,1376.11,248.18,94.57,0.8535
Vid1_0993.png,2,1221,1324,1568,1457,1394.73,1390.85,347.19,133.38,0.864
Vid1_0993.png,3,1063,1338,1348,1495,1205.96,1417.11,285.77,157.27,0.8315
Vid1_0993.png,9,964,1327,1210,1417,1087.57,1372.41,245.58,89.65,0.8466
Vid1_0994.png,2,1228,1328,1572,1464,1400.17,1396.41,343.89,135.97,0.8719
Vid1_0994.png,3,1076,1336,1357,1496,1216.8,1416.46,281.01,159.98,0.8359
Vid1_0994.png,9,999,1326,1244,1408,1122.33,1367.57,245.06,82.68,0.8511
Vid1_0995.png,2,1231,1331,1575,1468,1403.59,1400.01,344.01,136.22,0.8945
Vid1_0995.png,3,1084,1331,1357,1494,1221.05,1412.93,272.64,162.57,0.814
Vid1_0995.png,9,1036,1317,1297,1404,1167.37,1360.93,261.18,86.57,0.8201
Vid1_0996.png,2,1232,1333,1577,1469,1405.02,1401.24,344.15,136.09,0.8902
Vid1_0996.png,3,1086,1329,1354,1492,1220.24,1411.13,268.13,163.39,0.8127
Vid1_0996.png,9,1060,1313,1326,1400,1193.27,1357.06,266.16,87.42,0.7898
Vid1_0997.png,2,1239,1339,1585,1477,1412.71,1408.24,345.75,137.69,0.8762
Vid1_0997.png,3,1096,1338,1384,1488,1240.59,1413.51,287.82,149.24,0.7938
Vid1_0997.png,9,1108,1296,1384,1388,1246.71,1342.23,276.02,91.88,0.8105
Vid1_0998.png,2,1245,1343,1590,1481,1418.13,1412.53,344.69,138.38,0.8859
Vid1_0998.png,3,1104,1337,1377,1486,1240.93,1411.94,272.99,148.64,0.7786
Vid1_0998.png,9,1149,1284,1418,1378,1283.79,1331.79,268.94,94.37,0.8187
Vid1_0999.png,2,1248,1348,1593,1484,1420.99,1416.48,344.57,136.88,0.8727
Vid1_0999.png,3,1119,1344,1381,1483,1250.77,1414.1,262.38,138.63,0.8253
Vid1_0999.png,9,1186,1270,1461,1381,1324.36,1326.39,275.09,110.93,0.8428
Vid1_1000.png,2,1255,1353,1596,1487,1426.17,1420.53,340.41,133.86,0.8658
Vid1_1000.png,3,1124,1352,1389,1481,1257.03,1416.98,265.74,128.91,0.8384
Vid1_1000.png,9,1230,1258,1497,1370,1364.24,1314.54,267.13,112.3,0.8814
Vid1_1001.png,2,1260,1359,1599,1492,1429.97,1425.62,338.35,133.03,0.8781
Vid1_1001.png,3,1123,1357,1396,1483,1260.22,1420.25,273.48,125.94,0.8401
Vid1_1001.png,9,1274,1244,1538,1355,1406.16,1300.19,264.1,111.3,0.8735
Vid1_1002.png,2,1262,1361,1600,1496,1431.71,1429.31,337.76,134.69,0.884
Vid1_1002.png,3,1127,1362,1401,1483,1264.57,1422.84,273.91,121.39,0.8525
Vid1_1002.png,9,1314,1230,1579,1337,1446.89,1283.76,265.05,106.63,0.8831
Vid1_1003.png,2,1267,1363,1602,1497,1434.99,1430.02,334.11,134.02,0.8792
Vid1_1003.png,3,1135,1365,1399,1483,1267.83,1424.42,263.67,118.53,0.8509
Vid1_1003.png,9,1353,1218,1617,1317,1485.28,1267.67,264.27,99.21,0.8694
Vid1_1004.png,2,1265,1363,1604,1504,1434.59,1433.85,338.89,140.34,0.8872
Vid1_1004.png,3,1141,1368,1408,1487,1274.89,1428.06,266.48,119.73,0.8407
Vid1_1004.png,9,1391,1205,1661,1299,1526.05,1252.82,269.91,94.25,0.8819
Vid1_1005.png,2,1264,1365,1606,1511,1435.57,1438.52,341.85,145.77,0.8921
Vid1_1005.png,3,1153,1372,1416,1499,1285.02,1435.74,262.47,127.36,0.8376
Vid1_1005.png,9,1434,1194,1704,1286,1569.51,1240.68,269.71,91.76,0.8882
Vid1_1006.png,2,1274,1367,1610,1507,1442.34,1437.91,336.58,139.82,0.8844
Vid1_1006.png,3,1168,1373,1429,1502,1299.22,1437.93,261.45,129.04,0.8419
Vid1_1006.png,9,1470,1186,1745,1274,1607.93,1230.21,274.72,87.71,0.8789
Vid1_1007.png,2,1276,1370,1613,1506,1445.36,1438.72,337.28,135.98,0.8796
Vid1_1007.png,3,1184,1374,1436,1501,1310.35,1438.31,252.14,127.15,0.8191
Vid1_1007.png,9,1509,1178,1783,1267,1646.4,1222.73,273.33,89.04,0.8732
Vid1_1008.png,2,1270,1370,1618,1510,1444.23,1440.68,348.37,139.84,0.8542
Vid1_1008.png,3,1205,1374,1445,1502,1325.55,1438.71,240.71,128.24,0.5218
Vid1_1008.png,9,1536,1169,1818,1261,1677.51,1215.43,281.08,91.57,0.8656
Vid1_1009.png,2,1259,1371,1621,1510,1440.68,1440.82,361.92,139.21,0.8811
Vid1_1009.png,9,1585,1162,1860,1260,1723.23,1211.74,275.36,98.53,0.8937
Vid1_1010.png,2,1263,1365,1625,1510,1444.47,1437.97,361.11,144.22,0.8935
Vid1_1010.png,9,1629,1151,1899,1247,1764.61,1199.69,270.01,96.18,0.8818
Vid1_1011.png,2,1265,1364,1625,1509,1445.54,1437.01,359.98,145.45,0.8955
Vid1_1011.png,9,1641,1148,1911,1248,1776.1,1198.16,269.95,99.88,0.877
Vid1_1012.png,2,1274,1353,1631,1510,1452.94,1431.93,357.24,156.44,0.8734
Vid1_1012.png,9,1684,1137,1927,1238,1805.95,1188.18,243.11,100.72,0.8706
Vid1_1013.png,2,1280,1362,1635,1511,1457.93,1437.21,354.73,149.57,0.8815
Vid1_1013.png,9,1737,1120,1909,1221,1823.17,1171.28,172.02,101.09,0.8412
Vid1_1014.png,2,1282,1364,1635,1512,1458.92,1438.36,353.68,148.56,0.886
Vid1_1014.png,9,1735,1117,1905,1218,1820.41,1167.59,169.52,100.99,0.8899
Vid1_1014.png,10,1395,1332,1633,1419,1514.66,1375.63,237.33,86.74,0.3523
Vid1_1015.png,2,1288,1370,1639,1512,1463.83,1441.66,351.21,141.86,0.9167
Vid1_1015.png,9,1791,1107,1897,1206,1844.31,1157.44,105.94,99.1,0.7109
Vid1_1015.png,10,1454,1309,1675,1400,1564.95,1355.03,220.36,91.33,0.8444
Vid1_1016.png,2,1291,1369,1643,1509,1467.61,1439.72,352.08,139.63,0.9075
Vid1_1016.png,9,1799,1099,1877,1191,1838.61,1145.29,78.31,91.75,0.7067
Vid1_1016.png,10,1510,1286,1728,1390,1619.49,1338.78,217.65,103.73,0.8334
Vid1_1017.png,2,1293,1369,1644,1507,1469.31,1438.51,351.26,137.52,0.9048
Vid1_1017.png,9,1799,1094,1874,1189,1837.34,1142.01,74.86,94.12,0.7032
Vid1_1017.png,10,1523,1280,1738,1387,1631.0,1334.09,214.47,106.89,0.8385
Vid1_1018.png,2,1294,1368,1648,1508,1471.71,1438.56,353.63,140.87,0.9037
Vid1_1018.png,9,1791,1091,1865,1189,1828.72,1140.5,74.46,98.43,0.7609
Vid1_1018.png,10,1548,1264,1771,1388,1660.07,1326.65,222.7,123.87,0.8312
Vid1_1019.png,2,1297,1363,1654,1506,1475.95,1435.26,356.29,143.17,0.8923
Vid1_1019.png,9,1784,1091,1861,1204,1823.15,1147.61,77.46,112.96,0.7832
Vid1_1019.png,10,1577,1252,1800,1382,1688.91,1317.62,223.18,130.73,0.8646
Vid1_1020.png,2,1302,1360,1654,1506,1478.58,1433.07,351.45,145.9,0.8928
Vid1_1020.png,9,1758,1084,1868,1230,1813.47,1157.28,110.38,145.75,0.847
Vid1_1020.png,10,1597,1245,1821,1381,1709.31,1313.52,224.38,135.07,0.8712
Vid1_1021.png,2,1302,1358,1654,1504,1478.8,1431.88,352.23,146.19,0.8924
Vid1_1021.png,9,1756,1081,1870,1236,1813.82,1159.24,114.31,155.21,0.844
Vid1_1021.png,10,1599,1244,1825,1380,1712.62,1312.33,226.68,136.27,0.8676
Vid1_1022.png,2,1307,1354,1657,1507,1482.64,1431.07,349.83,153.15,0.9003
Vid1_1022.png,9,1740,1110,1881,1275,1811.14,1193.29,140.61,164.78,0.8438
Vid1_1022.png,10,1621,1243,1841,1383,1731.13,1313.51,219.95,139.34,0.8623
Vid1_1023.png,2,1313,1353,1659,1508,1486.4,1430.83,345.22,154.99,0.8986
Vid1_1023.png,9,1758,1158,1894,1322,1826.53,1240.05,136.94,163.99,0.8386
Vid1_1023.png,10,1628,1247,1839,1385,1734.25,1316.68,210.92,138.58,0.8269
Vid1_1024.png,2,1316,1354,1662,1509,1489.53,1431.58,346.69,154.88,0.8983
Vid1_1024.png,9,1774,1197,1895,1342,1835.45,1270.2,120.98,144.72,0.7778
Vid1_1024.png,10,1635,1250,1843,1386,1739.53,1318.37,207.43,135.71,0.8301
Vid1_1025.png,2,1320,1355,1666,1508,1493.51,1432.02,346.54,153.53,0.8949
Vid1_1025.png,9,1802,1232,1899,1368,1851.04,1300.44,97.56,136.35,0.6089
Vid1_1025.png,10,1641,1252,1862,1387,1751.84,1320.33,221.06,135.18,0.8513
Vid1_1026.png,2,1325,1355,1669,1507,1497.37,1431.62,343.82,151.96,0.8921
Vid1_1026.png,9,1767,1285,1915,1389,1841.54,1337.72,147.48,104.15,0.6736
Vid1_1026.png,10,1643,1248,1861,1390,1752.36,1319.66,217.34,142.23,0.8645
Vid1_1027.png,2,1327,1356,1675,1509,1501.74,1432.9,347.99,153.5,0.8861
Vid1_1027.png,9,1761,1312,1927,1411,1844.48,1362.04,165.23,98.73,0.8099
Vid1_1027.png,10,1637,1245,1849,1387,1743.73,1316.4,212.19,142.44,0.8728
Vid1_1028.png,2,1327,1356,1676,1510,1502.04,1433.31,348.6,153.95,0.8874
Vid1_1028.png,9,1751,1326,1932,1414,1841.83,1370.21,180.51,88.29,0.8136
Vid1_1028.png,10,1635,1244,1846,1388,1741.03,1316.49,211.37,144.52,0.8687
Vid1_1029.png,2,1333,1358,1683,1510,1508.36,1434.24,350.58,151.91,0.892
Vid1_1029.png,9,1791,1325,1943,1411,1867.4,1368.68,152.47,85.37,0.5936
Vid1_1029.png,10,1626,1245,1823,1387,1725.02,1316.81,197.32,142.27,0.8714
Vid1_1030.png,2,1334,1360,1686,1510,1510.72,1435.69,352.17,149.69,0.8994
Vid1_1030.png,9,1831,1329,1954,1421,1893.1,1375.36,122.68,91.98,0.7699
Vid1_1030.png,10,1635,1253,1808,1389,1721.79,1321.71,173.51,136.05,0.8498
Vid1_1031.png,2,1336,1364,1689,1508,1512.83,1436.59,353.65,143.8,0.9047
Vid1_1031.png,9,1809,1330,1953,1435,1881.55,1382.78,144.12,105.02,0.8164
Vid1_1031.png,10,1619,1251,1810,1378,1714.97,1315.25,191.05,127.39,0.869
Vid1_1032.png,2,1338,1367,1691,1506,1514.92,1436.8,353.09,138.43,0.9003
Vid1_1032.png,9,1788,1345,1971,1443,1880.07,1394.44,183.0,97.24,0.869
Vid1_1032.png,10,1593,1254,1833,1373,1713.2,1313.59,240.26,119.14,0.8793
Vid1_1033.png,2,1347,1368,1694,1507,1520.83,1438.31,347.2,139.26,0.8921
Vid1_1033.png,9,1748,1366,1960,1459,1854.38,1413.13,211.46,92.72,0.8592
Vid1_1033.png,10,1530,1281,1807,1385,1668.67,1333.27,277.21,103.73,0.8698
Vid1_1034.png,2,1374,1368,1699,1494,1537.21,1431.5,324.63,126.6,0.8707
Vid1_1034.png,9,1709,1372,1934,1461,1822.29,1417.2,225.02,89.25,0.8626
Vid1_1034.png,10,1480,1297,1787,1395,1634.05,1346.48,306.82,98.19,0.8151
Vid1_1035.png,2,1387,1364,1715,1488,1551.33,1426.82,327.89,123.96,0.8394
Vid1_1035.png,9,1675,1368,1916,1461,1795.74,1415.28,241.23,92.78,0.8382
Vid1_1035.png,10,1445,1314,1750,1406,1598.04,1360.1,305.21,92.0,0.7278
Vid1_1036.png,2,1398,1359,1728,1481,1563.4,1420.77,330.68,121.67,0.8406
Vid1_1036.png,9,1636,1365,1873,1458,1755.05,1411.83,236.12,93.6,0.8156
Vid1_1036.png,10,1411,1327,1653,1419,1532.73,1373.11,242.5,92.11,0.6784
Vid1_1037.png,2,1422,1355,1722,1474,1572.49,1415.01,300.5,119.51,0.5597
Vid1_1037.png,9,1591,1356,1832,1456,1712.15,1406.53,241.22,99.56,0.8032
Vid1_1037.png,10,1378,1341,1595,1429,1486.71,1385.5,216.67,87.88,0.7628
Vid1_1038.png,9,1546,1355,1797,1458,1672.16,1406.85,251.67,102.56,0.8212
Vid1_1038.png,10,1354,1354,1568,1444,1461.23,1399.26,214.21,89.73,0.6787
Vid1_1039.png,10,1333,1366,1543,1458,1438.26,1412.53,210.21,91.67,0.6917
Vid1_1039.png,2,1454,1349,1771,1472,1613.0,1410.84,317.26,122.53,0.8711
Vid1_1040.png,10,1314,1380,1519,1459,1416.71,1419.96,205.27,78.49,0.6172
Vid1_1040.png,2,1445,1344,1792,1474,1618.84,1409.58,347.56,130.65,0.6611
Vid1_1040.png,9,1438,1387,1703,1481,1571.09,1434.11,265.76,94.02,0.597
Vid1_1041.png,2,1478,1341,1805,1454,1641.9,1397.88,326.52,113.69,0.8487
Vid1_1041.png,9,1341,1389,1642,1495,1491.82,1442.78,300.43,106.12,0.8728
Vid1_1042.png,2,1478,1337,1815,1460,1646.82,1398.83,336.94,122.85,0.8502
Vid1_1042.png,9,1299,1389,1600,1503,1450.34,1446.43,300.95,114.06,0.8732
Vid1_1043.png,2,1491,1333,1827,1470,1659.45,1402.1,336.85,136.5,0.8906
Vid1_1043.png,9,1271,1386,1568,1495,1420.01,1440.95,297.88,108.46,0.8591
Vid1_1044.png,2,1493,1333,1830,1475,1661.84,1404.42,336.88,142.19,0.8821
Vid1_1044.png,9,1264,1386,1560,1493,1412.44,1439.94,296.6,107.73,0.8715
Vid1_1045.png,2,1510,1329,1841,1472,1676.24,1400.88,331.38,143.54,0.8875
Vid1_1045.png,9,1230,1377,1530,1502,1380.56,1439.81,300.66,124.7,0.8517
Vid1_1046.png,2,1523,1326,1855,1474,1689.7,1400.38,331.73,148.2,0.8932
Vid1_1046.png,9,1211,1364,1503,1495,1357.27,1429.74,291.63,131.06,0.8527
Vid1_1046.png,10,1147,1396,1379,1476,1263.53,1436.35,231.63,80.37,0.559
Vid1_1047.png,2,1529,1324,1857,1474,1693.37,1399.55,328.17,149.28,0.8911
Vid1_1047.png,9,1206,1360,1494,1492,1350.81,1426.73,287.69,131.84,0.8444
Vid1_1047.png,10,1141,1397,1390,1480,1266.27,1438.93,249.29,83.73,0.3868
Vid1_1048.png,2,1538,1322,1867,1478,1703.28,1400.33,328.65,155.42,0.8934
Vid1_1048.png,9,1180,1343,1471,1499,1325.97,1421.49,291.29,155.26,0.8983
Vid1_1048.png,10,1099,1387,1348,1478,1223.91,1432.61,249.67,91.14,0.8021
Vid1_1049.png,2,1557,1320,1877,1478,1717.48,1399.6,319.89,158.46,0.8918
Vid1_1049.png,9,1148,1331,1443,1493,1296.12,1412.66,294.54,161.69,0.8998
Vid1_1049.png,10,1029,1350,1288,1468,1159.29,1409.67,259.27,118.34,0.87
Vid1_1050.png,2,1560,1319,1886,1479,1723.59,1399.19,325.55,160.01,0.8975
Vid1_1050.png,9,1125,1323,1423,1486,1274.66,1405.04,298.33,163.48,0.909
Vid1_1050.png,10,961,1319,1224,1447,1092.84,1383.35,263.48,127.67,0.8741
Vid1_1051.png,2,1560,1318,1888,1478,1724.7,1398.99,328.57,160.0,0.8958
Vid1_1051.png,9,1118,1320,1418,1484,1268.53,1402.5,299.68,163.47,0.9081
Vid1_1051.png,10,940,1308,1204,1439,1072.54,1374.21,263.95,131.24,0.8796
Vid1_1052.png,2,1571,1317,1897,1476,1734.41,1397.38,326.38,158.85,0.898
Vid1_1052.png,9,1106,1317,1404,1484,1255.31,1400.8,298.19,167.42,0.9114
Vid1_1052.png,10,865,1278,1136,1396,1001.0,1337.48,271.61,118.12,0.8938
Vid1_1053.png,2,1579,1317,1903,1473,1741.52,1395.78,323.35,156.29,0.8991
Vid1_1053.png,9,1098,1315,1396,1483,1247.55,1399.84,297.9,167.76,0.9187
Vid1_1053.png,10,820,1261,1091,1370,955.95,1315.81,271.13,109.33,0.8771
Vid1_1054.png,2,1592,1317,1912,1472,1752.23,1395.23,320.2,154.77,0.9008
Vid1_1054.png,9,1084,1320,1379,1481,1231.76,1400.78,295.37,161.28,0.9108
Vid1_1054.png,10,728,1235,1001,1330,865.07,1282.75,272.59,95.09,0.8727
Vid1_1055.png,2,1598,1318,1919,1474,1759.05,1396.2,320.79,156.37,0.9002
Vid1_1055.png,9,1074,1324,1373,1484,1224.27,1404.79,299.04,160.17,0.9143
Vid1_1055.png,10,661,1219,935,1310,798.34,1265.1,274.2,91.37,0.8658
Vid1_1056.png,2,1609,1318,1921,1463,1765.53,1391.0,311.75,145.15,0.8966
Vid1_1056.png,9,1066,1330,1364,1489,1215.3,1409.92,297.79,159.57,0.9209
Vid1_1056.png,10,606,1209,873,1298,740.25,1253.96,266.66,89.53,0.8679
Vid1_1057.png,2,1659,1317,1895,1448,1777.51,1383.24,236.28,130.87,0.8734
Vid1_1057.png,9,1057,1334,1347,1489,1202.51,1412.03,289.9,155.3,0.9188
Vid1_1057.png,10,563,1203,835,1289,699.89,1246.52,271.98,86.95,0.8781
Vid1_1058.png,2,1692,1319,1893,1435,1792.93,1377.37,201.62,116.49,0.847
Vid1_1058.png,9,1030,1333,1324,1481,1177.16,1407.8,293.98,148.22,0.9072
Vid1_1058.png,10,521,1197,790,1285,656.27,1241.59,269.16,88.66,0.8766
Vid1_1059.png,2,1695,1318,1896,1431,1795.83,1374.9,201.49,112.53,0.8327
Vid1_1059.png,9,1016,1332,1315,1477,1166.0,1405.03,298.71,144.56,0.9101
Vid1_1059.png,10,501,1194,772,1283,636.98,1238.98,270.28,89.58,0.8821
Vid1_1060.png,2,1640,1316,1920,1417,1780.82,1367.03,279.78,100.33,0.8712
Vid1_1060.png,9,977,1328,1268,1471,1122.9,1400.22,290.72,142.8,0.9038
Vid1_1060.png,10,437,1190,708,1273,572.77,1231.93,270.64,82.53,0.8765
Vid1_1061.png,2,1602,1311,1923,1409,1763.0,1360.7,320.08,98.56,0.8831
Vid1_1061.png,9,929,1322,1217,1456,1073.78,1389.43,288.29,134.81,0.8943
Vid1_1061.png,10,389,1188,659,1269,524.56,1229.25,270.62,81.42,0.8708
Vid1_1062.png,2,1570,1305,1912,1407,1741.59,1356.64,341.97,101.61,0.8919
Vid1_1062.png,9,887,1314,1184,1454,1036.2,1384.43,296.99,140.64,0.9119
Vid1_1062.png,10,353,1187,626,1270,490.13,1228.98,272.74,82.22,0.8748
Vid1_1063.png,2,1537,1299,1888,1406,1713.05,1352.85,350.49,107.39,0.8989
Vid1_1063.png,9,846,1306,1146,1449,996.44,1378.29,299.92,143.1,0.9232
Vid1_1063.png,10,323,1189,595,1272,459.17,1231.18,272.28,83.0,0.8823
Vid1_1064.png,2,1506,1293,1861,1404,1684.07,1349.08,355.31,111.71,0.8978
Vid1_1064.png,9,806,1300,1104,1445,955.87,1373.12,297.98,144.46,0.9237
Vid1_1064.png,10,295,1193,568,1274,431.89,1233.96,273.67,81.88,0.8816
Vid1_1065.png,2,1491,1290,1850,1405,1670.94,1347.93,358.23,114.49,0.8929
Vid1_1065.png,9,790,1298,1086,1443,938.39,1370.96,296.63,144.83,0.9175
Vid1_1065.png,10,283,1195,556,1276,420.39,1236.02,273.18,80.65,0.8842
Vid1_1066.png,2,1465,1288,1821,1403,1643.83,1346.15,355.81,115.57,0.8884
Vid1_1066.png,9,754,1293,1049,1440,901.84,1366.96,295.32,147.38,0.9111
Vid1_1066.png,10,261,1198,534,1279,398.19,1239.39,272.42,80.9,0.88
Vid1_1067.png,2,1435,1287,1789,1404,1612.34,1345.81,353.64,117.26,0.8947
Vid1_1067.png,9,707,1286,1005,1432,856.95,1359.83,298.06,145.95,0.9109
Vid1_1067.png,10,240,1195,490,1287,365.34,1241.73,250.01,91.48,0.8729
Vid1_1068.png,2,1410,1287,1763,1407,1586.9,1347.47,352.8,120.19,0.8927
Vid1_1068.png,9,670,1281,973,1429,822.07,1355.43,302.92,147.25,0.9117
Vid1_1068.png,10,208,1192,463,1286,335.96,1239.34,254.33,94.47,0.8846
Vid1_1069.png,2,1403,1287,1756,1408,1579.84,1348.08,353.33,121.3,0.8904
Vid1_1069.png,9,660,1280,965,1428,812.58,1354.13,304.91,148.01,0.9139
Vid1_1069.png,10,200,1193,462,1287,331.3,1240.14,261.5,94.05,0.8914
Vid1_1070.png,2,1382,1288,1735,1416,1558.81,1352.54,353.24,127.93,0.8996
Vid1_1070.png,9,625,1278,933,1423,779.48,1351.03,307.25,144.76,0.9125
Vid1_1070.png,10,176,1170,417,1278,297.13,1224.48,240.57,108.48,0.8922
Vid1_1071.png,2,1360,1291,1711,1424,1535.77,1358.14,351.39,132.6,0.9162
Vid1_1071.png,9,590,1274,889,1415,740.02,1345.26,298.35,140.98,0.908
Vid1_1071.png,10,154,1148,380,1253,267.61,1200.71,226.38,104.71,0.8859
Vid1_1072.png,2,1341,1295,1692,1432,1516.83,1364.2,351.04,136.61,0.915
Vid1_1072.png,9,552,1268,851,1414,701.82,1341.09,298.39,146.0,0.9161
Vid1_1072.png,10,135,1127,364,1230,249.86,1179.22,228.61,103.2,0.8841
Vid1_1073.png,2,1327,1293,1676,1429,1501.82,1361.41,348.74,136.78,0.9132
Vid1_1073.png,9,517,1258,814,1408,666.05,1333.85,297.12,150.06,0.9217
Vid1_1073.png,10,119,1105,331,1223,225.6,1164.37,212.45,117.63,0.9064
Vid1_1074.png,2,1311,1288,1658,1423,1484.8,1355.76,346.58,134.84,0.908
Vid1_1074.png,9,479,1246,776,1403,628.26,1325.02,296.57,157.79,0.9273
Vid1_1074.png,10,105,1077,312,1209,208.63,1143.11,206.92,132.09,0.891
Vid1_1075.png,2,1292,1283,1636,1412,1464.55,1347.98,343.31,129.21,0.9091
Vid1_1075.png,9,444,1234,741,1399,592.84,1317.15,296.69,164.66,0.9298
Vid1_1075.png,10,99,1046,239,1183,169.69,1115.15,139.46,137.12,0.8051
Vid1_1076.png,2,1280,1277,1613,1407,1446.91,1342.28,332.66,130.31,0.918
Vid1_1076.png,9,417,1226,710,1395,564.07,1310.98,293.16,168.83,0.9223
Vid1_1076.png,10,86,1020,231,1162,158.79,1091.13,145.23,142.07,0.8375
Vid1_1077.png,2,1261,1264,1589,1405,1425.83,1334.98,327.76,140.57,0.9283
Vid1_1077.png,9,393,1219,683,1391,538.45,1305.56,290.04,172.07,0.9303
Vid1_1077.png,10,122,1002,271,1121,196.87,1061.85,148.69,119.27,0.836
Vid1_1078.png,2,1237,1250,1565,1402,1401.6,1326.37,328.43,152.3,0.9154
Vid1_1078.png,9,379,1207,667,1382,523.53,1294.97,288.04,175.55,0.9223
Vid1_1078.png,10,128,987,330,1076,229.29,1032.07,202.23,89.16,0.8734
Vid1_1079.png,2,1214,1238,1537,1396,1375.65,1317.62,322.85,158.22,0.9327
Vid1_1079.png,9,370,1194,639,1379,504.54,1286.96,268.98,184.81,0.9133
Vid1_1079.png,10,158,977,378,1062,268.58,1020.3,219.18,84.67,0.8654
Vid1_1080.png,2,1189,1228,1521,1390,1355.4,1309.29,331.98,161.59,0.9337
Vid1_1080.png,9,360,1178,624,1377,492.41,1278.0,264.69,199.25,0.9114
Vid1_1080.png,10,191,974,433,1059,312.67,1017.13,241.63,85.36,0.8787
Vid1_1081.png,2,1167,1219,1504,1382,1335.71,1300.91,336.63,163.2,0.9192
Vid1_1081.png,9,349,1167,610,1375,479.81,1271.24,260.46,208.14,0.9114
Vid1_1081.png,10,233,974,488,1055,361.05,1015.31,254.99,80.74,0.8722
Vid1_1082.png,2,1147,1210,1486,1374,1316.98,1292.45,339.39,164.01,0.922
Vid1_1082.png,9,342,1159,605,1369,474.22,1264.17,262.85,209.97,0.9101
Vid1_1082.png,10,284,970,542,1057,413.47,1014.11,257.57,87.44,0.8785
Vid1_1083.png,2,1133,1205,1473,1367,1303.76,1286.91,340.15,162.18,0.9276
Vid1_1083.png,9,341,1154,604,1363,472.91,1258.65,263.23,209.22,0.9133
Vid1_1083.png,10,325,970,574,1056,449.99,1013.58,249.42,86.03,0.8753
Vid1_1084.png,2,1116,1198,1453,1359,1285.37,1278.84,336.95,160.71,0.9242
Vid1_1084.png,9,343,1143,591,1346,467.5,1244.57,248.13,203.13,0.9008
Vid1_1084.png,10,371,968,621,1059,496.77,1014.33,250.12,90.76,0.887
Vid1_1085.png,2,1101,1180,1419,1348,1260.54,1264.57,317.12,168.46,0.923
Vid1_1085.png,9,362,1137,568,1319,465.37,1228.45,205.39,182.08,0.8738
Vid1_1085.png,10,408,964,661,1057,534.93,1010.95,252.19,93.28,0.9027
Vid1_1086.png,2,1071,1162,1394,1348,1233.42,1255.31,322.94,185.4,0.918
Vid1_1086.png,9,359,1141,533,1300,446.69,1220.8,173.8,158.86,0.8187
Vid1_1086.png,10,442,958,692,1060,567.54,1009.65,250.08,102.22,0.9057
