Filename;Object ID;Annotation tag;Upper left corner X;Upper left corner Y;Lower right corner X;Lower right corner Y;Right,Turning,Occlusion,Glitch;Buffer;;
Vid1_0001.png;1;Zebrafish;1557;1416;1883;1510;1,0,0,0;0;;
Vid1_0002.png;1;Zebrafish;1556;1414;1885;1513;1,0,0,0;0;;
Vid1_0003.png;1;Zebrafish;1553;1412;1883;1501;1,0,0,0;0;;
Vid1_0004.png;1;Zebrafish;1600;1407;1870;1493;1,0,0,0;0;;
Vid1_0005.png;1;Zebrafish;1593;1396;1869;1497;1,0,0,0;0;;
Vid1_0006.png;1;Zebrafish;1593;1396;1869;1497;1,0,0,0;0;;
Vid1_0007.png;1;Zebrafish;1592;1396;1866;1497;1,0,0,0;0;;
Vid1_0015.png;1;Zebrafish;1599;1375;1899;1482;0,0,0,0;0;;
Vid1_0016.png;1;Zebrafish;1597;1375;1900;1482;0,0,0,0;0;;
Vid1_0017.png;1;Zebrafish;1568;1364;1898;1476;0,0,0,0;0;;
Vid1_0018.png;1;Zebrafish;1550;1365;1867;1466;0,0,0,0;0;;
Vid1_0019.png;1;Zebrafish;1536;1365;1848;1470;0,0,0,0;0;;
Vid1_0020.png;1;Zebrafish;1521;1364;1856;1476;0,0,0,0;0;;
Vid1_0021.png;1;Zebrafish;1509;1365;1856;1477;0,0,0,0;0;;
Vid1_0022.png;1;Zebrafish;1496;1366;1846;1478;0,0,0,0;0;;
Vid1_0024.png;1;Zebrafish;1483;1369;1838;1480;0,0,0,0;0;;
Vid1_0025.png;1;Zebrafish;1466;1374;1822;1490;0,0,0,0;0;;
Vid1_0026.png;1;Zebrafish;1462;1374;1815;1487;0,0,0,0;0;;
Vid1_0027.png;1;Zebrafish;1462;1374;1812;1486;0,0,0,0;0;;
Vid1_0028.png;1;Zebrafish;1441;1374;1794;1490;0,0,0,0;0;;
Vid1_0029.png;1;Zebrafish;1428;1374;1782;1494;0,0,0,0;0;;
Vid1_0030.png;1;Zebrafish;1431;1374;1785;1494;0,0,0,0;0;;
Vid1_0031.png;1;Zebrafish;1406;1375;1755;1496;0,0,0,0;0;;
Vid1_0032.png;1;Zebrafish;1395;1376;1754;1501;0,0,0,0;0;;
Vid1_0033.png;1;Zebrafish;1388;1378;1746;1506;0,0,0,0;0;;
Vid1_0014.png;1;Zebrafish;1599;1375;1899;1482;0,0,0,0;0;;
Vid1_0034.png;1;Zebrafish;1378;1379;1736;1507;0,0,0,0;0;;
Vid1_0035.png;1;Zebrafish;1380;1379;1737;1507;0,0,0,0;0;;
Vid1_0036.png;1;Zebrafish;1364;1375;1721;1508;0,0,0,0;0;;
Vid1_0038.png;1;Zebrafish;1352;1371;1703;1500;0,0,0,0;0;;
Vid1_0039.png;1;Zebrafish;1342;1368;1702;1506;0,0,0,0;0;;
Vid1_0040.png;1;Zebrafish;1340;1366;1696;1504;0,0,0,0;0;;
Vid1_0041.png;1;Zebrafish;1335;1365;1691;1501;0,0,0,0;0;;
Vid1_0042.png;1;Zebrafish;1336;1365;1691;1501;0,0,0,0;0;;
Vid1_0043.png;1;Zebrafish;1326;1365;1676;1500;0,0,0,0;0;;
Vid1_0044.png;1;Zebrafish;1319;1366;1677;1506;0,0,0,0;0;;
Vid1_0045.png;1;Zebrafish;1315;1367;1672;1507;0,0,0,0;0;;
Vid1_0046.png;1;Zebrafish;1314;1368;1669;1506;0,0,0,0;0;;
Vid1_0047.png;1;Zebrafish;1311;1368;1666;1508;0,0,0,0;0;;
Vid1_0048.png;1;Zebrafish;1311;1368;1666;1508;0,0,0,0;0;;
Vid1_0049.png;1;Zebrafish;1311;1365;1657;1507;0,0,0,0;0;;
Vid1_0050.png;1;Zebrafish;1307;1364;1661;1510;0,0,0,0;0;;
Vid1_0051.png;1;Zebrafish;1304;1364;1658;1507;0,0,0,0;0;;
Vid1_0052.png;1;Zebrafish;1304;1364;1657;1507;0,0,0,0;0;;
Vid1_0053.png;1;Zebrafish;1302;1364;1657;1506;0,0,0,0;0;;
Vid1_0054.png;1;Zebrafish;1301;1362;1654;1502;0,0,0,0;0;;
Vid1_0055.png;1;Zebrafish;1301;1362;1654;1502;0,0,0,0;0;;
Vid1_0056.png;1;Zebrafish;1301;1362;1655;1502;0,0,0,0;0;;
Vid1_0057.png;1;Zebrafish;1298;1360;1651;1496;0,0,0,0;0;;
Vid1_0058.png;1;Zebrafish;1297;1359;1653;1494;0,0,0,0;0;;
Vid1_0059.png;1;Zebrafish;1297;1359;1650;1491;0,0,0,0;0;;
Vid1_0060.png;1;Zebrafish;1296;1356;1650;1489;0,0,0,0;0;;
Vid1_0061.png;1;Zebrafish;1297;1353;1652;1488;0,0,0,0;0;;
Vid1_0062.png;1;Zebrafish;1296;1352;1650;1490;0,0,0,0;0;;
Vid1_0063.png;1;Zebrafish;1297;1349;1649;1490;0,0,0,0;0;;
Vid1_0064.png;1;Zebrafish;1298;1347;1649;1489;0,0,0,0;0;;
Vid1_0096.png;1;Zebrafish;1290;1322;1639;1481;0,0,0,0;0;;
Vid1_0097.png;1;Zebrafish;1292;1324;1641;1484;0,0,0,0;0;;
Vid1_0098.png;1;Zebrafish;1293;1326;1640;1482;0,0,0,0;0;;
Vid1_0099.png;1;Zebrafish;1293;1326;1640;1482;0,0,0,0;0;;
Vid1_0100.png;1;Zebrafish;1293;1326;1638;1482;0,0,0,0;0;;
Vid1_0101.png;1;Zebrafish;1294;1328;1642;1475;0,0,0,0;0;;
Vid1_0102.png;1;Zebrafish;1294;1328;1646;1475;0,0,0,0;0;;
Vid1_0103.png;1;Zebrafish;1292;1330;1636;1469;0,0,0,0;0;;
Vid1_0104.png;1;Zebrafish;1292;1330;1636;1469;0,0,0,0;0;;
Vid1_0105.png;1;Zebrafish;1292;1330;1638;1469;0,0,0,0;0;;
Vid1_0106.png;1;Zebrafish;1288;1336;1650;1464;0,0,0,0;0;;
Vid1_0107.png;1;Zebrafish;1288;1336;1650;1464;0,0,0,0;0;;
Vid1_0108.png;1;Zebrafish;1288;1336;1650;1464;0,0,0,0;0;;
Vid1_0109.png;1;Zebrafish;1289;1343;1648;1472;0,0,0,0;0;;
Vid1_0110.png;1;Zebrafish;1286;1347;1646;1479;0,0,0,0;0;;
Vid1_0111.png;1;Zebrafish;1288;1352;1647;1484;0,0,0,0;0;;
Vid1_0112.png;1;Zebrafish;1282;1356;1643;1487;0,0,0,0;0;;
Vid1_0113.png;1;Zebrafish;1284;1359;1643;1493;0,0,0,0;0;;
Vid1_0114.png;1;Zebrafish;1285;1362;1640;1495;0,0,0,0;0;;
Vid1_0115.png;1;Zebrafish;1280;1366;1643;1488;0,0,0,0;0;;
Vid1_0116.png;1;Zebrafish;1282;1368;1632;1482;0,0,0,0;0;;
Vid1_0117.png;1;Zebrafish;1280;1370;1637;1484;0,0,0,0;0;;
Vid1_0118.png;1;Zebrafish;1275;1374;1638;1488;0,0,0,0;0;;
Vid1_0119.png;1;Zebrafish;1276;1375;1637;1488;0,0,0,0;0;;
Vid1_0120.png;1;Zebrafish;1275;1378;1625;1490;0,0,0,0;0;;
Vid1_0121.png;1;Zebrafish;1273;1380;1625;1496;0,0,0,0;0;;
Vid1_0122.png;1;Zebrafish;1276;1380;1625;1496;0,0,0,0;0;;
Vid1_0123.png;1;Zebrafish;1277;1380;1613;1506;0,0,0,0;0;;
Vid1_0124.png;1;Zebrafish;1275;1380;1623;1513;0,0,0,0;0;;
Vid1_0125.png;1;Zebrafish;1274;1380;1625;1514;0,0,0,0;0;;
Vid1_0126.png;1;Zebrafish;1271;1382;1622;1511;0,0,0,0;0;;
Vid1_0127.png;1;Zebrafish;1274;1379;1616;1512;0,0,0,0;0;;
Vid1_0128.png;1;Zebrafish;1271;1374;1614;1517;0,0,0,0;0;;
Vid1_0129.png;1;Zebrafish;1266;1371;1601;1516;0,0,0,0;0;;
Vid1_0130.png;1;Zebrafish;1261;1367;1604;1514;0,0,0,0;0;;
Vid1_0131.png;1;Zebrafish;1255;1360;1593;1510;0,0,0,0;0;;
Vid1_0132.png;1;Zebrafish;1256;1361;1596;1511;0,0,0,0;0;;
Vid1_0133.png;1;Zebrafish;1240;1351;1579;1507;0,0,0,0;0;;
Vid1_0134.png;1;Zebrafish;1229;1342;1564;1508;0,0,0,0;0;;
Vid1_0135.png;1;Zebrafish;1222;1330;1552;1506;0,0,0,0;0;;
Vid1_0136.png;1;Zebrafish;1223;1331;1556;1508;0,0,0,0;0;;
Vid1_0137.png;1;Zebrafish;1199;1304;1524;1503;0,0,0,0;0;;
Vid1_0138.png;1;Zebrafish;1185;1297;1510;1500;0,0,0,0;0;;
Vid1_0139.png;1;Zebrafish;1171;1291;1495;1484;0,0,0,0;0;;
Vid1_0140.png;1;Zebrafish;1172;1292;1501;1485;0,0,0,0;0;;
Vid1_0141.png;1;Zebrafish;1148;1287;1482;1477;0,0,0,0;0;;
Vid1_0142.png;1;Zebrafish;1151;1287;1483;1477;0,0,0,0;0;;
Vid1_0143.png;1;Zebrafish;1134;1285;1469;1474;0,0,0,0;0;;
Vid1_0144.png;1;Zebrafish;1124;1285;1460;1476;0,0,0,0;0;;
Vid1_0145.png;1;Zebrafish;1126;1285;1460;1475;0,0,0,0;0;;
Vid1_0146.png;1;Zebrafish;1119;1276;1450;1469;0,0,0,0;0;;
Vid1_0147.png;1;Zebrafish;1100;1269;1424;1456;0,0,0,0;0;;
Vid1_0148.png;1;Zebrafish;1079;1261;1408;1448;0,0,0,0;0;;
Vid1_0149.png;1;Zebrafish;1082;1262;1412;1448;0,0,0,0;0;;
Vid1_0150.png;1;Zebrafish;1050;1253;1386;1434;0,0,0,0;0;;
Vid1_0151.png;1;Zebrafish;1026;1248;1358;1421;0,0,0,0;0;;
Vid1_0152.png;1;Zebrafish;1014;1239;1344;1417;0,0,0,0;0;;
Vid1_0153.png;1;Zebrafish;997;1226;1339;1406;0,0,0,0;0;;
Vid1_0154.png;1;Zebrafish;979;1217;1297;1412;0,0,0,0;0;;
Vid1_0155.png;1;Zebrafish;959;1207;1288;1406;0,0,0,0;0;;
Vid1_0156.png;1;Zebrafish;959;1207;1288;1406;0,0,0,0;0;;
Vid1_0157.png;1;Zebrafish;955;1206;1285;1402;0,0,0,0;0;;
Vid1_0158.png;1;Zebrafish;951;1205;1283;1400;0,0,0,0;0;;
Vid1_0159.png;1;Zebrafish;913;1196;1234;1386;0,0,0,0;0;;
Vid1_0160.png;1;Zebrafish;913;1196;1234;1386;0,0,0,0;0;;
Vid1_0161.png;1;Zebrafish;911;1195;1233;1384;0,0,0,0;0;;
Vid1_0162.png;1;Zebrafish;877;1183;1209;1361;0,0,0,0;0;;
Vid1_0163.png;1;Zebrafish;877;1183;1209;1361;0,0,0,0;0;;
Vid1_0164.png;1;Zebrafish;873;1182;1203;1356;0,0,0,0;0;;
Vid1_0165.png;1;Zebrafish;855;1176;1183;1351;0,0,0,0;0;;
Vid1_0166.png;1;Zebrafish;819;1163;1156;1347;0,0,0,0;0;;
Vid1_0167.png;1;Zebrafish;799;1153;1133;1342;0,0,0,0;0;;
Vid1_0168.png;1;Zebrafish;799;1153;1133;1342;0,0,0,0;0;;
Vid1_0169.png;1;Zebrafish;797;1151;1131;1345;0,0,0,0;0;;
Vid1_0170.png;1;Zebrafish;788;1141;1114;1342;0,0,0,0;0;;
Vid1_0171.png;1;Zebrafish;786;1139;1111;1343;0,0,0,0;0;;
Vid1_0172.png;1;Zebrafish;784;1137;1108;1341;0,0,0,0;0;;
Vid1_0173.png;1;Zebrafish;764;1121;1081;1345;0,0,0,0;0;;
Vid1_0174.png;1;Zebrafish;766;1121;1081;1346;0,0,0,0;0;;
Vid1_0200.png;1;Zebrafish;356;971;699;1134;0,0,0,0;0;;
Vid1_0201.png;1;Zebrafish;348;971;691;1132;0,0,0,0;0;;
Vid1_0202.png;1;Zebrafish;345;971;688;1131;0,0,0,0;0;;
Vid1_0203.png;1;Zebrafish;327;971;669;1126;0,0,0,0;0;;
Vid1_0204.png;1;Zebrafish;320;971;664;1124;0,0,0,0;0;;
Vid1_0205.png;1;Zebrafish;287;974;630;1118;0,0,0,0;0;;
Vid1_0206.png;1;Zebrafish;274;974;617;1117;0,0,0,0;0;;
Vid1_0216.png;1;Zebrafish;480;1158;817;1335;1,0,0,0;0;;
Vid1_0217.png;1;Zebrafish;537;1221;882;1349;1,0,0,0;0;;
Vid1_0219.png;1;Zebrafish;636;1265;978;1366;1,0,0,0;0;;
Vid1_0220.png;1;Zebrafish;675;1273;1024;1370;1,0,0,0;0;;
Vid1_0221.png;1;Zebrafish;704;1276;1060;1380;1,0,0,0;0;;
Vid1_0222.png;1;Zebrafish;729;1280;1085;1381;1,0,0,0;0;;
Vid1_0223.png;1;Zebrafish;757;1287;1112;1391;1,0,0,0;0;;
Vid1_0224.png;1;Zebrafish;784;1294;1137;1401;1,0,0,0;0;;
Vid1_0225.png;1;Zebrafish;801;1299;1157;1410;1,0,0,0;0;;
Vid1_0226.png;1;Zebrafish;830;1302;1176;1410;1,0,0,0;0;;
Vid1_0227.png;1;Zebrafish;825;1301;1173;1409;1,0,0,0;0;;
Vid1_0228.png;1;Zebrafish;851;1305;1208;1411;1,0,0,0;0;;
Vid1_0229.png;1;Zebrafish;870;1308;1225;1416;1,0,0,0;0;;
Vid1_0230.png;1;Zebrafish;868;1307;1223;1415;1,0,0,0;0;;
Vid1_0231.png;1;Zebrafish;894;1311;1248;1425;1,0,0,0;0;;
Vid1_0232.png;1;Zebrafish;909;1310;1268;1427;1,0,0,0;0;;
Vid1_0275.png;1;Zebrafish;1064;1256;1416;1392;1,0,0,0;0;;
Vid1_0283.png;1;Zebrafish;1113;1248;1462;1394;1,0,0,0;0;;
Vid1_0284.png;1;Zebrafish;1117;1247;1469;1396;1,0,0,0;0;;
Vid1_0285.png;1;Zebrafish;1133;1244;1470;1397;1,0,0,0;0;;
Vid1_0286.png;1;Zebrafish;1130;1244;1470;1394;1,0,0,0;0;;
Vid1_0290.png;1;Zebrafish;1141;1237;1483;1396;1,0,0,0;0;;
Vid1_0291.png;1;Zebrafish;1137;1233;1482;1391;1,0,0,0;0;;
Vid1_0294.png;1;Zebrafish;1183;1223;1469;1361;1,0,0,0;0;;
Vid1_0289.png;1;Zebrafish;1143;1238;1482;1391;1,0,0,0;0;;
Vid1_0292.png;1;Zebrafish;1141;1228;1470;1377;1,0,0,0;0;;
Vid1_0293.png;1;Zebrafish;1155;1226;1462;1359;1,0,0,0;0;;
Vid1_0295.png;1;Zebrafish;1174;1220;1479;1353;1,0,0,0;0;;
Vid1_0296.png;1;Zebrafish;1178;1216;1487;1346;1,0,0,0;0;;
Vid1_0297.png;1;Zebrafish;1182;1212;1497;1351;1,0,0,0;0;;
Vid1_0298.png;1;Zebrafish;1183;1213;1495;1350;1,0,0,0;0;;
Vid1_0299.png;1;Zebrafish;1192;1208;1507;1353;1,0,0,0;0;;
Vid1_0300.png;1;Zebrafish;1200;1207;1512;1360;1,0,0,0;0;;
Vid1_0301.png;1;Zebrafish;1208;1207;1523;1362;1,0,0,0;0;;
Vid1_0302.png;1;Zebrafish;1222;1207;1538;1369;1,0,0,0;0;;
Vid1_0303.png;1;Zebrafish;1236;1210;1548;1377;1,0,0,0;0;;
Vid1_0304.png;1;Zebrafish;1227;1212;1554;1377;1,0,0,0;0;;
Vid1_0305.png;1;Zebrafish;1229;1212;1553;1377;1,0,0,0;0;;
Vid1_0306.png;1;Zebrafish;1223;1217;1572;1359;1,0,0,0;0;;
Vid1_0307.png;1;Zebrafish;1227;1218;1576;1355;1,0,0,0;0;;
Vid1_0308.png;1;Zebrafish;1251;1221;1582;1343;1,0,0,0;0;;
Vid1_0309.png;1;Zebrafish;1265;1228;1617;1341;1,0,0,0;0;;
Vid1_0310.png;1;Zebrafish;1272;1232;1637;1337;1,0,0,0;0;;
Vid1_0311.png;1;Zebrafish;1290;1235;1647;1336;1,0,0,0;0;;
Vid1_0312.png;1;Zebrafish;1309;1238;1658;1341;1,0,0,0;0;;
Vid1_0313.png;1;Zebrafish;1309;1237;1657;1340;1,0,0,0;0;;
Vid1_0314.png;1;Zebrafish;1322;1243;1675;1343;1,0,0,0;0;;
Vid1_0315.png;1;Zebrafish;1355;1251;1703;1355;1,0,0,0;0;;
Vid1_0316.png;1;Zebrafish;1355;1251;1700;1354;1,0,0,0;0;;
Vid1_0317.png;1;Zebrafish;1364;1258;1722;1366;1,0,0,0;0;;
Vid1_0318.png;1;Zebrafish;1369;1260;1728;1368;1,0,0,0;0;;
Vid1_0319.png;1;Zebrafish;1387;1267;1743;1375;1,0,0,0;0;;
Vid1_0320.png;1;Zebrafish;1401;1274;1758;1386;1,0,0,0;0;;
Vid1_0321.png;1;Zebrafish;1417;1279;1768;1396;1,0,0,0;0;;
Vid1_0322.png;1;Zebrafish;1420;1283;1776;1406;1,0,0,0;0;;
Vid1_0323.png;1;Zebrafish;1428;1289;1786;1409;1,0,0,0;0;;
Vid1_0324.png;1;Zebrafish;1446;1295;1792;1412;1,0,0,0;0;;
Vid1_0325.png;1;Zebrafish;1488;1300;1797;1407;1,0,0,0;0;;
Vid1_0326.png;1;Zebrafish;1486;1299;1797;1406;1,0,0,0;0;;
Vid1_0327.png;1;Zebrafish;1479;1307;1809;1411;1,0,0,0;0;;
Vid1_0328.png;1;Zebrafish;1484;1313;1822;1416;1,0,0,0;0;;
Vid1_0329.png;1;Zebrafish;1483;1312;1821;1415;1,0,0,0;0;;
Vid1_0330.png;1;Zebrafish;1505;1320;1825;1427;1,0,0,0;0;;
Vid1_0336.png;1;Zebrafish;1550;1327;1875;1413;0,0,0,0;0;;
Vid1_0337.png;1;Zebrafish;1544;1327;1878;1413;0,0,0,0;0;;
Vid1_0339.png;1;Zebrafish;1459;1338;1817;1432;0,0,0,0;0;;
Vid1_0340.png;1;Zebrafish;1433;1340;1789;1438;0,0,0,0;0;;
Vid1_0341.png;1;Zebrafish;1410;1343;1760;1444;0,0,0,0;0;;
Vid1_0342.png;1;Zebrafish;1388;1346;1742;1451;0,0,0,0;0;;
Vid1_0343.png;1;Zebrafish;1368;1350;1721;1456;0,0,0,0;0;;
Vid1_0344.png;1;Zebrafish;1352;1353;1703;1458;0,0,0,0;0;;
Vid1_0345.png;1;Zebrafish;1335;1358;1681;1464;0,0,0,0;0;;
Vid1_0346.png;1;Zebrafish;1318;1363;1665;1476;0,0,0,0;0;;
Vid1_0347.png;1;Zebrafish;1321;1362;1668;1474;0,0,0,0;0;;
Vid1_0348.png;1;Zebrafish;1298;1363;1643;1480;0,0,0,0;0;;
Vid1_0349.png;1;Zebrafish;1278;1369;1617;1475;0,0,0,0;0;;
Vid1_0350.png;1;Zebrafish;1275;1369;1617;1473;0,0,0,0;0;;
Vid1_0351.png;1;Zebrafish;1251;1369;1595;1467;0,0,0,0;0;;
Vid1_0352.png;1;Zebrafish;1230;1369;1580;1477;0,0,0,0;0;;
Vid1_0353.png;1;Zebrafish;1216;1370;1570;1483;0,0,0,0;0;;
Vid1_0354.png;1;Zebrafish;1205;1372;1559;1487;0,0,0,0;0;;
Vid1_0355.png;1;Zebrafish;1193;1375;1546;1493;0,0,0,0;0;;
Vid1_0356.png;1;Zebrafish;1180;1379;1530;1499;0,0,0,0;0;;
Vid1_0357.png;1;Zebrafish;1172;1382;1517;1506;0,0,0,0;0;;
Vid1_0358.png;1;Zebrafish;1161;1385;1515;1501;0,0,0,0;0;;
Vid1_0359.png;1;Zebrafish;1150;1388;1495;1497;0,0,0,0;0;;
Vid1_0360.png;1;Zebrafish;1140;1392;1494;1499;0,0,0,0;0;;
Vid1_0361.png;1;Zebrafish;1141;1392;1495;1498;0,0,0,0;0;;
Vid1_0362.png;1;Zebrafish;1125;1399;1470;1494;0,0,0,0;0;;
Vid1_0363.png;1;Zebrafish;1113;1404;1466;1501;0,0,0,0;0;;
Vid1_0364.png;1;Zebrafish;1108;1403;1462;1499;0,0,0,0;0;;
Vid1_0365.png;1;Zebrafish;1098;1406;1446;1501;0,0,0,0;0;;
Vid1_0366.png;1;Zebrafish;1090;1408;1442;1494;0,0,0,0;0;;
Vid1_0367.png;1;Zebrafish;1089;1408;1442;1494;0,0,0,0;0;;
Vid1_0368.png;1;Zebrafish;1081;1407;1434;1498;0,0,0,0;0;;
Vid1_0369.png;1;Zebrafish;1073;1404;1424;1496;0,0,0,0;0;;
Vid1_0370.png;1;Zebrafish;1068;1407;1421;1497;0,0,0,0;0;;
Vid1_0371.png;1;Zebrafish;1066;1406;1418;1493;0,0,0,0;0;;
Vid1_0372.png;1;Zebrafish;1063;1406;1412;1494;0,0,0,0;0;;
Vid1_0373.png;1;Zebrafish;1058;1406;1413;1495;0,0,0,0;0;;
Vid1_0374.png;1;Zebrafish;1055;1405;1410;1498;0,0,0,0;0;;
Vid1_0375.png;1;Zebrafish;1052;1404;1401;1496;0,0,0,0;0;;
Vid1_0376.png;1;Zebrafish;1048;1410;1396;1496;0,0,0,0;0;;
Vid1_0377.png;1;Zebrafish;1044;1412;1397;1497;0,0,0,0;0;;
Vid1_0378.png;1;Zebrafish;1038;1415;1390;1501;0,0,0,0;0;;
Vid1_0379.png;1;Zebrafish;1040;1414;1392;1500;0,0,0,0;0;;
Vid1_0380.png;1;Zebrafish;1032;1418;1386;1508;0,0,0,0;0;;
Vid1_0381.png;1;Zebrafish;1030;1417;1383;1506;0,0,0,0;0;;
Vid1_0382.png;1;Zebrafish;1026;1419;1376;1504;0,0,0,0;0;;
Vid1_0383.png;1;Zebrafish;1015;1424;1370;1507;0,0,0,0;0;;
Vid1_0384.png;1;Zebrafish;1010;1425;1359;1506;0,0,0,0;0;;
Vid1_0385.png;1;Zebrafish;1010;1425;1360;1506;0,0,0,0;0;;
Vid1_0386.png;1;Zebrafish;1003;1425;1360;1508;0,0,0,0;0;;
Vid1_0488.png;1;Zebrafish;607;1361;944;1493;0,0,0,0;0;;
Vid1_0487.png;1;Zebrafish;607;1365;945;1491;0,0,0,0;0;;
Vid1_0486.png;1;Zebrafish;607;1369;947;1491;0,0,0,0;0;;
Vid1_0485.png;1;Zebrafish;609;1372;940;1494;0,0,0,0;0;;
Vid1_0484.png;1;Zebrafish;609;1374;951;1496;0,0,0,0;0;;
Vid1_0483.png;1;Zebrafish;615;1379;950;1495;0,0,0,0;0;;
Vid1_0482.png;1;Zebrafish;615;1379;953;1495;0,0,0,0;0;;
Vid1_0481.png;1;Zebrafish;615;1379;953;1495;0,0,0,0;0;;
Vid1_0480.png;1;Zebrafish;617;1383;960;1495;0,0,0,0;0;;
Vid1_0479.png;1;Zebrafish;619;1385;957;1494;0,0,0,0;0;;
Vid1_0478.png;1;Zebrafish;621;1387;951;1494;0,0,0,0;0;;
Vid1_0477.png;1;Zebrafish;622;1390;962;1496;0,0,1,0;0;;
Vid1_0476.png;1;Zebrafish;624;1393;957;1495;0,0,1,0;0;;
Vid1_0475.png;1;Zebrafish;626;1394;948;1496;0,0,1,0;0;;
Vid1_0474.png;1;Zebrafish;627;1398;965;1497;0,0,1,0;0;;
Vid1_0489.png;1;Zebrafish;604;1357;936;1494;0,0,0,0;0;;
Vid1_0490.png;1;Zebrafish;603;1353;943;1489;0,0,0,0;0;;
Vid1_0491.png;1;Zebrafish;603;1353;943;1489;0,0,0,0;0;;
Vid1_0492.png;1;Zebrafish;604;1347;938;1495;0,0,0,0;0;;
Vid1_0493.png;1;Zebrafish;607;1340;940;1490;0,0,0,0;0;;
Vid1_0494.png;1;Zebrafish;612;1336;935;1490;0,0,0,0;0;;
Vid1_0495.png;1;Zebrafish;612;1332;937;1490;0,0,0,0;0;;
Vid1_0496.png;1;Zebrafish;611;1328;929;1485;0,0,0,0;0;;
Vid1_0527.png;1;Zebrafish;626;1312;975;1400;1,0,0,0;0;;
Vid1_0528.png;1;Zebrafish;648;1321;1007;1407;1,0,0,0;0;;
Vid1_0529.png;1;Zebrafish;645;1321;1003;1406;1,0,0,0;0;;
Vid1_0530.png;1;Zebrafish;677;1322;1029;1421;1,0,0,0;0;;
Vid1_0531.png;1;Zebrafish;693;1318;1047;1434;1,0,0,0;0;;
Vid1_0532.png;1;Zebrafish;710;1316;1057;1439;1,0,0,0;0;;
Vid1_0533.png;1;Zebrafish;710;1317;1056;1439;1,0,0,0;0;;
Vid1_0534.png;1;Zebrafish;729;1312;1076;1441;1,0,0,0;0;;
Vid1_0535.png;1;Zebrafish;744;1305;1089;1441;1,0,0,0;0;;
Vid1_0536.png;1;Zebrafish;741;1306;1087;1443;1,0,0,0;0;;
Vid1_0550.png;1;Zebrafish;921;1271;1272;1403;1,0,0,0;0;;
Vid1_0551.png;1;Zebrafish;931;1271;1285;1403;1,0,0,0;0;;
Vid1_0552.png;1;Zebrafish;938;1273;1292;1406;1,0,0,0;0;;
Vid1_0553.png;1;Zebrafish;944;1275;1298;1408;1,0,0,0;0;;
Vid1_0554.png;1;Zebrafish;952;1277;1305;1412;1,0,0,0;0;;
Vid1_0555.png;1;Zebrafish;957;1276;1307;1416;1,0,0,0;0;;
Vid1_0556.png;1;Zebrafish;977;1276;1313;1424;1,0,0,0;0;;
Vid1_0557.png;1;Zebrafish;977;1272;1321;1424;1,0,0,0;0;;
Vid1_0558.png;1;Zebrafish;992;1268;1333;1424;1,0,0,0;0;;
Vid1_0559.png;1;Zebrafish;1003;1266;1345;1429;1,0,0,0;0;;
Vid1_0560.png;1;Zebrafish;1015;1262;1354;1431;1,0,0,0;0;;
Vid1_0561.png;1;Zebrafish;1027;1260;1365;1427;1,0,0,0;0;;
Vid1_0562.png;1;Zebrafish;1040;1257;1381;1425;1,0,0,0;0;;
Vid1_0563.png;1;Zebrafish;1061;1256;1396;1426;1,0,0,0;0;;
Vid1_0564.png;1;Zebrafish;1061;1256;1407;1423;1,0,0,0;0;;
Vid1_0565.png;1;Zebrafish;1070;1256;1419;1419;1,0,0,0;0;;
Vid1_0567.png;1;Zebrafish;1081;1257;1430;1415;1,0,0,0;0;;
Vid1_0568.png;1;Zebrafish;1100;1260;1447;1412;1,0,0,0;0;;
Vid1_0569.png;1;Zebrafish;1100;1259;1450;1416;1,0,0,0;0;;
Vid1_0570.png;1;Zebrafish;1100;1259;1450;1416;1,0,0,0;0;;
Vid1_0571.png;1;Zebrafish;1110;1259;1460;1416;1,0,0,0;0;;
Vid1_0572.png;1;Zebrafish;1117;1259;1463;1414;1,0,0,0;0;;
Vid1_0573.png;1;Zebrafish;1122;1259;1467;1417;1,0,0,0;0;;
Vid1_0574.png;1;Zebrafish;1120;1258;1469;1417;1,0,0,0;0;;
Vid1_0575.png;1;Zebrafish;1131;1256;1479;1406;1,0,0,0;0;;
Vid1_0576.png;1;Zebrafish;1138;1255;1484;1411;1,0,0,0;0;;
Vid1_0577.png;1;Zebrafish;1140;1253;1489;1407;1,0,0,0;0;;
Vid1_0578.png;1;Zebrafish;1140;1253;1488;1407;1,0,0,0;0;;
Vid1_0579.png;1;Zebrafish;1155;1250;1498;1406;1,0,0,0;0;;
Vid1_0591.png;1;Zebrafish;1210;1261;1560;1403;1,0,0,0;0;;
Vid1_0592.png;1;Zebrafish;1216;1263;1566;1399;1,0,0,0;0;;
Vid1_0590.png;1;Zebrafish;1208;1261;1559;1404;1,0,1,0;0;;
Vid1_0593.png;1;Zebrafish;1221;1264;1568;1410;1,0,0,0;0;;
Vid1_0594.png;1;Zebrafish;1218;1264;1570;1416;1,0,0,0;0;;
Vid1_0595.png;1;Zebrafish;1222;1264;1571;1417;1,0,0,0;0;;
Vid1_0596.png;1;Zebrafish;1233;1262;1571;1416;1,0,0,0;0;;
Vid1_0597.png;1;Zebrafish;1222;1262;1571;1421;1,0,0,0;0;;
Vid1_0598.png;1;Zebrafish;1223;1261;1571;1420;1,0,0,0;0;;
Vid1_0599.png;1;Zebrafish;1226;1260;1572;1414;1,0,0,0;0;;
Vid1_0600.png;1;Zebrafish;1222;1260;1573;1415;1,0,0,0;0;;
Vid1_0601.png;1;Zebrafish;1224;1260;1573;1414;1,0,0,0;0;;
Vid1_0602.png;1;Zebrafish;1223;1258;1572;1411;1,0,0,0;0;;
Vid1_0603.png;1;Zebrafish;1222;1257;1571;1406;1,0,0,0;0;;
Vid1_0610.png;1;Zebrafish;1208;1264;1562;1416;1,0,0,0;0;;
Vid1_0611.png;1;Zebrafish;1211;1265;1558;1417;1,0,0,0;0;;
Vid1_0612.png;1;Zebrafish;1204;1265;1555;1421;1,0,0,0;0;;
Vid1_0613.png;1;Zebrafish;1205;1266;1556;1421;1,0,0,0;0;;
Vid1_0614.png;1;Zebrafish;1208;1265;1551;1420;1,0,0,0;0;;
Vid1_0615.png;1;Zebrafish;1197;1263;1548;1425;1,0,0,0;0;;
Vid1_0616.png;1;Zebrafish;1198;1263;1548;1425;1,0,0,0;0;;
Vid1_0587.png;1;Zebrafish;1199;1254;1551;1397;1,0,0,0;0;;
Vid1_0617.png;1;Zebrafish;1200;1261;1544;1418;1,0,0,0;0;;
Vid1_0618.png;1;Zebrafish;1193;1260;1542;1424;1,0,0,0;0;;
Vid1_0619.png;1;Zebrafish;1193;1260;1543;1425;1,0,0,0;0;;
Vid1_0620.png;1;Zebrafish;1188;1258;1538;1422;1,0,0,0;0;;
Vid1_0629.png;1;Zebrafish;1164;1246;1522;1399;1,0,0,0;0;;
Vid1_0630.png;1;Zebrafish;1160;1245;1520;1400;1,0,0,0;0;;
Vid1_0631.png;1;Zebrafish;1158;1244;1511;1398;1,0,0,0;0;;
Vid1_0632.png;1;Zebrafish;1163;1244;1507;1401;1,0,0,0;0;;
Vid1_0633.png;1;Zebrafish;1154;1243;1505;1401;1,0,0,0;0;;
Vid1_0634.png;1;Zebrafish;1154;1242;1506;1399;1,0,0,0;0;;
Vid1_0635.png;1;Zebrafish;1151;1242;1498;1395;1,0,0,0;0;;
Vid1_0636.png;1;Zebrafish;1147;1242;1495;1392;1,0,0,0;0;;
Vid1_0637.png;1;Zebrafish;1142;1240;1490;1389;1,0,0,0;0;;
Vid1_0638.png;1;Zebrafish;1142;1240;1491;1391;1,0,0,0;0;;
Vid1_0639.png;1;Zebrafish;1135;1237;1483;1379;1,0,0,0;0;;
Vid1_0640.png;1;Zebrafish;1134;1235;1483;1379;1,0,0,0;0;;
Vid1_0641.png;1;Zebrafish;1128;1230;1483;1381;1,0,0,0;0;;
Vid1_0642.png;1;Zebrafish;1123;1230;1477;1375;1,0,0,0;0;;
Vid1_0643.png;1;Zebrafish;1118;1228;1467;1376;1,0,0,0;0;;
Vid1_0644.png;1;Zebrafish;1121;1227;1469;1373;1,0,0,0;0;;
Vid1_0645.png;1;Zebrafish;1112;1225;1461;1369;1,0,0,0;0;;
Vid1_0646.png;1;Zebrafish;1109;1224;1464;1364;1,0,0,0;0;;
Vid1_0647.png;1;Zebrafish;1106;1223;1457;1367;1,0,0,0;0;;
Vid1_0648.png;1;Zebrafish;1109;1222;1457;1367;1,0,0,0;0;;
Vid1_0649.png;1;Zebrafish;1109;1221;1454;1365;1,0,0,0;0;;
Vid1_0650.png;1;Zebrafish;1099;1221;1450;1363;1,0,0,0;0;;
Vid1_0651.png;1;Zebrafish;1100;1223;1448;1365;1,0,0,0;0;;
Vid1_0652.png;1;Zebrafish;1096;1222;1445;1368;1,0,0,0;0;;
Vid1_0653.png;1;Zebrafish;1096;1222;1444;1368;1,0,0,0;0;;
Vid1_0654.png;1;Zebrafish;1102;1222;1442;1368;1,0,0,0;0;;
Vid1_0655.png;1;Zebrafish;1091;1222;1441;1368;1,0,0,0;0;;
Vid1_0656.png;1;Zebrafish;1095;1218;1435;1371;1,0,0,0;0;;
Vid1_0657.png;1;Zebrafish;1095;1218;1435;1371;1,0,0,0;0;;
Vid1_0658.png;1;Zebrafish;1086;1215;1430;1367;1,0,0,0;0;;
Vid1_0659.png;1;Zebrafish;1086;1212;1427;1372;1,0,0,0;0;;
Vid1_0660.png;1;Zebrafish;1090;1212;1427;1369;1,0,0,0;0;;
Vid1_0661.png;1;Zebrafish;1084;1210;1426;1360;1,0,0,0;0;;
Vid1_0662.png;1;Zebrafish;1086;1210;1426;1361;1,0,0,0;0;;
Vid1_0663.png;1;Zebrafish;1086;1210;1427;1360;1,0,0,0;0;;
Vid1_0664.png;1;Zebrafish;1090;1209;1429;1357;1,0,0,0;0;;
Vid1_0665.png;1;Zebrafish;1088;1208;1429;1353;1,0,0,0;0;;
Vid1_0666.png;1;Zebrafish;1086;1208;1427;1353;1,0,0,0;0;;
Vid1_0667.png;1;Zebrafish;1091;1206;1429;1353;1,0,0,0;0;;
Vid1_0668.png;1;Zebrafish;1090;1202;1427;1352;1,0,0,0;0;;
Vid1_0669.png;1;Zebrafish;1093;1200;1427;1358;1,0,0,0;0;;
Vid1_0670.png;1;Zebrafish;1096;1199;1427;1360;1,0,0,0;0;;
Vid1_0671.png;1;Zebrafish;1095;1198;1429;1359;1,0,0,0;0;;
Vid1_0672.png;1;Zebrafish;1097;1198;1429;1365;1,0,0,0;0;;
Vid1_0673.png;1;Zebrafish;1100;1199;1430;1365;1,0,0,0;0;;
Vid1_0674.png;1;Zebrafish;1094;1198;1430;1363;1,0,0,0;0;;
Vid1_0675.png;1;Zebrafish;1099;1199;1430;1363;1,0,0,0;0;;
Vid1_0676.png;1;Zebrafish;1103;1200;1433;1369;1,0,0,0;0;;
Vid1_0677.png;1;Zebrafish;1110;1200;1435;1368;1,0,0,0;0;;
Vid1_0678.png;1;Zebrafish;1104;1200;1436;1366;1,0,0,0;0;;
Vid1_0679.png;1;Zebrafish;1108;1200;1437;1366;1,0,0,0;0;;
Vid1_0680.png;1;Zebrafish;1117;1200;1439;1367;1,0,0,0;0;;
Vid1_0681.png;1;Zebrafish;1114;1200;1438;1367;1,0,0,0;0;;
Vid1_0682.png;1;Zebrafish;1113;1200;1439;1367;1,0,0,0;0;;
Vid1_0683.png;1;Zebrafish;1118;1200;1442;1370;1,0,0,0;0;;
Vid1_0684.png;1;Zebrafish;1123;1200;1444;1368;1,0,0,0;0;;
Vid1_0685.png;1;Zebrafish;1125;1203;1446;1369;1,0,0,0;0;;
Vid1_0686.png;1;Zebrafish;1130;1206;1449;1375;1,0,0,0;0;;
Vid1_0687.png;1;Zebrafish;1133;1210;1452;1380;1,0,0,0;0;;
Vid1_0688.png;1;Zebrafish;1138;1212;1454;1381;1,0,0,0;0;;
Vid1_0689.png;1;Zebrafish;1140;1213;1455;1382;1,0,0,0;0;;
Vid1_0690.png;1;Zebrafish;1148;1220;1459;1388;1,0,0,0;0;;
Vid1_0691.png;1;Zebrafish;1163;1222;1462;1387;1,0,0,0;0;;
Vid1_0692.png;1;Zebrafish;1149;1223;1463;1386;1,0,0,0;0;;
Vid1_0693.png;1;Zebrafish;1144;1230;1468;1387;1,0,0,0;0;;
Vid1_0694.png;1;Zebrafish;1156;1234;1472;1389;1,0,0,0;0;;
Vid1_0695.png;1;Zebrafish;1159;1241;1473;1392;1,0,0,0;0;;
Vid1_0696.png;1;Zebrafish;1150;1245;1477;1393;1,0,0,0;0;;
Vid1_0697.png;1;Zebrafish;1150;1252;1480;1397;1,0,0,0;0;;
Vid1_0698.png;1;Zebrafish;1149;1251;1479;1397;1,0,0,0;0;;
Vid1_0699.png;1;Zebrafish;1165;1259;1482;1405;1,0,0,0;0;;
Vid1_0700.png;1;Zebrafish;1154;1260;1482;1406;1,0,0,0;0;;
Vid1_0701.png;1;Zebrafish;1167;1269;1487;1416;1,0,0,0;0;;
Vid1_0702.png;1;Zebrafish;1163;1268;1487;1415;1,0,0,0;0;;
Vid1_0703.png;1;Zebrafish;1156;1274;1490;1418;1,0,0,0;0;;
Vid1_0704.png;1;Zebrafish;1175;1279;1495;1422;1,0,0,0;0;;
Vid1_0705.png;1;Zebrafish;1164;1284;1500;1426;1,0,0,0;0;;
Vid1_0706.png;1;Zebrafish;1168;1287;1501;1430;1,0,0,1;0;;
Vid1_0707.png;1;Zebrafish;1180;1296;1506;1436;1,0,0,0;0;;
Vid1_0708.png;1;Zebrafish;1176;1303;1508;1439;1,0,0,0;0;;
Vid1_0709.png;1;Zebrafish;1171;1307;1511;1443;1,0,0,0;0;;
Vid1_0710.png;1;Zebrafish;1171;1307;1511;1443;1,0,0,0;0;;
Vid1_0711.png;1;Zebrafish;1190;1312;1520;1441;1,0,0,0;0;;
Vid1_0712.png;1;Zebrafish;1185;1313;1527;1452;1,0,0,0;0;;
Vid1_0713.png;1;Zebrafish;1184;1314;1525;1451;1,0,0,0;0;;
Vid1_0714.png;1;Zebrafish;1211;1314;1547;1453;1,0,0,0;0;;
Vid1_0715.png;1;Zebrafish;1208;1314;1555;1457;1,0,0,0;0;;
Vid1_0716.png;1;Zebrafish;1222;1313;1567;1456;1,0,0,0;0;;
Vid1_0717.png;1;Zebrafish;1253;1312;1607;1455;1,0,0,0;0;;
Vid1_0718.png;1;Zebrafish;1271;1312;1624;1454;1,0,0,0;0;;
Vid1_0719.png;1;Zebrafish;1291;1313;1641;1455;1,0,0,0;0;;
Vid1_0720.png;1;Zebrafish;1296;1315;1652;1453;1,0,0,0;0;;
Vid1_0721.png;1;Zebrafish;1311;1317;1665;1449;1,0,0,0;0;;
Vid1_0722.png;1;Zebrafish;1312;1318;1667;1449;1,0,0,0;0;;
Vid1_0723.png;1;Zebrafish;1332;1323;1687;1458;1,0,0,0;0;;
Vid1_0724.png;1;Zebrafish;1342;1326;1695;1463;1,0,0,0;0;;
Vid1_0725.png;1;Zebrafish;1349;1330;1703;1467;1,0,0,0;0;;
Vid1_0726.png;1;Zebrafish;1360;1333;1713;1471;1,0,0,0;0;;
Vid1_0727.png;1;Zebrafish;1358;1332;1711;1470;1,0,0,0;0;;
Vid1_0728.png;1;Zebrafish;1373;1340;1725;1487;1,0,0,0;0;;
Vid1_0729.png;1;Zebrafish;1389;1341;1736;1482;1,0,0,0;0;;
Vid1_0730.png;1;Zebrafish;1399;1342;1742;1480;1,0,0,0;0;;
Vid1_0731.png;1;Zebrafish;1403;1345;1756;1483;1,0,0,0;0;;
Vid1_0732.png;1;Zebrafish;1415;1345;1770;1485;1,0,0,0;0;;
Vid1_0733.png;1;Zebrafish;1432;1347;1779;1486;1,0,0,0;0;;
Vid1_0734.png;1;Zebrafish;1441;1350;1793;1482;1,0,0,0;0;;
Vid1_0735.png;1;Zebrafish;1458;1353;1808;1484;1,0,0,0;0;;
Vid1_0736.png;1;Zebrafish;1467;1355;1817;1491;1,0,0,0;0;;
Vid1_0737.png;1;Zebrafish;1477;1355;1823;1494;1,0,0,0;0;;
Vid1_0738.png;1;Zebrafish;1496;1356;1832;1485;1,0,0,0;0;;
Vid1_0739.png;1;Zebrafish;1496;1359;1838;1484;1,0,1,0;0;;
Vid1_0740.png;1;Zebrafish;1512;1360;1846;1484;1,0,1,0;0;;
Vid1_0741.png;1;Zebrafish;1523;1363;1852;1486;1,0,0,0;0;;
Vid1_0742.png;1;Zebrafish;1528;1365;1856;1487;1,0,0,0;0;;
Vid1_0743.png;1;Zebrafish;1540;1367;1863;1491;1,0,0,0;0;;
Vid1_0744.png;1;Zebrafish;1540;1367;1862;1490;1,0,0,0;0;;
Vid1_0745.png;1;Zebrafish;1549;1370;1870;1491;1,0,0,0;0;;
Vid1_0746.png;1;Zebrafish;1565;1373;1879;1496;1,0,0,0;0;;
Vid1_0757.png;1;Zebrafish;1601;1348;1924;1477;0,0,0,0;0;;
Vid1_0758.png;1;Zebrafish;1588;1345;1929;1473;0,0,0,0;0;;
Vid1_0759.png;1;Zebrafish;1568;1340;1917;1475;0,0,0,0;0;;
Vid1_0760.png;1;Zebrafish;1555;1336;1901;1478;0,0,0,0;0;;
Vid1_0761.png;1;Zebrafish;1545;1334;1889;1479;0,0,0,0;0;;
Vid1_0762.png;1;Zebrafish;1534;1331;1876;1480;0,0,0,0;0;;
Vid1_0763.png;1;Zebrafish;1524;1328;1865;1483;0,0,0,0;0;;
Vid1_0764.png;1;Zebrafish;1515;1326;1856;1484;0,0,0,0;0;;
Vid1_0765.png;1;Zebrafish;1510;1326;1853;1484;0,0,0,0;0;;
Vid1_0766.png;1;Zebrafish;1499;1324;1828;1479;0,0,0,0;0;;
Vid1_0767.png;1;Zebrafish;1498;1324;1827;1479;0,0,0,0;0;;
Vid1_0768.png;1;Zebrafish;1485;1324;1832;1478;0,0,0,0;0;;
Vid1_0769.png;1;Zebrafish;1475;1324;1819;1474;0,0,0,0;0;;
Vid1_0770.png;1;Zebrafish;1467;1325;1814;1473;0,0,0,0;0;;
Vid1_0771.png;1;Zebrafish;1462;1326;1803;1473;0,0,0,0;0;;
Vid1_0772.png;1;Zebrafish;1454;1328;1802;1475;0,0,0,0;0;;
Vid1_0774.png;1;Zebrafish;1440;1327;1792;1478;0,0,0,0;0;;
Vid1_0775.png;1;Zebrafish;1440;1328;1785;1477;0,0,0,0;0;;
Vid1_0776.png;1;Zebrafish;1434;1331;1776;1477;0,0,0,0;0;;
Vid1_0777.png;1;Zebrafish;1426;1331;1779;1470;0,0,0,0;0;;
Vid1_0778.png;1;Zebrafish;1426;1332;1773;1466;0,0,0,0;0;;
Vid1_0779.png;1;Zebrafish;1418;1331;1770;1454;0,0,0,0;0;;
Vid1_0780.png;1;Zebrafish;1415;1331;1756;1454;0,0,0,0;0;;
Vid1_0781.png;1;Zebrafish;1413;1331;1761;1455;0,0,0,0;0;;
Vid1_0782.png;1;Zebrafish;1411;1331;1763;1455;0,0,0,0;0;;
Vid1_0783.png;1;Zebrafish;1403;1331;1754;1454;0,0,0,0;0;;
Vid1_0784.png;1;Zebrafish;1401;1332;1742;1455;0,0,0,0;0;;
Vid1_0785.png;1;Zebrafish;1396;1332;1747;1459;0,0,0,0;0;;
Vid1_0786.png;1;Zebrafish;1393;1334;1748;1458;0,0,0,0;0;;
Vid1_0787.png;1;Zebrafish;1391;1334;1743;1458;0,0,0,0;0;;
Vid1_0788.png;1;Zebrafish;1389;1335;1731;1453;0,0,0,0;0;;
Vid1_0789.png;1;Zebrafish;1386;1336;1733;1457;0,0,0,0;0;;
Vid1_0790.png;1;Zebrafish;1384;1337;1737;1459;0,0,0,0;0;;
Vid1_0791.png;1;Zebrafish;1383;1338;1735;1457;0,0,0,0;0;;
Vid1_0792.png;1;Zebrafish;1383;1338;1733;1457;0,0,0,0;0;;
Vid1_0793.png;1;Zebrafish;1379;1340;1730;1457;0,0,0,0;0;;
Vid1_0794.png;1;Zebrafish;1377;1343;1723;1461;0,0,0,0;0;;
Vid1_0795.png;1;Zebrafish;1376;1346;1728;1467;0,0,0,0;0;;
Vid1_0796.png;1;Zebrafish;1375;1348;1728;1468;0,0,0,0;0;;
Vid1_0797.png;1;Zebrafish;1374;1350;1726;1471;0,0,0,0;0;;
Vid1_0798.png;1;Zebrafish;1373;1353;1720;1475;0,0,0,0;0;;
Vid1_0799.png;1;Zebrafish;1371;1355;1717;1482;0,0,0,0;0;;
Vid1_0800.png;1;Zebrafish;1372;1357;1723;1485;0,0,0,0;0;;
Vid1_0801.png;1;Zebrafish;1372;1357;1723;1485;0,0,0,0;0;;
Vid1_0802.png;1;Zebrafish;1371;1359;1718;1488;0,0,0,0;0;;
Vid1_0803.png;1;Zebrafish;1371;1360;1715;1489;0,0,0,0;0;;
Vid1_0804.png;1;Zebrafish;1372;1359;1721;1493;0,0,0,0;0;;
Vid1_0805.png;1;Zebrafish;1373;1359;1712;1488;0,0,0,0;0;;
Vid1_0806.png;1;Zebrafish;1373;1359;1712;1492;0,0,0,0;0;;
Vid1_0807.png;1;Zebrafish;1373;1359;1712;1492;0,0,0,0;0;;
Vid1_0822.png;1;Zebrafish;1368;1382;1714;1505;0,0,0,0;0;;
Vid1_0823.png;1;Zebrafish;1367;1385;1718;1503;0,0,0,0;0;;
Vid1_0824.png;1;Zebrafish;1367;1383;1714;1507;0,0,1,0;0;;
Vid1_0825.png;1;Zebrafish;1368;1384;1715;1502;0,0,1,0;0;;
Vid1_0826.png;1;Zebrafish;1364;1384;1714;1502;0,0,1,0;0;;
Vid1_0827.png;1;Zebrafish;1364;1384;1714;1500;0,0,1,0;0;;
Vid1_0828.png;1;Zebrafish;1355;1383;1704;1506;0,0,1,0;0;;
Vid1_0855.png;1;Zebrafish;1317;1409;1671;1509;0,0,0,0;0;;
Vid1_0856.png;1;Zebrafish;1315;1410;1670;1505;0,0,0,0;0;;
Vid1_0857.png;1;Zebrafish;1314;1412;1663;1506;0,0,0,0;0;;
Vid1_0858.png;1;Zebrafish;1312;1412;1664;1506;0,0,0,0;0;;
Vid1_0859.png;1;Zebrafish;1310;1413;1665;1506;0,0,0,0;0;;
Vid1_0860.png;1;Zebrafish;1308;1415;1663;1507;0,0,0,0;0;;
Vid1_0861.png;1;Zebrafish;1307;1417;1657;1507;0,0,0,0;0;;
Vid1_0862.png;1;Zebrafish;1306;1416;1655;1507;0,0,0,0;0;;
Vid1_0863.png;1;Zebrafish;1304;1414;1660;1506;0,0,0,0;0;;
Vid1_0888.png;1;Zebrafish;1325;1403;1677;1496;0,0,0,0;0;;
Vid1_0889.png;1;Zebrafish;1324;1403;1679;1495;0,0,0,0;0;;
Vid1_0890.png;1;Zebrafish;1325;1400;1681;1502;0,0,0,0;0;;
Vid1_0891.png;1;Zebrafish;1325;1402;1675;1500;0,0,0,0;0;;
Vid1_0892.png;1;Zebrafish;1325;1402;1681;1501;0,0,0,0;0;;
Vid1_0893.png;1;Zebrafish;1327;1401;1678;1497;0,0,0,0;0;;
Vid1_0894.png;1;Zebrafish;1330;1398;1681;1495;0,0,0,0;0;;
Vid1_0895.png;1;Zebrafish;1330;1401;1682;1495;0,0,0,0;0;;
Vid1_0896.png;1;Zebrafish;1331;1398;1683;1492;0,0,0,0;0;;
Vid1_0897.png;1;Zebrafish;1333;1399;1681;1492;0,0,0,0;0;;
Vid1_0898.png;1;Zebrafish;1333;1400;1681;1492;0,0,0,0;0;;
Vid1_0899.png;1;Zebrafish;1334;1395;1681;1491;0,0,0,0;0;;
Vid1_0900.png;1;Zebrafish;1332;1390;1679;1497;0,0,0,0;0;;
Vid1_0901.png;1;Zebrafish;1332;1390;1677;1499;0,0,0,0;0;;
Vid1_0902.png;1;Zebrafish;1334;1385;1685;1505;0,0,0,0;0;;
Vid1_0903.png;1;Zebrafish;1332;1380;1681;1497;0,0,0,0;0;;
Vid1_0904.png;1;Zebrafish;1335;1373;1671;1504;0,0,0,0;0;;
Vid1_0905.png;1;Zebrafish;1334;1374;1672;1501;0,0,0,0;0;;
Vid1_0906.png;1;Zebrafish;1331;1365;1678;1499;0,0,0,0;0;;
Vid1_0907.png;1;Zebrafish;1330;1354;1662;1506;0,0,0,0;0;;
Vid1_0908.png;1;Zebrafish;1327;1348;1670;1499;0,0,0,0;0;;
Vid1_0909.png;1;Zebrafish;1323;1343;1665;1498;0,0,0,0;0;;
Vid1_0910.png;1;Zebrafish;1324;1344;1665;1498;0,0,0,0;0;;
Vid1_0911.png;1;Zebrafish;1320;1336;1658;1491;0,0,0,0;0;;
Vid1_0912.png;1;Zebrafish;1320;1334;1656;1491;0,0,0,0;0;;
Vid1_0913.png;1;Zebrafish;1319;1326;1659;1491;0,0,0,0;0;;
Vid1_0914.png;1;Zebrafish;1318;1316;1654;1487;0,0,0,0;0;;
Vid1_0915.png;1;Zebrafish;1316;1311;1643;1491;0,0,0,0;0;;
Vid1_0916.png;1;Zebrafish;1312;1308;1646;1490;0,0,0,0;0;;
Vid1_0917.png;1;Zebrafish;1307;1299;1636;1476;0,0,0,0;0;;
Vid1_0918.png;1;Zebrafish;1299;1292;1629;1473;0,0,0,0;0;;
Vid1_0919.png;1;Zebrafish;1294;1288;1619;1471;0,0,0,0;0;;
Vid1_0920.png;1;Zebrafish;1279;1278;1610;1463;0,0,0,0;0;;
Vid1_0921.png;1;Zebrafish;1266;1272;1602;1451;0,0,0,0;0;;
Vid1_0922.png;1;Zebrafish;1256;1268;1588;1445;0,0,0,0;0;;
Vid1_0923.png;1;Zebrafish;1248;1265;1585;1442;0,0,0,0;0;;
Vid1_0924.png;1;Zebrafish;1240;1262;1575;1439;0,0,0,0;0;;
Vid1_0925.png;1;Zebrafish;1233;1260;1566;1436;0,0,0,0;0;;
Vid1_0926.png;1;Zebrafish;1228;1259;1564;1435;0,0,0,0;0;;
Vid1_0927.png;1;Zebrafish;1225;1254;1561;1427;0,0,0,0;0;;
Vid1_0928.png;1;Zebrafish;1221;1249;1553;1431;0,0,0,0;0;;
Vid1_0929.png;1;Zebrafish;1215;1245;1548;1425;0,0,0,0;0;;
Vid1_0930.png;1;Zebrafish;1207;1240;1538;1419;0,0,0,0;0;;
Vid1_0931.png;1;Zebrafish;1203;1238;1532;1417;0,0,0,0;0;;
Vid1_0932.png;1;Zebrafish;1197;1237;1523;1419;0,0,0,0;0;;
Vid1_0933.png;1;Zebrafish;1183;1232;1515;1412;0,0,0,0;0;;
Vid1_0934.png;1;Zebrafish;1184;1232;1517;1412;0,0,0,0;0;;
Vid1_0935.png;1;Zebrafish;1174;1227;1499;1409;0,0,0,0;0;;
Vid1_0936.png;1;Zebrafish;1170;1226;1495;1411;0,0,0,0;0;;
Vid1_0937.png;1;Zebrafish;1155;1220;1482;1399;0,0,0,0;0;;
Vid1_0938.png;1;Zebrafish;1147;1216;1477;1397;0,0,0,0;0;;
Vid1_0939.png;1;Zebrafish;1134;1210;1461;1392;0,0,0,0;0;;
Vid1_0940.png;1;Zebrafish;1118;1206;1444;1384;0,0,0,0;0;;
Vid1_0941.png;1;Zebrafish;1120;1207;1444;1384;0,0,0,0;0;;
Vid1_0942.png;1;Zebrafish;1096;1199;1432;1373;0,0,0,0;0;;
Vid1_0943.png;1;Zebrafish;1091;1196;1426;1370;0,0,0,0;0;;
Vid1_0944.png;1;Zebrafish;1070;1183;1390;1358;0,0,0,0;0;;
Vid1_0945.png;1;Zebrafish;1042;1168;1369;1351;0,0,0,0;0;;
Vid1_0959.png;1;Zebrafish;846;1100;1186;1274;0,0,0,0;0;;
Vid1_0960.png;1;Zebrafish;842;1100;1180;1272;0,0,0,0;0;;
Vid1_0961.png;1;Zebrafish;833;1096;1147;1256;0,0,0,0;0;;
Vid1_0969.png;1;Zebrafish;766;1117;1078;1227;1,0,0,0;0;;
Vid1_0970.png;1;Zebrafish;785;1134;1118;1236;1,0,0,0;0;;
Vid1_0971.png;1;Zebrafish;810;1151;1155;1244;1,0,0,0;0;;
Vid1_0972.png;1;Zebrafish;836;1164;1187;1252;1,0,0,0;0;;
Vid1_0973.png;1;Zebrafish;864;1174;1218;1267;1,0,0,0;0;;
Vid1_0974.png;1;Zebrafish;888;1185;1246;1283;1,0,0,0;0;;
Vid1_0975.png;1;Zebrafish;910;1192;1268;1295;1,0,0,0;0;;
Vid1_1031.png;1;Zebrafish;1334;1365;1687;1508;1,0,0,0;0;;
Vid1_1046.png;1;Zebrafish;1529;1326;1851;1475;1,0,0,0;0;;
Vid1_1047.png;1;Zebrafish;1529;1325;1850;1474;1,0,0,0;0;;
Vid1_1048.png;1;Zebrafish;1541;1323;1865;1483;1,0,0,0;0;;
Vid1_1049.png;1;Zebrafish;1563;1321;1877;1482;1,0,0,0;0;;
Vid1_1050.png;1;Zebrafish;1557;1320;1883;1481;1,0,0,0;0;;
Vid1_1051.png;1;Zebrafish;1557;1320;1883;1481;1,0,0,0;0;;
Vid1_1052.png;1;Zebrafish;1573;1318;1893;1477;1,0,0,0;0;;
Vid1_1053.png;1;Zebrafish;1582;1318;1898;1472;1,0,0,0;0;;
Vid1_1054.png;1;Zebrafish;1593;1318;1911;1472;1,0,0,0;0;;
Vid1_1055.png;1;Zebrafish;1597;1319;1916;1475;1,0,0,0;0;;
Vid1_1061.png;1;Zebrafish;1576;1312;1920;1403;0,0,0,0;0;;
Vid1_1062.png;1;Zebrafish;1550;1305;1902;1409;0,0,0,0;0;;
Vid1_1063.png;1;Zebrafish;1520;1298;1874;1410;0,0,0,0;0;;
Vid1_1064.png;1;Zebrafish;1492;1293;1844;1407;0,0,0,0;0;;
Vid1_1065.png;1;Zebrafish;1487;1293;1839;1406;0,0,0,0;0;;
Vid1_1066.png;1;Zebrafish;1454;1289;1805;1405;0,0,0,0;0;;
Vid1_1067.png;1;Zebrafish;1425;1289;1770;1406;0,0,0,0;0;;
Vid1_1068.png;1;Zebrafish;1405;1289;1749;1411;0,0,0,0;0;;
Vid1_1069.png;1;Zebrafish;1408;1289;1752;1410;0,0,0,0;0;;
Vid1_1070.png;1;Zebrafish;1378;1292;1728;1421;0,0,0,0;0;;
Vid1_1071.png;1;Zebrafish;1355;1295;1705;1431;0,0,0,0;0;;
Vid1_1072.png;1;Zebrafish;1338;1298;1688;1434;0,0,0,0;0;;
Vid1_1073.png;1;Zebrafish;1328;1292;1673;1430;0,0,0,0;0;;
Vid1_1074.png;1;Zebrafish;1311;1285;1653;1418;0,0,0,0;0;;
Vid1_1075.png;1;Zebrafish;1292;1281;1631;1406;0,0,0,0;0;;
Vid1_1076.png;1;Zebrafish;1280;1273;1605;1406;0,0,0,0;0;;
Vid1_1077.png;1;Zebrafish;1260;1257;1589;1403;0,0,0,0;0;;
Vid1_1078.png;1;Zebrafish;1233;1243;1564;1401;0,0,0,0;0;;
Vid1_1079.png;1;Zebrafish;1211;1234;1535;1395;0,0,0,0;0;;
Vid1_1080.png;1;Zebrafish;1185;1224;1523;1387;0,0,0,0;0;;
Vid1_1081.png;1;Zebrafish;1164;1217;1503;1379;0,0,0,0;0;;
Vid1_1082.png;1;Zebrafish;1145;1209;1485;1372;0,0,0,0;0;;
Vid1_1083.png;1;Zebrafish;1137;1205;1475;1368;0,0,0,0;0;;
Vid1_1084.png;1;Zebrafish;1117;1195;1447;1358;0,0,0,0;0;;
Vid1_1085.png;1;Zebrafish;1102;1173;1408;1340;0,0,0,0;0;;
Vid1_0001.png;2;Zebrafish;1110;1259;1411;1410;0,0,0,0;0;;
Vid1_0002.png;2;Zebrafish;1109;1260;1409;1411;0,0,0,0;0;;
Vid1_0003.png;2;Zebrafish;1098;1260;1398;1417;0,0,0,0;0;;
Vid1_0004.png;2;Zebrafish;1098;1263;1381;1407;0,0,0,0;0;;
Vid1_0010.png;2;Zebrafish;1032;1285;1293;1387;0,0,0,0;0;;
Vid1_0011.png;2;Zebrafish;1020;1287;1297;1403;0,0,0,0;0;;
Vid1_0012.png;2;Zebrafish;1020;1287;1297;1403;0,0,0,0;0;;
Vid1_0013.png;2;Zebrafish;1019;1288;1298;1404;0,0,0,0;0;;
Vid1_0014.png;2;Zebrafish;999;1298;1302;1424;0,0,0,0;0;;
Vid1_0015.png;2;Zebrafish;999;1298;1301;1424;0,0,0,0;0;;
Vid1_0016.png;2;Zebrafish;999;1299;1300;1425;0,0,0,0;0;;
Vid1_0017.png;2;Zebrafish;982;1317;1281;1446;0,0,0,0;0;;
Vid1_0019.png;2;Zebrafish;964;1318;1231;1457;0,0,0,0;0;;
Vid1_0020.png;2;Zebrafish;947;1321;1243;1463;0,0,0,0;0;;
Vid1_0021.png;2;Zebrafish;935;1324;1242;1467;0,0,0,0;0;;
Vid1_0022.png;2;Zebrafish;926;1326;1227;1473;0,0,0,0;0;;
Vid1_0024.png;2;Zebrafish;921;1324;1210;1469;0,0,0,0;0;;
Vid1_0025.png;2;Zebrafish;912;1327;1208;1482;0,0,0,0;0;;
Vid1_0026.png;2;Zebrafish;912;1327;1205;1486;0,0,0,0;0;;
Vid1_0027.png;2;Zebrafish;908;1327;1202;1489;0,0,0,0;0;;
Vid1_0031.png;2;Zebrafish;860;1332;1163;1484;0,0,0,0;0;;
Vid1_0046.png;2;Zebrafish;780;1351;1073;1485;1,0,0,0;0;;
Vid1_0047.png;2;Zebrafish;807;1342;1087;1486;1,0,0,0;0;;
Vid1_0048.png;2;Zebrafish;809;1343;1085;1487;1,0,0,0;0;;
Vid1_0049.png;2;Zebrafish;819;1334;1111;1484;1,0,0,0;0;;
Vid1_0050.png;2;Zebrafish;839;1334;1130;1484;1,0,0,0;0;;
Vid1_0051.png;2;Zebrafish;853;1331;1135;1485;1,0,0,0;0;;
Vid1_0052.png;2;Zebrafish;853;1331;1134;1485;1,0,0,0;0;;
Vid1_0053.png;2;Zebrafish;854;1332;1145;1486;1,0,0,0;0;;
Vid1_0054.png;2;Zebrafish;881;1325;1162;1487;1,0,0,0;0;;
Vid1_0055.png;2;Zebrafish;883;1325;1162;1488;1,0,0,0;0;;
Vid1_0056.png;2;Zebrafish;893;1324;1165;1485;1,0,0,0;0;;
Vid1_0057.png;2;Zebrafish;920;1310;1204;1483;1,0,0,0;0;;
Vid1_0058.png;2;Zebrafish;945;1295;1234;1468;1,0,0,0;0;;
Vid1_0059.png;2;Zebrafish;976;1286;1265;1453;1,0,0,0;0;;
Vid1_0060.png;2;Zebrafish;1012;1273;1295;1441;1,0,0,0;0;;
Vid1_0097.png;2;Zebrafish;1277;1136;1565;1323;0,0,0,0;0;;
Vid1_0098.png;2;Zebrafish;1262;1131;1537;1316;0,0,0,0;0;;
Vid1_0099.png;2;Zebrafish;1262;1132;1537;1315;0,0,0,0;0;;
Vid1_0100.png;2;Zebrafish;1257;1131;1531;1312;0,0,0,0;0;;
Vid1_0101.png;2;Zebrafish;1222;1131;1520;1307;0,0,0,0;0;;
Vid1_0102.png;2;Zebrafish;1214;1132;1514;1306;0,0,0,0;0;;
Vid1_0103.png;2;Zebrafish;1198;1136;1494;1308;0,0,0,0;0;;
Vid1_0104.png;2;Zebrafish;1198;1136;1494;1308;0,0,0,0;0;;
Vid1_0105.png;2;Zebrafish;1198;1136;1490;1308;0,0,0,0;0;;
Vid1_0106.png;2;Zebrafish;1175;1131;1461;1310;0,0,0,0;0;;
Vid1_0107.png;2;Zebrafish;1175;1131;1461;1310;0,0,0,0;0;;
Vid1_0108.png;2;Zebrafish;1174;1130;1460;1308;0,0,0,0;0;;
Vid1_0109.png;2;Zebrafish;1145;1123;1435;1310;0,0,0,0;0;;
Vid1_0110.png;2;Zebrafish;1134;1115;1414;1301;0,0,0,0;0;;
Vid1_0111.png;2;Zebrafish;1126;1109;1391;1298;0,0,0,0;0;;
Vid1_0112.png;2;Zebrafish;1097;1091;1370;1291;0,0,0,0;0;;
Vid1_0113.png;2;Zebrafish;1072;1075;1352;1277;0,0,0,0;0;;
Vid1_0114.png;2;Zebrafish;1050;1064;1329;1264;0,0,0,0;0;;
Vid1_0115.png;2;Zebrafish;1026;1056;1309;1250;0,0,0,0;0;;
Vid1_0117.png;2;Zebrafish;988;1050;1273;1235;0,0,0,0;0;;
Vid1_0118.png;2;Zebrafish;978;1049;1265;1232;0,0,0,0;0;;
Vid1_0119.png;2;Zebrafish;975;1048;1265;1227;0,0,0,0;0;;
Vid1_0120.png;2;Zebrafish;949;1037;1229;1220;0,0,0,0;0;;
Vid1_0121.png;2;Zebrafish;926;1025;1207;1214;0,0,0,0;0;;
Vid1_0123.png;2;Zebrafish;894;1014;1182;1205;0,0,0,0;0;;
Vid1_0124.png;2;Zebrafish;878;1009;1158;1193;0,0,0,0;0;;
Vid1_0125.png;2;Zebrafish;870;1008;1160;1193;0,0,0,0;0;;
Vid1_0126.png;2;Zebrafish;850;1007;1140;1189;0,0,0,0;0;;
Vid1_0127.png;2;Zebrafish;839;1009;1138;1184;0,0,0,0;0;;
Vid1_0128.png;2;Zebrafish;831;1006;1130;1184;0,0,0,0;0;;
Vid1_0129.png;2;Zebrafish;820;1006;1114;1182;0,0,0,0;0;;
Vid1_0130.png;2;Zebrafish;811;1007;1108;1188;0,0,0,0;0;;
Vid1_0131.png;2;Zebrafish;804;1010;1100;1188;0,0,0,0;0;;
Vid1_0132.png;2;Zebrafish;806;1009;1100;1187;0,0,0,0;0;;
Vid1_0133.png;2;Zebrafish;795;1015;1088;1188;0,0,0,0;0;;
Vid1_0134.png;2;Zebrafish;789;1021;1087;1191;0,0,0,0;0;;
Vid1_0135.png;2;Zebrafish;785;1027;1082;1194;0,0,0,0;0;;
Vid1_0136.png;2;Zebrafish;786;1026;1082;1193;0,0,0,0;0;;
Vid1_0137.png;2;Zebrafish;782;1039;1080;1201;0,0,0,0;0;;
Vid1_0138.png;2;Zebrafish;779;1046;1076;1213;0,0,0,0;0;;
Vid1_0140.png;2;Zebrafish;779;1050;1068;1217;0,0,0,0;0;;
Vid1_0141.png;2;Zebrafish;756;1051;1048;1225;0,0,0,0;0;;
Vid1_0142.png;2;Zebrafish;759;1051;1054;1225;0,0,0,0;0;;
Vid1_0143.png;2;Zebrafish;732;1047;1023;1220;0,0,0,0;0;;
Vid1_0144.png;2;Zebrafish;714;1040;1004;1225;0,0,0,0;0;;
Vid1_0145.png;2;Zebrafish;716;1042;1009;1225;0,0,0,0;0;;
Vid1_0146.png;2;Zebrafish;693;1029;968;1214;0,0,0,0;0;;
Vid1_0147.png;2;Zebrafish;675;1017;948;1219;0,0,0,0;0;;
Vid1_0148.png;2;Zebrafish;662;1007;939;1208;0,0,0,0;0;;
Vid1_0149.png;2;Zebrafish;665;1008;942;1211;0,0,0,0;0;;
Vid1_0150.png;2;Zebrafish;636;992;901;1203;0,0,0,0;0;;
Vid1_0151.png;2;Zebrafish;616;983;901;1187;0,0,0,0;0;;
Vid1_0152.png;2;Zebrafish;603;982;890;1178;0,0,0,0;0;;
Vid1_0153.png;2;Zebrafish;598;982;890;1168;0,0,0,0;0;;
Vid1_0154.png;2;Zebrafish;587;983;870;1168;0,0,0,0;0;;
Vid1_0155.png;2;Zebrafish;580;982;867;1169;0,0,0,0;0;;
Vid1_0156.png;2;Zebrafish;580;982;867;1169;0,0,0,0;0;;
Vid1_0157.png;2;Zebrafish;580;982;867;1165;0,0,0,0;0;;
Vid1_0158.png;2;Zebrafish;579;982;867;1158;0,0,0,0;0;;
Vid1_0159.png;2;Zebrafish;562;975;837;1165;0,0,0,0;0;;
Vid1_0160.png;2;Zebrafish;562;975;837;1165;0,0,0,0;0;;
Vid1_0161.png;2;Zebrafish;559;974;837;1165;0,0,0,0;0;;
Vid1_0162.png;2;Zebrafish;531;963;809;1154;0,0,0,0;0;;
Vid1_0163.png;2;Zebrafish;531;963;809;1154;0,0,0,0;0;;
Vid1_0164.png;2;Zebrafish;528;963;803;1154;0,0,0,0;0;;
Vid1_0165.png;2;Zebrafish;519;961;807;1150;0,0,0,0;0;;
Vid1_0166.png;2;Zebrafish;504;965;790;1149;0,0,0,0;0;;
Vid1_0167.png;2;Zebrafish;495;975;787;1156;0,0,0,0;0;;
Vid1_0168.png;2;Zebrafish;495;975;786;1156;0,0,0,0;0;;
Vid1_0169.png;2;Zebrafish;494;976;785;1156;0,0,0,0;0;;
Vid1_0170.png;2;Zebrafish;492;981;785;1161;0,0,0,0;0;;
Vid1_0171.png;2;Zebrafish;492;981;784;1159;0,0,0,0;0;;
Vid1_0172.png;2;Zebrafish;492;982;787;1155;0,0,0,0;0;;
Vid1_0223.png;2;Zebrafish;241;1293;531;1413;1,0,0,0;0;;
Vid1_0224.png;2;Zebrafish;254;1294;552;1420;1,0,0,0;0;;
Vid1_0225.png;2;Zebrafish;280;1294;570;1428;1,0,0,0;0;;
Vid1_0226.png;2;Zebrafish;324;1293;593;1429;1,0,0,0;0;;
Vid1_0227.png;2;Zebrafish;327;1293;589;1427;1,0,0,0;0;;
Vid1_0228.png;2;Zebrafish;342;1290;642;1432;1,0,0,0;0;;
Vid1_0229.png;2;Zebrafish;366;1287;664;1437;1,0,0,0;0;;
Vid1_0230.png;2;Zebrafish;362;1288;661;1436;1,0,0,0;0;;
Vid1_0231.png;2;Zebrafish;399;1287;694;1435;1,0,0,0;0;;
Vid1_0232.png;2;Zebrafish;424;1293;722;1433;1,0,0,0;0;;
Vid1_0233.png;2;Zebrafish;436;1295;731;1433;1,0,0,0;0;;
Vid1_0234.png;2;Zebrafish;454;1295;748;1442;1,0,0,0;0;;
Vid1_0235.png;2;Zebrafish;477;1297;768;1445;1,0,0,0;0;;
Vid1_0236.png;2;Zebrafish;477;1297;764;1445;1,0,0,0;0;;
Vid1_0237.png;2;Zebrafish;504;1304;794;1450;1,0,0,0;0;;
Vid1_0238.png;2;Zebrafish;514;1312;812;1458;1,0,0,0;0;;
Vid1_0239.png;2;Zebrafish;512;1311;808;1456;1,0,0,0;0;;
Vid1_0240.png;2;Zebrafish;533;1326;829;1471;1,0,0,0;0;;
Vid1_0241.png;2;Zebrafish;538;1335;841;1483;1,0,0,0;0;;
Vid1_0242.png;2;Zebrafish;571;1334;849;1493;1,0,0,0;0;;
Vid1_0243.png;2;Zebrafish;600;1328;870;1491;1,0,0,0;0;;
Vid1_0244.png;2;Zebrafish;633;1318;926;1468;1,0,0,0;0;;
Vid1_0245.png;2;Zebrafish;675;1302;964;1456;1,0,0,0;0;;
Vid1_0246.png;2;Zebrafish;697;1290;991;1455;1,0,0,0;0;;
Vid1_0247.png;2;Zebrafish;728;1278;1025;1444;1,0,0,0;0;;
Vid1_0248.png;2;Zebrafish;732;1277;1030;1442;1,0,0,0;0;;
Vid1_0275.png;2;Zebrafish;1430;1143;1728;1312;1,0,0,0;0;;
Vid1_0276.png;2;Zebrafish;1448;1144;1745;1312;1,0,0,0;0;;
Vid1_0277.png;2;Zebrafish;1462;1145;1755;1310;1,0,0,0;0;;
Vid1_0284.png;2;Zebrafish;1468;1097;1758;1237;0,0,0,0;0;;
Vid1_0285.png;2;Zebrafish;1440;1077;1718;1245;0,0,0,0;0;;
Vid1_0286.png;2;Zebrafish;1444;1080;1719;1241;0,0,0,0;0;;
Vid1_0287.png;2;Zebrafish;1389;1041;1671;1232;0,0,0,0;0;;
Vid1_0288.png;2;Zebrafish;1346;1014;1630;1214;0,0,0,0;0;;
Vid1_0290.png;2;Zebrafish;1295;989;1576;1183;0,0,0,0;0;;
Vid1_0291.png;2;Zebrafish;1272;983;1564;1171;0,0,0,0;0;;
Vid1_0292.png;2;Zebrafish;1251;973;1535;1159;0,0,0,0;0;;
Vid1_0293.png;2;Zebrafish;1241;965;1524;1159;0,0,0,0;0;;
Vid1_0294.png;2;Zebrafish;1206;952;1494;1147;0,0,0,0;0;;
Vid1_0296.png;2;Zebrafish;1161;944;1448;1134;0,0,0,0;0;;
Vid1_0297.png;2;Zebrafish;1149;938;1431;1129;0,0,0,0;0;;
Vid1_0298.png;2;Zebrafish;1151;939;1431;1131;0,0,0,0;0;;
Vid1_0299.png;2;Zebrafish;1121;932;1406;1124;0,0,0,0;0;;
Vid1_0301.png;2;Zebrafish;1078;914;1359;1109;0,0,0,0;0;;
Vid1_0302.png;2;Zebrafish;1057;907;1341;1102;0,0,0,0;0;;
Vid1_0303.png;2;Zebrafish;1040;902;1327;1094;0,0,0,0;0;;
Vid1_0304.png;2;Zebrafish;1024;900;1314;1092;0,0,0,0;0;;
Vid1_0305.png;2;Zebrafish;1027;901;1317;1093;0,0,0,0;0;;
Vid1_0306.png;2;Zebrafish;993;898;1274;1079;0,0,0,0;0;;
Vid1_0307.png;2;Zebrafish;989;897;1274;1078;0,0,0,0;0;;
Vid1_0308.png;2;Zebrafish;975;894;1273;1074;0,0,0,0;0;;
Vid1_0309.png;2;Zebrafish;937;894;1239;1070;0,0,0,0;0;;
Vid1_0310.png;2;Zebrafish;925;898;1227;1067;0,0,0,0;0;;
Vid1_0311.png;2;Zebrafish;915;904;1214;1066;0,0,0,0;0;;
Vid1_0312.png;2;Zebrafish;910;908;1212;1068;0,0,0,0;0;;
Vid1_0313.png;2;Zebrafish;904;912;1211;1068;0,0,0,0;0;;
Vid1_0314.png;2;Zebrafish;894;923;1197;1075;0,0,0,0;0;;
Vid1_0325.png;2;Zebrafish;729;1068;1037;1192;0,0,0,0;0;;
Vid1_0326.png;2;Zebrafish;731;1067;1039;1190;0,0,0,0;0;;
Vid1_0327.png;2;Zebrafish;709;1088;1023;1210;0,0,0,0;0;;
Vid1_0328.png;2;Zebrafish;689;1104;996;1218;0,0,0,0;0;;
Vid1_0329.png;2;Zebrafish;691;1102;997;1216;0,0,0,0;0;;
Vid1_0330.png;2;Zebrafish;664;1119;970;1218;0,0,0,0;0;;
Vid1_0331.png;2;Zebrafish;642;1135;959;1232;0,0,0,0;0;;
Vid1_0332.png;2;Zebrafish;639;1136;957;1236;0,0,0,0;0;;
Vid1_0333.png;2;Zebrafish;622;1152;935;1248;0,0,0,0;0;;
Vid1_0334.png;2;Zebrafish;606;1169;915;1263;0,0,0,0;0;;
Vid1_0335.png;2;Zebrafish;596;1181;908;1280;0,0,0,0;0;;
Vid1_0336.png;2;Zebrafish;584;1196;903;1296;0,0,0,0;0;;
Vid1_0337.png;2;Zebrafish;582;1199;900;1297;0,0,0,0;0;;
Vid1_0338.png;2;Zebrafish;564;1225;875;1328;0,0,0,0;0;;
Vid1_0339.png;2;Zebrafish;559;1233;867;1342;0,0,0,0;0;;
Vid1_0340.png;2;Zebrafish;550;1248;866;1358;0,0,0,0;0;;
Vid1_0341.png;2;Zebrafish;544;1263;848;1372;0,0,0,0;0;;
Vid1_0342.png;2;Zebrafish;528;1276;831;1378;0,0,0,0;0;;
Vid1_0343.png;2;Zebrafish;516;1285;826;1394;0,0,0,0;0;;
Vid1_0352.png;2;Zebrafish;447;1327;749;1443;1,0,0,0;0;;
Vid1_0353.png;2;Zebrafish;459;1331;768;1447;1,0,0,0;0;;
Vid1_0354.png;2;Zebrafish;471;1335;782;1454;1,0,0,0;0;;
Vid1_0355.png;2;Zebrafish;486;1342;795;1463;1,0,0,0;0;;
Vid1_0356.png;2;Zebrafish;498;1350;806;1472;1,0,0,0;0;;
Vid1_0357.png;2;Zebrafish;502;1355;813;1478;1,0,0,0;0;;
Vid1_0358.png;2;Zebrafish;523;1360;823;1483;1,0,0,0;0;;
Vid1_0359.png;2;Zebrafish;553;1358;840;1498;1,0,0,0;0;;
Vid1_0360.png;2;Zebrafish;584;1352;867;1489;1,0,0,0;0;;
Vid1_0361.png;2;Zebrafish;580;1353;863;1489;1,0,0,0;0;;
Vid1_0362.png;2;Zebrafish;622;1336;900;1492;1,0,0,0;0;;
Vid1_0363.png;2;Zebrafish;662;1321;944;1480;1,0,0,0;0;;
Vid1_0364.png;2;Zebrafish;684;1316;960;1474;1,0,0,0;0;;
Vid1_0365.png;2;Zebrafish;700;1311;988;1473;1,0,0,0;0;;
Vid1_0366.png;2;Zebrafish;715;1308;1007;1467;1,0,0,0;0;;
Vid1_0367.png;2;Zebrafish;716;1308;1009;1467;1,0,0,0;0;;
Vid1_0368.png;2;Zebrafish;745;1306;1012;1461;1,0,0,0;0;;
Vid1_0370.png;2;Zebrafish;852;1278;1090;1421;1,0,0,0;0;;
Vid1_0371.png;2;Zebrafish;868;1270;1115;1418;1,0,0,0;0;;
Vid1_0372.png;2;Zebrafish;871;1262;1141;1409;1,0,0,0;0;;
Vid1_0374.png;2;Zebrafish;896;1257;1180;1401;1,0,0,0;0;;
Vid1_0375.png;2;Zebrafish;918;1255;1203;1406;1,0,0,0;0;;
Vid1_0376.png;2;Zebrafish;969;1251;1232;1396;1,0,0,0;0;;
Vid1_0377.png;2;Zebrafish;965;1247;1258;1395;1,0,0,0;0;;
Vid1_0378.png;2;Zebrafish;971;1241;1280;1396;1,0,0,0;0;;
Vid1_0379.png;2;Zebrafish;972;1242;1277;1396;1,0,0,0;0;;
Vid1_0380.png;2;Zebrafish;1001;1241;1307;1398;1,0,0,0;0;;
Vid1_0381.png;2;Zebrafish;1010;1241;1316;1400;1,0,0,0;0;;
Vid1_0382.png;2;Zebrafish;1027;1239;1324;1395;1,0,0,0;0;;
Vid1_0387.png;2;Zebrafish;1166;1195;1456;1379;1,0,0,0;0;;
Vid1_0388.png;2;Zebrafish;1204;1184;1483;1372;1,0,0,0;0;;
Vid1_0389.png;2;Zebrafish;1214;1180;1491;1368;1,0,0,0;0;;
Vid1_0390.png;2;Zebrafish;1239;1167;1523;1358;1,0,0,0;0;;
Vid1_0391.png;2;Zebrafish;1271;1159;1549;1350;1,0,0,0;0;;
Vid1_0392.png;2;Zebrafish;1282;1153;1573;1342;1,0,0,0;0;;
Vid1_0393.png;2;Zebrafish;1303;1150;1595;1334;1,0,0,0;0;;
Vid1_0394.png;2;Zebrafish;1317;1148;1605;1332;1,0,0,0;0;;
Vid1_0395.png;2;Zebrafish;1322;1147;1613;1327;1,0,0,0;0;;
Vid1_0396.png;2;Zebrafish;1350;1136;1631;1327;1,0,0,0;0;;
Vid1_0397.png;2;Zebrafish;1352;1134;1633;1325;1,0,0,0;0;;
Vid1_0398.png;2;Zebrafish;1375;1128;1648;1318;1,0,0,0;0;;
Vid1_0399.png;2;Zebrafish;1405;1107;1690;1312;1,0,0,0;0;;
Vid1_0400.png;2;Zebrafish;1428;1102;1704;1305;1,0,0,0;0;;
Vid1_0402.png;2;Zebrafish;1451;1098;1726;1295;1,0,0,0;0;;
Vid1_0403.png;2;Zebrafish;1448;1097;1732;1288;1,0,0,0;0;;
Vid1_0404.png;2;Zebrafish;1449;1097;1730;1288;1,0,0,0;0;;
Vid1_0429.png;2;Zebrafish;1547;1106;1820;1250;0,0,0,0;0;;
Vid1_0430.png;2;Zebrafish;1532;1108;1826;1257;0,0,0,0;0;;
Vid1_0431.png;2;Zebrafish;1521;1108;1809;1262;0,0,0,0;0;;
Vid1_0432.png;2;Zebrafish;1502;1108;1791;1263;0,0,0,0;0;;
Vid1_0433.png;2;Zebrafish;1484;1107;1779;1257;0,0,0,0;0;;
Vid1_0434.png;2;Zebrafish;1475;1107;1761;1259;0,0,0,0;0;;
Vid1_0435.png;2;Zebrafish;1456;1108;1756;1264;0,0,0,0;0;;
Vid1_0436.png;2;Zebrafish;1444;1109;1742;1269;0,0,0,0;0;;
Vid1_0437.png;2;Zebrafish;1439;1108;1731;1266;0,0,0,0;0;;
Vid1_0438.png;2;Zebrafish;1429;1104;1710;1271;0,0,0,0;0;;
Vid1_0439.png;2;Zebrafish;1408;1100;1690;1269;0,0,0,0;0;;
Vid1_0440.png;2;Zebrafish;1389;1096;1676;1262;0,0,0,0;0;;
Vid1_0441.png;2;Zebrafish;1372;1096;1655;1264;0,0,0,0;0;;
Vid1_0442.png;2;Zebrafish;1358;1098;1654;1263;0,0,0,0;0;;
Vid1_0443.png;2;Zebrafish;1350;1101;1645;1261;0,0,0,0;0;;
Vid1_0444.png;2;Zebrafish;1351;1101;1645;1260;0,0,0,0;0;;
Vid1_0445.png;2;Zebrafish;1339;1105;1612;1256;0,0,0,0;0;;
Vid1_0446.png;2;Zebrafish;1330;1107;1610;1256;0,0,0,0;0;;
Vid1_0447.png;2;Zebrafish;1319;1111;1600;1254;0,0,0,0;0;;
Vid1_0448.png;2;Zebrafish;1294;1117;1570;1259;0,0,0,0;0;;
Vid1_0449.png;2;Zebrafish;1283;1126;1571;1269;0,0,0,0;0;;
Vid1_0451.png;2;Zebrafish;1274;1139;1553;1282;0,0,0,0;0;;
Vid1_0452.png;2;Zebrafish;1252;1145;1526;1280;0,0,0,0;0;;
Vid1_0453.png;2;Zebrafish;1256;1145;1529;1279;0,0,0,0;0;;
Vid1_0454.png;2;Zebrafish;1233;1147;1492;1284;0,0,0,0;0;;
Vid1_0455.png;2;Zebrafish;1209;1154;1499;1294;0,0,0,0;0;;
Vid1_0456.png;2;Zebrafish;1189;1165;1480;1306;0,0,0,0;0;;
Vid1_0457.png;2;Zebrafish;1178;1172;1461;1319;0,0,0,0;0;;
Vid1_0458.png;2;Zebrafish;1179;1182;1450;1328;0,0,0,0;0;;
Vid1_0459.png;2;Zebrafish;1158;1190;1429;1330;0,0,0,0;0;;
Vid1_0460.png;2;Zebrafish;1149;1193;1417;1329;0,0,0,0;0;;
Vid1_0461.png;2;Zebrafish;1133;1202;1393;1326;0,0,0,0;0;;
Vid1_0462.png;2;Zebrafish;1121;1209;1381;1335;0,0,0,0;0;;
Vid1_0463.png;2;Zebrafish;1108;1218;1379;1347;0,0,0,0;0;;
Vid1_0464.png;2;Zebrafish;1093;1223;1363;1354;0,0,0,0;0;;
Vid1_0465.png;2;Zebrafish;1076;1226;1332;1362;0,0,0,0;0;;
Vid1_0466.png;2;Zebrafish;1061;1229;1354;1378;0,0,0,0;0;;
Vid1_0468.png;2;Zebrafish;1028;1232;1326;1384;0,0,0,0;0;;
Vid1_0469.png;2;Zebrafish;1012;1232;1317;1382;0,0,0,0;0;;
Vid1_0470.png;2;Zebrafish;1000;1235;1307;1390;0,0,0,0;0;;
Vid1_0471.png;2;Zebrafish;993;1233;1288;1392;0,0,0,0;0;;
Vid1_0472.png;2;Zebrafish;975;1228;1263;1390;0,0,0,0;0;;
Vid1_0473.png;2;Zebrafish;972;1227;1260;1388;0,0,0,0;0;;
Vid1_0474.png;2;Zebrafish;941;1230;1224;1405;0,0,0,0;0;;
Vid1_0503.png;2;Zebrafish;465;1143;731;1303;1,0,0,0;0;;
Vid1_0504.png;2;Zebrafish;504;1137;761;1288;1,0,0,0;0;;
Vid1_0505.png;2;Zebrafish;503;1135;766;1290;1,0,0,0;0;;
Vid1_0506.png;2;Zebrafish;531;1124;823;1277;1,0,0,0;0;;
Vid1_0507.png;2;Zebrafish;566;1117;858;1267;1,0,0,0;0;;
Vid1_0509.png;2;Zebrafish;625;1114;918;1252;1,0,0,0;0;;
Vid1_0510.png;2;Zebrafish;644;1118;946;1251;1,0,0,0;0;;
Vid1_0511.png;2;Zebrafish;665;1125;971;1255;1,0,0,0;0;;
Vid1_0513.png;2;Zebrafish;701;1143;1013;1266;1,0,0,0;0;;
Vid1_0514.png;2;Zebrafish;722;1155;1031;1273;1,0,0,0;0;;
Vid1_0515.png;2;Zebrafish;718;1154;1028;1272;1,0,0,0;0;;
Vid1_0516.png;2;Zebrafish;746;1177;1055;1291;1,0,0,0;0;;
Vid1_0517.png;2;Zebrafish;786;1190;1076;1303;1,0,0,0;0;;
Vid1_0518.png;2;Zebrafish;805;1193;1091;1312;1,0,0,0;0;;
Vid1_0519.png;2;Zebrafish;826;1199;1125;1326;1,0,0,0;0;;
Vid1_0520.png;2;Zebrafish;844;1205;1149;1337;1,0,0,0;0;;
Vid1_0521.png;2;Zebrafish;870;1209;1171;1342;1,0,0,0;0;;
Vid1_0522.png;2;Zebrafish;912;1210;1196;1349;1,0,0,0;0;;
Vid1_0523.png;2;Zebrafish;921;1210;1222;1352;1,0,0,0;0;;
Vid1_0524.png;2;Zebrafish;953;1211;1257;1351;1,0,0,0;0;;
Vid1_0525.png;2;Zebrafish;989;1211;1288;1349;1,0,0,0;0;;
Vid1_0526.png;2;Zebrafish;985;1211;1284;1348;1,0,0,0;0;;
Vid1_0527.png;2;Zebrafish;1015;1212;1324;1353;1,0,0,0;0;;
Vid1_0528.png;2;Zebrafish;1042;1215;1347;1359;1,0,0,0;0;;
Vid1_0529.png;2;Zebrafish;1042;1214;1344;1359;1,0,0,0;0;;
Vid1_0530.png;2;Zebrafish;1098;1218;1377;1352;1,0,0,0;0;;
Vid1_0531.png;2;Zebrafish;1110;1217;1414;1353;1,0,0,0;0;;
Vid1_0532.png;2;Zebrafish;1131;1216;1437;1357;1,0,0,0;0;;
Vid1_0533.png;2;Zebrafish;1128;1216;1433;1358;1,0,0,0;0;;
Vid1_0534.png;2;Zebrafish;1164;1221;1470;1357;1,0,0,0;0;;
Vid1_0535.png;2;Zebrafish;1210;1224;1498;1362;1,0,0,0;0;;
Vid1_0536.png;2;Zebrafish;1206;1224;1495;1361;1,0,0,0;0;;
Vid1_0537.png;2;Zebrafish;1225;1229;1530;1365;1,0,0,0;0;;
Vid1_0538.png;2;Zebrafish;1247;1237;1554;1371;1,0,0,0;0;;
Vid1_0539.png;2;Zebrafish;1262;1246;1569;1383;1,0,0,0;0;;
Vid1_0540.png;2;Zebrafish;1278;1254;1582;1395;1,0,0,0;0;;
Vid1_0541.png;2;Zebrafish;1279;1256;1583;1394;1,0,0,0;0;;
Vid1_0542.png;2;Zebrafish;1288;1261;1590;1399;1,0,0,0;0;;
Vid1_0544.png;2;Zebrafish;1332;1281;1632;1423;1,0,0,0;0;;
Vid1_0551.png;2;Zebrafish;1426;1332;1727;1465;1,0,0,0;0;;
Vid1_0552.png;2;Zebrafish;1437;1338;1739;1467;1,0,0,0;0;;
Vid1_0553.png;2;Zebrafish;1461;1347;1750;1479;1,0,0,0;0;;
Vid1_0554.png;2;Zebrafish;1454;1356;1745;1471;1,0,0,0;0;;
Vid1_0586.png;2;Zebrafish;1328;1432;1637;1510;0,0,1,0;0;;
Vid1_0587.png;2;Zebrafish;1320;1428;1640;1516;0,0,0,0;0;;
Vid1_0588.png;2;Zebrafish;1314;1427;1629;1514;0,0,0,0;0;;
Vid1_0589.png;2;Zebrafish;1315;1427;1629;1514;0,0,0,0;0;;
Vid1_0590.png;2;Zebrafish;1305;1423;1619;1515;0,0,0,0;0;;
Vid1_0591.png;2;Zebrafish;1302;1423;1619;1514;0,0,0,0;0;;
Vid1_0592.png;2;Zebrafish;1294;1422;1610;1513;0,0,0,0;0;;
Vid1_0593.png;2;Zebrafish;1291;1421;1605;1512;0,0,0,0;0;;
Vid1_0594.png;2;Zebrafish;1288;1421;1599;1515;0,0,0,0;0;;
Vid1_0595.png;2;Zebrafish;1286;1420;1587;1512;0,0,0,0;0;;
Vid1_0596.png;2;Zebrafish;1286;1419;1598;1517;0,0,0,0;0;;
Vid1_0597.png;2;Zebrafish;1286;1419;1595;1515;0,0,0,0;0;;
Vid1_0598.png;2;Zebrafish;1286;1419;1595;1515;0,0,0,0;0;;
Vid1_0599.png;2;Zebrafish;1286;1417;1579;1511;0,0,0,0;0;;
Vid1_0600.png;2;Zebrafish;1281;1418;1568;1510;0,0,0,0;0;;
Vid1_0601.png;2;Zebrafish;1281;1419;1569;1510;0,0,0,0;0;;
Vid1_0602.png;2;Zebrafish;1277;1418;1589;1508;0,0,0,0;0;;
Vid1_0603.png;2;Zebrafish;1277;1417;1588;1505;0,0,0,0;0;;
Vid1_0604.png;2;Zebrafish;1277;1417;1585;1510;0,0,0,0;0;;
Vid1_0605.png;2;Zebrafish;1273;1415;1569;1510;0,0,0,0;0;;
Vid1_0606.png;2;Zebrafish;1273;1415;1585;1510;0,0,0,0;0;;
Vid1_0607.png;2;Zebrafish;1271;1415;1582;1510;0,0,0,0;0;;
Vid1_0608.png;2;Zebrafish;1271;1411;1577;1508;0,0,0,0;0;;
Vid1_0609.png;2;Zebrafish;1269;1411;1574;1508;0,0,0,0;0;;
Vid1_0610.png;2;Zebrafish;1253;1407;1543;1501;0,0,0,0;0;;
Vid1_0641.png;2;Zebrafish;1174;1396;1481;1509;1,0,0,0;0;;
Vid1_0642.png;2;Zebrafish;1207;1394;1502;1499;1,0,0,0;0;;
Vid1_0643.png;2;Zebrafish;1210;1390;1516;1503;1,0,0,0;0;;
Vid1_0644.png;2;Zebrafish;1241;1385;1538;1516;1,0,0,0;0;;
Vid1_0645.png;2;Zebrafish;1271;1377;1561;1498;1,0,0,0;0;;
Vid1_0646.png;2;Zebrafish;1271;1369;1572;1506;1,0,0,0;0;;
Vid1_0647.png;2;Zebrafish;1306;1359;1595;1513;1,0,0,0;0;;
Vid1_0648.png;2;Zebrafish;1339;1350;1621;1506;1,0,0,0;0;;
Vid1_0650.png;2;Zebrafish;1361;1335;1660;1506;1,0,0,0;0;;
Vid1_0651.png;2;Zebrafish;1389;1331;1681;1500;1,0,0,0;0;;
Vid1_0652.png;2;Zebrafish;1400;1331;1696;1499;1,0,0,0;0;;
Vid1_0653.png;2;Zebrafish;1403;1331;1698;1500;1,0,0,0;0;;
Vid1_0654.png;2;Zebrafish;1420;1321;1712;1497;1,0,0,0;0;;
Vid1_0655.png;2;Zebrafish;1468;1306;1745;1484;1,0,0,0;0;;
Vid1_0656.png;2;Zebrafish;1494;1285;1780;1483;1,0,0,0;0;;
Vid1_0657.png;2;Zebrafish;1494;1285;1779;1483;1,0,0,0;0;;
Vid1_0658.png;2;Zebrafish;1535;1272;1818;1468;1,0,0,0;0;;
Vid1_0659.png;2;Zebrafish;1559;1270;1843;1463;1,0,0,0;0;;
Vid1_0660.png;2;Zebrafish;1576;1271;1859;1463;1,0,0,0;0;;
Vid1_0661.png;2;Zebrafish;1587;1274;1870;1463;1,0,0,0;0;;
Vid1_0662.png;2;Zebrafish;1599;1281;1882;1470;1,0,0,0;0;;
Vid1_0664.png;2;Zebrafish;1613;1295;1901;1487;1,0,0,0;0;;
Vid1_0665.png;2;Zebrafish;1620;1305;1907;1497;1,0,0,0;0;;
Vid1_0666.png;2;Zebrafish;1619;1304;1906;1496;1,0,0,0;0;;
Vid1_0667.png;2;Zebrafish;1651;1312;1907;1483;1,0,0,0;0;;
Vid1_0668.png;2;Zebrafish;1663;1318;1925;1488;1,0,0,0;0;;
Vid1_0669.png;2;Zebrafish;1678;1324;1938;1495;1,0,0,0;0;;
Vid1_0670.png;2;Zebrafish;1690;1330;1947;1503;1,0,0,0;0;;
Vid1_0677.png;2;Zebrafish;1778;1245;2016;1484;1,0,0,0;0;;
Vid1_0678.png;2;Zebrafish;1799;1217;2019;1463;1,0,0,0;0;;
Vid1_0679.png;2;Zebrafish;1795;1184;2018;1447;1,0,0,0;0;;
Vid1_0680.png;2;Zebrafish;1794;1155;2015;1416;1,0,0,0;0;;
Vid1_0681.png;2;Zebrafish;1796;1159;2016;1415;1,0,0,0;0;;
Vid1_0682.png;2;Zebrafish;1807;1117;2013;1360;1,0,0,0;0;;
Vid1_0683.png;2;Zebrafish;1803;1080;2013;1335;1,0,0,0;0;;
Vid1_0684.png;2;Zebrafish;1806;1060;2015;1309;1,0,0,0;0;;
Vid1_0685.png;2;Zebrafish;1790;1050;2013;1288;1,0,0,0;0;;
Vid1_0686.png;2;Zebrafish;1781;1041;2012;1280;1,0,0,0;0;;
Vid1_0708.png;2;Zebrafish;1739;1169;2010;1312;1,0,0,0;0;;
Vid1_0709.png;2;Zebrafish;1722;1177;2011;1307;1,0,0,0;0;;
Vid1_0710.png;2;Zebrafish;1722;1177;2011;1307;1,0,0,0;0;;
Vid1_0711.png;2;Zebrafish;1707;1194;2011;1314;1,0,0,0;0;;
Vid1_0712.png;2;Zebrafish;1704;1205;2010;1326;1,0,0,0;0;;
Vid1_0713.png;2;Zebrafish;1704;1203;2010;1324;1,0,0,0;0;;
Vid1_0714.png;2;Zebrafish;1713;1222;2009;1341;1,0,0,0;0;;
Vid1_0715.png;2;Zebrafish;1717;1228;2008;1350;1,0,0,0;0;;
Vid1_0716.png;2;Zebrafish;1711;1236;2006;1358;1,0,0,0;0;;
Vid1_0717.png;2;Zebrafish;1697;1260;2005;1378;1,0,0,0;0;;
Vid1_0718.png;2;Zebrafish;1698;1273;2005;1392;1,0,0,0;0;;
Vid1_0735.png;2;Zebrafish;1524;1193;1830;1348;0,0,0,0;0;;
Vid1_0736.png;2;Zebrafish;1503;1197;1813;1345;0,0,0,0;0;;
Vid1_0737.png;2;Zebrafish;1489;1201;1794;1346;0,0,0,0;0;;
Vid1_0738.png;2;Zebrafish;1476;1204;1780;1354;0,0,0,0;0;;
Vid1_0739.png;2;Zebrafish;1464;1211;1763;1359;0,0,1,0;0;;
Vid1_0741.png;2;Zebrafish;1440;1217;1744;1370;0,0,0,0;0;;
Vid1_0742.png;2;Zebrafish;1416;1224;1724;1373;0,0,0,0;0;;
Vid1_0743.png;2;Zebrafish;1401;1232;1712;1379;0,0,0,0;0;;
Vid1_0744.png;2;Zebrafish;1403;1230;1713;1378;0,0,0,0;0;;
Vid1_0745.png;2;Zebrafish;1390;1238;1700;1385;0,0,0,0;0;;
Vid1_0746.png;2;Zebrafish;1379;1244;1681;1389;0,0,0,0;0;;
Vid1_0747.png;2;Zebrafish;1343;1248;1646;1396;0,0,0,0;0;;
Vid1_0748.png;2;Zebrafish;1327;1249;1635;1398;0,0,0,0;0;;
Vid1_0749.png;2;Zebrafish;1306;1251;1615;1402;0,0,0,0;0;;
Vid1_0751.png;2;Zebrafish;1267;1253;1572;1400;0,0,0,0;0;;
Vid1_0752.png;2;Zebrafish;1246;1254;1556;1402;0,0,0,0;0;;
Vid1_0753.png;2;Zebrafish;1226;1257;1538;1406;0,0,0,0;0;;
Vid1_0754.png;2;Zebrafish;1211;1260;1523;1408;0,0,0,0;0;;
Vid1_0755.png;2;Zebrafish;1198;1264;1506;1414;0,0,0,0;0;;
Vid1_0756.png;2;Zebrafish;1187;1267;1502;1417;0,0,0,0;0;;
Vid1_0757.png;2;Zebrafish;1181;1268;1491;1420;0,0,0,0;0;;
Vid1_0758.png;2;Zebrafish;1176;1267;1473;1416;0,0,0,0;0;;
Vid1_0759.png;2;Zebrafish;1156;1270;1462;1427;0,0,0,0;0;;
Vid1_0760.png;2;Zebrafish;1138;1273;1437;1423;0,0,0,0;0;;
Vid1_0761.png;2;Zebrafish;1115;1273;1419;1423;0,0,0,0;0;;
Vid1_0762.png;2;Zebrafish;1092;1278;1398;1429;0,0,0,0;0;;
Vid1_0763.png;2;Zebrafish;1071;1285;1383;1428;0,0,0,0;0;;
Vid1_0764.png;2;Zebrafish;1053;1292;1369;1432;0,0,0,0;0;;
Vid1_0765.png;2;Zebrafish;1046;1295;1338;1432;0,0,0,0;0;;
Vid1_0766.png;2;Zebrafish;986;1298;1291;1421;0,0,0,0;0;;
Vid1_0767.png;2;Zebrafish;977;1298;1289;1419;0,0,0,0;0;;
Vid1_0768.png;2;Zebrafish;920;1302;1229;1414;0,0,0,0;0;;
Vid1_0769.png;2;Zebrafish;872;1308;1196;1421;0,0,0,0;0;;
Vid1_0770.png;2;Zebrafish;846;1311;1167;1421;0,0,0,0;0;;
Vid1_0771.png;2;Zebrafish;817;1313;1131;1424;0,0,0,0;0;;
Vid1_0772.png;2;Zebrafish;788;1314;1099;1429;0,0,0,0;0;;
Vid1_0774.png;2;Zebrafish;735;1318;1051;1437;0,0,0,0;0;;
Vid1_0775.png;2;Zebrafish;711;1321;1031;1441;0,0,0,0;0;;
Vid1_0776.png;2;Zebrafish;695;1323;1009;1438;0,0,0,0;0;;
Vid1_0777.png;2;Zebrafish;677;1327;987;1435;0,0,0,0;0;;
Vid1_0778.png;2;Zebrafish;663;1331;972;1448;0,0,0,0;0;;
Vid1_0779.png;2;Zebrafish;647;1336;955;1463;0,0,0,0;0;;
Vid1_0780.png;2;Zebrafish;636;1341;941;1474;0,0,0,0;0;;
Vid1_0781.png;2;Zebrafish;636;1344;928;1482;0,0,0,0;0;;
Vid1_0782.png;2;Zebrafish;631;1345;910;1476;0,0,0,0;0;;
Vid1_0783.png;2;Zebrafish;614;1350;887;1485;0,0,0,0;0;;
Vid1_0810.png;2;Zebrafish;1037;1311;1333;1457;1,0,0,0;0;;
Vid1_0811.png;2;Zebrafish;1061;1306;1345;1468;1,0,0,0;0;;
Vid1_0812.png;2;Zebrafish;1104;1295;1375;1456;1,0,0,0;0;;
Vid1_0861.png;2;Zebrafish;1670;1382;1951;1490;0,0,0,0;0;;
Vid1_0862.png;2;Zebrafish;1656;1383;1947;1491;0,0,0,0;0;;
Vid1_0888.png;2;Zebrafish;1145;1191;1424;1395;0,0,0,0;0;;
Vid1_0889.png;2;Zebrafish;1130;1178;1406;1379;0,0,0,0;0;;
Vid1_0890.png;2;Zebrafish;1107;1161;1382;1365;0,0,0,0;0;;
Vid1_0908.png;2;Zebrafish;861;1057;1141;1247;0,0,0,0;0;;
Vid1_0909.png;2;Zebrafish;849;1049;1127;1245;0,0,0,0;0;;
Vid1_0910.png;2;Zebrafish;851;1050;1130;1243;0,0,0,0;0;;
Vid1_0911.png;2;Zebrafish;822;1024;1099;1219;0,0,0,0;0;;
Vid1_0912.png;2;Zebrafish;820;1022;1094;1219;0,0,0,0;0;;
Vid1_0913.png;2;Zebrafish;788;1002;1058;1202;0,0,0,0;0;;
Vid1_0914.png;2;Zebrafish;758;984;1039;1184;0,0,0,0;0;;
Vid1_0915.png;2;Zebrafish;737;977;1025;1174;0,0,0,0;0;;
Vid1_0916.png;2;Zebrafish;728;974;1010;1167;0,0,0,0;0;;
Vid1_0917.png;2;Zebrafish;710;964;994;1152;0,0,0,0;0;;
Vid1_0918.png;2;Zebrafish;692;959;979;1150;0,0,0,0;0;;
Vid1_0920.png;2;Zebrafish;651;959;953;1131;0,0,0,0;0;;
Vid1_0921.png;2;Zebrafish;633;960;934;1121;0,0,0,0;0;;
Vid1_0922.png;2;Zebrafish;623;961;931;1119;0,0,0,0;0;;
Vid1_0923.png;2;Zebrafish;605;966;913;1121;0,0,0,0;0;;
Vid1_0924.png;2;Zebrafish;597;970;902;1122;0,0,0,0;0;;
Vid1_0925.png;2;Zebrafish;593;973;898;1120;0,0,0,0;0;;
Vid1_0926.png;2;Zebrafish;580;984;887;1131;0,0,0,0;0;;
Vid1_0927.png;2;Zebrafish;577;989;874;1141;0,0,0,0;0;;
Vid1_0928.png;2;Zebrafish;570;991;867;1137;0,0,0,0;0;;
Vid1_0929.png;2;Zebrafish;555;997;857;1139;0,0,0,0;0;;
Vid1_0930.png;2;Zebrafish;543;1002;843;1148;0,0,0,0;0;;
Vid1_0931.png;2;Zebrafish;539;1003;836;1150;0,0,0,0;0;;
Vid1_0932.png;2;Zebrafish;532;1004;830;1151;0,0,0,0;0;;
Vid1_0933.png;2;Zebrafish;506;1004;793;1168;0,0,0,0;0;;
Vid1_0934.png;2;Zebrafish;509;1004;793;1168;0,0,0,0;0;;
Vid1_0935.png;2;Zebrafish;480;1001;779;1161;0,0,0,0;0;;
Vid1_0936.png;2;Zebrafish;473;1000;768;1163;0,0,0,0;0;;
Vid1_0938.png;2;Zebrafish;447;1010;738;1172;0,0,0,0;0;;
Vid1_0939.png;2;Zebrafish;438;1017;738;1174;0,0,0,0;0;;
Vid1_0940.png;2;Zebrafish;431;1027;725;1178;0,0,0,0;0;;
Vid1_0941.png;2;Zebrafish;431;1026;728;1175;0,0,0,0;0;;
Vid1_0950.png;2;Zebrafish;356;1095;656;1207;1,0,0,0;0;;
Vid1_0952.png;2;Zebrafish;389;1111;691;1215;1,0,0,0;0;;
Vid1_0953.png;2;Zebrafish;406;1121;707;1222;1,0,0,0;0;;
Vid1_0954.png;2;Zebrafish;424;1131;721;1231;1,0,0,0;0;;
Vid1_0955.png;2;Zebrafish;446;1148;735;1244;1,0,0,0;0;;
Vid1_0956.png;2;Zebrafish;463;1160;748;1257;1,0,0,1;0;;
Vid1_0957.png;2;Zebrafish;482;1160;760;1273;1,0,0,0;0;;
Vid1_0958.png;2;Zebrafish;514;1172;783;1273;1,0,0,0;0;;
Vid1_0959.png;2;Zebrafish;509;1181;804;1277;1,0,0,0;0;;
Vid1_0960.png;2;Zebrafish;512;1185;817;1285;1,0,0,0;0;;
Vid1_0961.png;2;Zebrafish;529;1194;837;1300;1,0,0,0;0;;
Vid1_0962.png;2;Zebrafish;543;1202;853;1312;1,0,0,0;0;;
Vid1_0963.png;2;Zebrafish;545;1204;855;1314;1,0,0,0;0;;
Vid1_0964.png;2;Zebrafish;562;1215;871;1334;1,0,0,0;0;;
Vid1_0965.png;2;Zebrafish;576;1228;884;1344;1,0,0,0;0;;
Vid1_0966.png;2;Zebrafish;588;1240;894;1352;1,0,0,0;0;;
Vid1_0967.png;2;Zebrafish;597;1254;901;1366;1,0,0,0;0;;
Vid1_0968.png;2;Zebrafish;602;1266;906;1378;1,0,0,0;0;;
Vid1_0969.png;2;Zebrafish;610;1278;910;1399;1,0,0,0;0;;
Vid1_0970.png;2;Zebrafish;657;1280;935;1408;1,0,0,0;0;;
Vid1_0971.png;2;Zebrafish;660;1283;966;1409;1,0,0,0;0;;
Vid1_0972.png;2;Zebrafish;688;1285;996;1407;1,0,0,0;0;;
Vid1_0973.png;2;Zebrafish;712;1288;1022;1412;1,0,0,0;0;;
Vid1_0974.png;2;Zebrafish;735;1293;1044;1418;1,0,0,0;0;;
Vid1_0975.png;2;Zebrafish;762;1296;1061;1425;1,0,0,0;0;;
Vid1_1053.png;2;Zebrafish;1104;1317;1399;1484;0,0,0,0;0;;
Vid1_1054.png;2;Zebrafish;1084;1322;1378;1479;0,0,0,0;0;;
Vid1_1055.png;2;Zebrafish;1078;1329;1376;1488;0,0,0,0;0;;
Vid1_1057.png;2;Zebrafish;1062;1338;1346;1490;0,0,0,0;0;;
Vid1_1058.png;2;Zebrafish;1024;1333;1322;1481;0,0,0,0;0;;
Vid1_1059.png;2;Zebrafish;1018;1332;1316;1473;0,0,0,0;0;;
Vid1_1060.png;2;Zebrafish;963;1328;1254;1464;0,0,0,0;0;;
Vid1_1061.png;2;Zebrafish;915;1319;1201;1448;0,0,0,0;0;;
Vid1_1062.png;2;Zebrafish;876;1312;1177;1458;0,0,0,0;0;;
Vid1_1063.png;2;Zebrafish;835;1304;1137;1445;0,0,0,0;0;;
Vid1_1064.png;2;Zebrafish;800;1299;1093;1446;0,0,0,0;0;;
Vid1_1065.png;2;Zebrafish;793;1298;1089;1444;0,0,0,0;0;;
Vid1_1066.png;2;Zebrafish;749;1293;1040;1439;0,0,0,0;0;;
Vid1_1067.png;2;Zebrafish;699;1285;995;1429;0,0,0,0;0;;
Vid1_1068.png;2;Zebrafish;666;1281;969;1430;0,0,0,0;0;;
Vid1_1069.png;2;Zebrafish;670;1281;973;1431;0,0,0,0;0;;
Vid1_1070.png;2;Zebrafish;622;1279;927;1423;0,0,0,0;0;;
Vid1_1071.png;2;Zebrafish;586;1274;879;1415;0,0,0,0;0;;
Vid1_1072.png;2;Zebrafish;548;1267;846;1418;0,0,0,0;0;;
Vid1_1073.png;2;Zebrafish;514;1256;814;1409;0,0,0,0;0;;
Vid1_1074.png;2;Zebrafish;476;1243;776;1400;0,0,0,0;0;;
Vid1_1075.png;2;Zebrafish;443;1231;739;1397;0,0,0,0;0;;
Vid1_1076.png;2;Zebrafish;419;1224;711;1397;0,0,0,0;0;;
Vid1_1077.png;2;Zebrafish;396;1218;684;1393;0,0,0,0;0;;
Vid1_1078.png;2;Zebrafish;389;1204;676;1384;0,0,0,0;0;;
Vid1_1079.png;2;Zebrafish;378;1190;643;1380;0,0,0,0;0;;
Vid1_1080.png;2;Zebrafish;366;1173;633;1378;0,0,0,0;0;;
Vid1_1081.png;2;Zebrafish;357;1164;613;1377;0,0,0,0;0;;
Vid1_1082.png;2;Zebrafish;350;1158;613;1368;0,0,0,0;0;;
Vid1_1083.png;2;Zebrafish;351;1154;615;1363;0,0,0,0;0;;
Vid1_0033.png;2;Zebrafish;843;1339;1148;1497;0,0,0,0;0;;
Vid1_0034.png;2;Zebrafish;829;1344;1132;1493;0,0,0,0;0;;
Vid1_0035.png;2;Zebrafish;834;1342;1131;1494;0,0,0,0;0;;
Vid1_0001.png;3;Zebrafish;1069;1410;1341;1479;0,0,0,0;0;;
Vid1_0002.png;3;Zebrafish;1064;1410;1336;1480;0,0,0,0;0;;
Vid1_0003.png;3;Zebrafish;1029;1417;1302;1489;0,0,0,0;0;;
Vid1_0016.png;3;Zebrafish;707;1405;943;1494;0,0,0,0;0;;
Vid1_0017.png;3;Zebrafish;614;1404;866;1493;0,0,0,0;0;;
Vid1_0018.png;3;Zebrafish;555;1390;801;1494;0,0,0,0;0;;
Vid1_0019.png;3;Zebrafish;509;1404;769;1494;0,0,0,0;0;;
Vid1_0028.png;3;Zebrafish;248;1394;512;1472;0,0,0,0;0;;
Vid1_0029.png;3;Zebrafish;225;1393;488;1473;0,0,0,0;0;;
Vid1_0030.png;3;Zebrafish;230;1393;494;1474;0,0,0,0;0;;
Vid1_0031.png;3;Zebrafish;191;1390;454;1473;0,0,0,0;0;;
Vid1_0032.png;3;Zebrafish;177;1391;437;1471;0,0,0,0;0;;
Vid1_0034.png;3;Zebrafish;160;1384;413;1471;0,0,0,0;0;;
Vid1_0035.png;3;Zebrafish;164;1378;419;1474;0,0,0,0;0;;
Vid1_0036.png;3;Zebrafish;135;1369;382;1451;0,1,0,0;0;;
Vid1_0027.png;3;Zebrafish;305;1369;559;1479;0,0,0,0;0;;
Vid1_0033.png;3;Zebrafish;166;1392;428;1474;0,0,0,0;0;;
Vid1_0044.png;3;Zebrafish;154;1351;380;1470;1,0,0,0;0;;
Vid1_0045.png;3;Zebrafish;178;1377;417;1468;1,0,0,0;0;;
Vid1_0046.png;3;Zebrafish;184;1394;450;1470;1,0,0,0;0;;
Vid1_0047.png;3;Zebrafish;222;1397;481;1474;1,0,0,0;0;;
Vid1_0048.png;3;Zebrafish;214;1396;476;1474;1,0,0,0;0;;
Vid1_0049.png;3;Zebrafish;270;1400;533;1480;1,0,0,0;0;;
Vid1_0050.png;3;Zebrafish;343;1395;593;1479;1,0,0,0;0;;
Vid1_0051.png;3;Zebrafish;375;1393;644;1470;1,0,0,0;0;;
Vid1_0052.png;3;Zebrafish;366;1393;635;1471;1,0,0,0;0;;
Vid1_0053.png;3;Zebrafish;440;1384;711;1457;1,0,0,0;0;;
Vid1_0054.png;3;Zebrafish;516;1373;776;1460;1,0,0,0;0;;
Vid1_0055.png;3;Zebrafish;516;1373;776;1460;1,0,0,0;0;;
Vid1_0056.png;3;Zebrafish;527;1374;785;1457;1,0,0,0;0;;
Vid1_0057.png;3;Zebrafish;613;1381;883;1462;1,0,0,0;0;;
Vid1_0058.png;3;Zebrafish;649;1390;925;1470;1,0,0,0;0;;
Vid1_0059.png;3;Zebrafish;684;1391;954;1476;1,0,0,0;0;;
Vid1_0060.png;3;Zebrafish;738;1395;1000;1480;1,0,0,0;0;;
Vid1_0061.png;3;Zebrafish;773;1404;1046;1480;1,0,0,0;0;;
Vid1_0062.png;3;Zebrafish;805;1406;1079;1483;1,0,0,0;0;;
Vid1_0063.png;3;Zebrafish;838;1409;1114;1486;1,0,0,0;0;;
Vid1_0064.png;3;Zebrafish;886;1402;1131;1488;1,0,0,0;0;;
Vid1_0065.png;3;Zebrafish;934;1413;1200;1484;1,0,0,0;0;;
Vid1_0066.png;3;Zebrafish;986;1413;1244;1483;1,0,0,0;0;;
Vid1_0067.png;3;Zebrafish;1010;1413;1262;1484;1,0,0,0;0;;
Vid1_0068.png;3;Zebrafish;1048;1416;1308;1491;1,0,0,0;0;;
Vid1_0069.png;3;Zebrafish;1076;1419;1339;1495;1,0,0,0;0;;
Vid1_0070.png;3;Zebrafish;1077;1419;1339;1495;1,0,0,0;0;;
Vid1_0071.png;3;Zebrafish;1081;1420;1343;1496;1,0,0,0;0;;
Vid1_0073.png;3;Zebrafish;1159;1424;1416;1504;1,0,0,0;0;;
Vid1_0074.png;3;Zebrafish;1159;1425;1416;1504;1,0,0,0;0;;
Vid1_0075.png;3;Zebrafish;1163;1427;1420;1506;1,0,0,0;0;;
Vid1_0091.png;3;Zebrafish;1649;1371;1917;1464;1,0,0,0;0;;
Vid1_0092.png;3;Zebrafish;1645;1379;1913;1462;1,0,0,0;0;;
Vid1_0101.png;3;Zebrafish;1692;1221;1920;1357;0,0,0,0;0;;
Vid1_0102.png;3;Zebrafish;1679;1212;1927;1344;0,0,0,0;0;;
Vid1_0103.png;3;Zebrafish;1644;1194;1892;1313;0,0,0,0;0;;
Vid1_0104.png;3;Zebrafish;1644;1193;1891;1310;0,0,0,0;0;;
Vid1_0105.png;3;Zebrafish;1639;1190;1882;1307;0,0,0,0;0;;
Vid1_0106.png;3;Zebrafish;1589;1146;1839;1270;0,0,0,0;0;;
Vid1_0107.png;3;Zebrafish;1589;1146;1839;1270;0,0,0,0;0;;
Vid1_0108.png;3;Zebrafish;1582;1142;1828;1282;0,0,0,0;0;;
Vid1_0109.png;3;Zebrafish;1522;1096;1773;1237;0,0,0,0;0;;
Vid1_0110.png;3;Zebrafish;1491;1073;1730;1214;0,0,0,0;0;;
Vid1_0112.png;3;Zebrafish;1455;1036;1677;1181;0,0,0,0;0;;
Vid1_0113.png;3;Zebrafish;1428;1011;1661;1163;0,0,0,0;0;;
Vid1_0114.png;3;Zebrafish;1413;996;1638;1150;0,0,0,0;0;;
Vid1_0115.png;3;Zebrafish;1386;982;1606;1135;0,0,0,0;0;;
Vid1_0116.png;3;Zebrafish;1371;969;1600;1111;0,0,0,0;0;;
Vid1_0117.png;3;Zebrafish;1329;952;1565;1085;0,0,0,0;0;;
Vid1_0118.png;3;Zebrafish;1306;941;1561;1063;0,0,0,0;0;;
Vid1_0119.png;3;Zebrafish;1298;936;1548;1057;0,0,0,0;0;;
Vid1_0120.png;3;Zebrafish;1275;928;1528;1051;0,0,0,0;0;;
Vid1_0121.png;3;Zebrafish;1271;919;1512;1027;0,0,0,0;0;;
Vid1_0122.png;3;Zebrafish;1255;912;1481;1024;0,0,0,0;0;;
Vid1_0123.png;3;Zebrafish;1187;891;1448;1018;0,0,0,0;0;;
Vid1_0124.png;3;Zebrafish;1150;881;1405;995;0,0,0,0;0;;
Vid1_0125.png;3;Zebrafish;1127;876;1382;993;0,0,0,0;0;;
Vid1_0126.png;3;Zebrafish;1066;863;1337;965;0,0,0,0;0;;
Vid1_0127.png;3;Zebrafish;1024;854;1292;948;0,0,0,0;0;;
Vid1_0128.png;3;Zebrafish;981;845;1246;940;0,0,0,0;0;;
Vid1_0129.png;3;Zebrafish;944;838;1217;931;0,0,0,0;0;;
Vid1_0130.png;3;Zebrafish;892;828;1165;925;0,0,0,0;0;;
Vid1_0131.png;3;Zebrafish;851;825;1132;908;0,0,0,0;0;;
Vid1_0132.png;3;Zebrafish;856;826;1138;910;0,0,0,0;0;;
Vid1_0133.png;3;Zebrafish;797;815;1072;900;0,0,0,0;0;;
Vid1_0134.png;3;Zebrafish;749;815;1025;893;0,0,0,0;0;;
Vid1_0135.png;3;Zebrafish;733;814;1010;890;0,0,0,0;0;;
Vid1_0136.png;3;Zebrafish;723;814;999;890;0,0,0,0;0;;
Vid1_0137.png;3;Zebrafish;669;814;943;887;0,0,0,0;0;;
Vid1_0138.png;3;Zebrafish;646;816;921;890;0,0,0,0;0;;
Vid1_0139.png;3;Zebrafish;635;818;911;892;0,0,0,0;0;;
Vid1_0140.png;3;Zebrafish;628;819;904;893;0,0,0,0;0;;
Vid1_0150.png;3;Zebrafish;587;782;799;855;1,0,0,0;0;;
Vid1_0151.png;3;Zebrafish;612;783;826;858;1,0,0,0;0;;
Vid1_0152.png;3;Zebrafish;601;783;836;864;1,0,0,0;0;;
Vid1_0153.png;3;Zebrafish;606;784;839;864;1,0,0,0;0;;
Vid1_0165.png;3;Zebrafish;642;785;892;848;0,0,0,0;0;;
Vid1_0166.png;3;Zebrafish;587;785;808;870;0,0,0,0;0;;
Vid1_0167.png;3;Zebrafish;533;788;805;864;0,0,0,0;0;;
Vid1_0168.png;3;Zebrafish;533;788;803;864;0,0,0,0;0;;
Vid1_0169.png;3;Zebrafish;526;788;798;864;0,0,0,0;0;;
Vid1_0170.png;3;Zebrafish;500;787;772;866;0,0,0,0;0;;
Vid1_0171.png;3;Zebrafish;495;784;767;868;0,0,0,0;0;;
Vid1_0172.png;3;Zebrafish;490;784;761;868;0,0,0,0;0;;
Vid1_0174.png;3;Zebrafish;430;792;696;876;0,0,0,0;0;;
Vid1_0175.png;3;Zebrafish;395;802;663;882;0,0,0,0;0;;
Vid1_0176.png;3;Zebrafish;390;801;657;884;0,0,0,0;0;;
Vid1_0177.png;3;Zebrafish;340;812;610;895;0,0,0,0;0;;
Vid1_0178.png;3;Zebrafish;316;817;587;902;0,0,0,0;0;;
Vid1_0179.png;3;Zebrafish;320;816;591;901;0,0,0,0;0;;
Vid1_0180.png;3;Zebrafish;286;824;557;913;0,0,0,0;0;;
Vid1_0181.png;3;Zebrafish;263;830;534;922;0,0,0,0;0;;
Vid1_0182.png;3;Zebrafish;264;829;537;921;0,0,0,0;0;;
Vid1_0183.png;3;Zebrafish;237;841;510;932;0,0,0,0;0;;
Vid1_0184.png;3;Zebrafish;220;851;487;944;0,0,0,0;0;;
Vid1_0185.png;3;Zebrafish;222;856;473;947;0,0,0,0;0;;
Vid1_0186.png;3;Zebrafish;196;860;427;957;0,0,0,0;0;;
Vid1_0216.png;3;Zebrafish;254;1098;456;1195;1,0,0,0;0;;
Vid1_0217.png;3;Zebrafish;286;1086;474;1176;1,0,0,0;0;;
Vid1_0218.png;3;Zebrafish;292;1081;485;1165;1,0,0,0;0;;
Vid1_0219.png;3;Zebrafish;358;1079;543;1169;1,0,0,0;0;;
Vid1_0220.png;3;Zebrafish;352;1072;574;1175;1,0,0,0;0;;
Vid1_0221.png;3;Zebrafish;404;1084;630;1182;1,0,0,0;0;;
Vid1_0222.png;3;Zebrafish;406;1090;673;1191;1,0,0,0;0;;
Vid1_0223.png;3;Zebrafish;452;1096;716;1205;1,0,0,0;0;;
Vid1_0224.png;3;Zebrafish;474;1095;753;1220;1,0,0,0;0;;
Vid1_0225.png;3;Zebrafish;533;1101;783;1230;1,0,0,0;0;;
Vid1_0226.png;3;Zebrafish;563;1122;821;1246;1,0,0,0;0;;
Vid1_0227.png;3;Zebrafish;567;1123;814;1242;1,0,0,0;0;;
Vid1_0228.png;3;Zebrafish;616;1160;883;1276;1,0,0,0;0;;
Vid1_0229.png;3;Zebrafish;648;1180;912;1286;1,0,0,0;0;;
Vid1_0230.png;3;Zebrafish;641;1178;908;1286;1,0,0,0;0;;
Vid1_0231.png;3;Zebrafish;694;1207;957;1301;1,0,0,0;0;;
Vid1_0232.png;3;Zebrafish;725;1230;994;1313;1,0,0,0;0;;
Vid1_0233.png;3;Zebrafish;738;1236;1005;1317;1,0,0,0;0;;
Vid1_0254.png;3;Zebrafish;1338;1357;1601;1449;0,0,0,0;0;;
Vid1_0255.png;3;Zebrafish;1296;1366;1541;1467;0,0,0,0;0;;
Vid1_0256.png;3;Zebrafish;1242;1378;1520;1462;0,0,0,0;0;;
Vid1_0257.png;3;Zebrafish;1249;1378;1528;1463;0,0,0,0;0;;
Vid1_0258.png;3;Zebrafish;1176;1394;1451;1474;0,0,0,0;0;;
Vid1_0259.png;3;Zebrafish;1121;1404;1394;1486;0,0,0,0;0;;
Vid1_0270.png;3;Zebrafish;846;1372;1088;1474;0,0,0,0;0;;
Vid1_0271.png;3;Zebrafish;831;1362;1076;1453;0,0,0,0;0;;
Vid1_0284.png;3;Zebrafish;1183;1384;1451;1466;1,0,0,0;0;;
Vid1_0285.png;3;Zebrafish;1219;1387;1489;1469;1,0,0,0;0;;
Vid1_0286.png;3;Zebrafish;1219;1387;1483;1470;1,0,0,0;0;;
Vid1_0287.png;3;Zebrafish;1265;1382;1535;1468;1,0,0,0;0;;
Vid1_0288.png;3;Zebrafish;1295;1383;1565;1471;1,0,0,0;0;;
Vid1_0289.png;3;Zebrafish;1317;1384;1582;1474;1,0,0,0;0;;
Vid1_0290.png;3;Zebrafish;1343;1374;1605;1478;1,0,0,0;0;;
Vid1_0291.png;3;Zebrafish;1369;1352;1633;1472;1,0,0,0;0;;
Vid1_0292.png;3;Zebrafish;1402;1332;1667;1459;1,0,0,0;0;;
Vid1_0306.png;3;Zebrafish;1371;1065;1637;1194;0,0,0,0;0;;
Vid1_0307.png;3;Zebrafish;1369;1063;1633;1190;0,0,0,0;0;;
Vid1_0308.png;3;Zebrafish;1357;1057;1622;1183;0,0,0,0;0;;
Vid1_0309.png;3;Zebrafish;1328;1045;1593;1170;0,0,0,0;0;;
Vid1_0310.png;3;Zebrafish;1310;1038;1566;1162;0,0,0,0;0;;
Vid1_0311.png;3;Zebrafish;1270;1026;1527;1141;0,0,0,0;0;;
Vid1_0312.png;3;Zebrafish;1250;1021;1524;1136;0,0,0,0;0;;
Vid1_0313.png;3;Zebrafish;1230;1017;1514;1126;0,0,0,0;0;;
Vid1_0314.png;3;Zebrafish;1196;1012;1470;1109;0,0,0,0;0;;
Vid1_0328.png;3;Zebrafish;865;990;1128;1090;0,0,0,0;0;;
Vid1_0329.png;3;Zebrafish;869;990;1129;1089;0,0,0,0;0;;
Vid1_0330.png;3;Zebrafish;835;984;1093;1087;0,0,0,0;0;;
Vid1_0331.png;3;Zebrafish;814;980;1072;1095;0,0,0,0;0;;
Vid1_0332.png;3;Zebrafish;811;979;1069;1094;0,0,0,0;0;;
Vid1_0333.png;3;Zebrafish;792;977;1048;1096;0,0,0,0;0;;
Vid1_0334.png;3;Zebrafish;782;976;1039;1101;0,0,0,0;0;;
Vid1_0335.png;3;Zebrafish;765;974;1021;1101;0,0,0,0;0;;
Vid1_0336.png;3;Zebrafish;732;976;960;1080;0,0,0,0;0;;
Vid1_0337.png;3;Zebrafish;725;975;961;1079;0,0,0,0;0;;
Vid1_0338.png;3;Zebrafish;668;968;936;1041;0,0,0,0;0;;
Vid1_0339.png;3;Zebrafish;647;966;913;1040;0,0,0,0;0;;
Vid1_0340.png;3;Zebrafish;624;963;885;1041;0,0,0,0;0;;
Vid1_0341.png;3;Zebrafish;603;962;866;1040;0,0,0,0;0;;
Vid1_0342.png;3;Zebrafish;583;963;848;1045;0,0,0,0;0;;
Vid1_0343.png;3;Zebrafish;565;964;834;1047;0,0,0,0;0;;
Vid1_0344.png;3;Zebrafish;552;967;823;1051;0,0,0,0;0;;
Vid1_0345.png;3;Zebrafish;537;970;804;1054;0,0,0,0;0;;
Vid1_0346.png;3;Zebrafish;523;974;791;1060;0,0,0,0;0;;
Vid1_0347.png;3;Zebrafish;526;974;795;1058;0,0,0,0;0;;
Vid1_0351.png;3;Zebrafish;414;978;660;1117;0,0,0,0;0;;
Vid1_0352.png;3;Zebrafish;380;978;623;1139;0,0,0,0;0;;
Vid1_0353.png;3;Zebrafish;360;995;604;1153;0,0,0,0;0;;
Vid1_0354.png;3;Zebrafish;347;1008;592;1163;0,0,0,0;0;;
Vid1_0355.png;3;Zebrafish;331;1020;575;1175;0,0,0,0;0;;
Vid1_0356.png;3;Zebrafish;316;1034;556;1185;0,0,0,0;0;;
Vid1_0357.png;3;Zebrafish;298;1063;548;1196;0,0,0,0;0;;
Vid1_0358.png;3;Zebrafish;273;1076;519;1209;0,0,0,0;0;;
Vid1_0359.png;3;Zebrafish;251;1101;509;1224;0,0,0,0;0;;
Vid1_0360.png;3;Zebrafish;230;1110;482;1234;0,0,0,0;0;;
Vid1_0361.png;3;Zebrafish;233;1109;487;1232;0,0,0,0;0;;
Vid1_0369.png;3;Zebrafish;229;1250;474;1345;1,0,0,0;0;;
Vid1_0370.png;3;Zebrafish;277;1256;513;1358;1,0,0,0;0;;
Vid1_0371.png;3;Zebrafish;339;1253;551;1363;1,0,0,0;0;;
Vid1_0372.png;3;Zebrafish;347;1282;609;1368;1,0,0,0;0;;
Vid1_0374.png;3;Zebrafish;469;1307;739;1381;1,0,0,0;0;;
Vid1_0375.png;3;Zebrafish;526;1308;800;1380;1,0,0,0;0;;
Vid1_0376.png;3;Zebrafish;576;1309;854;1381;1,0,0,0;0;;
Vid1_0377.png;3;Zebrafish;621;1310;899;1385;1,0,0,0;0;;
Vid1_0378.png;3;Zebrafish;668;1314;941;1393;1,0,0,0;0;;
Vid1_0379.png;3;Zebrafish;663;1313;935;1391;1,0,0,0;0;;
Vid1_0380.png;3;Zebrafish;723;1318;990;1404;1,0,0,0;0;;
Vid1_0381.png;3;Zebrafish;746;1317;1006;1412;1,0,0,0;0;;
Vid1_0382.png;3;Zebrafish;778;1323;1028;1412;1,0,0,0;0;;
Vid1_0399.png;3;Zebrafish;1174;1355;1452;1439;1,0,0,0;0;;
Vid1_0400.png;3;Zebrafish;1199;1353;1464;1436;1,0,0,0;0;;
Vid1_0401.png;3;Zebrafish;1239;1330;1493;1451;1,0,0,0;0;;
Vid1_0402.png;3;Zebrafish;1276;1307;1526;1441;1,0,0,0;0;;
Vid1_0403.png;3;Zebrafish;1299;1286;1561;1428;1,0,0,0;0;;
Vid1_0404.png;3;Zebrafish;1293;1289;1555;1429;1,0,0,0;0;;
Vid1_0434.png;3;Zebrafish;1689;1015;1912;1117;0,0,0,0;0;;
Vid1_0435.png;3;Zebrafish;1652;1002;1897;1106;0,0,0,0;0;;
Vid1_0436.png;3;Zebrafish;1626;995;1884;1089;0,0,0,0;0;;
Vid1_0437.png;3;Zebrafish;1608;992;1866;1078;0,0,0,0;0;;
Vid1_0438.png;3;Zebrafish;1588;989;1846;1072;0,0,0,0;0;;
Vid1_0439.png;3;Zebrafish;1565;977;1809;1079;0,0,0,0;0;;
Vid1_0440.png;3;Zebrafish;1532;978;1773;1055;0,0,0,0;0;;
Vid1_0441.png;3;Zebrafish;1501;980;1771;1049;0,0,0,0;0;;
Vid1_0442.png;3;Zebrafish;1473;977;1741;1054;0,0,0,0;0;;
Vid1_0443.png;3;Zebrafish;1439;977;1691;1056;0,0,0,0;0;;
Vid1_0444.png;3;Zebrafish;1446;974;1700;1060;0,0,0,0;0;;
Vid1_0445.png;3;Zebrafish;1384;985;1655;1056;0,0,0,0;0;;
Vid1_0446.png;3;Zebrafish;1364;983;1631;1065;0,0,0,0;0;;
Vid1_0447.png;3;Zebrafish;1337;989;1599;1066;0,0,0,0;0;;
Vid1_0448.png;3;Zebrafish;1258;995;1524;1086;0,0,0,0;0;;
Vid1_0449.png;3;Zebrafish;1216;1009;1483;1085;0,0,0,0;0;;
Vid1_0450.png;3;Zebrafish;1175;1021;1452;1089;0,0,0,0;0;;
Vid1_0451.png;3;Zebrafish;1147;1024;1424;1096;0,0,0,0;0;;
Vid1_0452.png;3;Zebrafish;1117;1029;1390;1103;0,0,0,0;0;;
Vid1_0453.png;3;Zebrafish;1122;1028;1396;1102;0,0,0,0;0;;
Vid1_0454.png;3;Zebrafish;1091;1034;1364;1110;0,0,0,0;0;;
Vid1_0455.png;3;Zebrafish;1060;1036;1308;1122;0,0,0,0;0;;
Vid1_0456.png;3;Zebrafish;1013;1035;1274;1132;0,0,0,0;0;;
Vid1_0457.png;3;Zebrafish;989;1038;1246;1137;0,0,0,0;0;;
Vid1_0458.png;3;Zebrafish;959;1050;1210;1140;0,0,0,0;0;;
Vid1_0459.png;3;Zebrafish;931;1062;1179;1147;0,0,0,0;0;;
Vid1_0460.png;3;Zebrafish;919;1069;1180;1150;0,0,0,0;0;;
Vid1_0461.png;3;Zebrafish;890;1078;1140;1152;0,0,0,0;0;;
Vid1_0462.png;3;Zebrafish;881;1069;1121;1161;0,0,0,0;0;;
Vid1_0463.png;3;Zebrafish;860;1062;1094;1148;0,0,0,0;0;;
Vid1_0474.png;3;Zebrafish;877;1075;1083;1226;1,0,0,0;0;;
Vid1_0475.png;3;Zebrafish;873;1084;1096;1233;1,0,0,0;0;;
Vid1_0481.png;3;Zebrafish;1035;1212;1292;1343;1,0,0,0;0;;
Vid1_0482.png;3;Zebrafish;1068;1235;1328;1362;1,0,0,0;0;;
Vid1_0483.png;3;Zebrafish;1059;1234;1322;1359;1,0,0,0;0;;
Vid1_0484.png;3;Zebrafish;1111;1265;1364;1388;1,0,0,0;0;;
Vid1_0485.png;3;Zebrafish;1153;1290;1409;1407;1,0,0,0;0;;
Vid1_0486.png;3;Zebrafish;1189;1274;1432;1421;1,0,0,0;0;;
Vid1_0492.png;3;Zebrafish;1159;1347;1423;1434;0,0,0,0;0;;
Vid1_0493.png;3;Zebrafish;1119;1363;1394;1446;0,0,0,0;0;;
Vid1_0494.png;3;Zebrafish;1068;1375;1324;1467;0,0,0,0;0;;
Vid1_0495.png;3;Zebrafish;1015;1390;1288;1462;0,0,0,0;0;;
Vid1_0496.png;3;Zebrafish;964;1395;1241;1467;0,0,0,0;0;;
Vid1_0527.png;3;Zebrafish;558;1193;751;1309;1,0,0,0;0;;
Vid1_0528.png;3;Zebrafish;571;1183;772;1290;1,0,0,0;0;;
Vid1_0529.png;3;Zebrafish;565;1185;770;1299;1,0,0,0;0;;
Vid1_0535.png;3;Zebrafish;709;1159;939;1299;1,0,0,0;0;;
Vid1_0536.png;3;Zebrafish;703;1165;933;1297;1,0,0,0;0;;
Vid1_0551.png;3;Zebrafish;1373;1226;1646;1319;1,0,0,0;0;;
Vid1_0552.png;3;Zebrafish;1406;1217;1685;1306;1,0,0,0;0;;
Vid1_0553.png;3;Zebrafish;1475;1212;1715;1305;1,0,0,0;0;;
Vid1_0554.png;3;Zebrafish;1493;1205;1758;1302;1,0,0,0;0;;
Vid1_0556.png;3;Zebrafish;1563;1189;1806;1278;1,0,0,0;0;;
Vid1_0557.png;3;Zebrafish;1587;1176;1827;1273;1,0,0,0;0;;
Vid1_0558.png;3;Zebrafish;1619;1173;1858;1275;1,0,0,0;0;;
Vid1_0597.png;3;Zebrafish;923;1198;1146;1287;1,0,0,0;0;;
Vid1_0599.png;3;Zebrafish;953;1202;1169;1292;1,0,0,0;0;;
Vid1_0600.png;3;Zebrafish;970;1204;1176;1289;1,0,0,0;0;;
Vid1_0601.png;3;Zebrafish;968;1204;1174;1289;1,0,0,0;0;;
Vid1_0602.png;3;Zebrafish;999;1197;1205;1303;1,0,0,0;0;;
Vid1_0604.png;3;Zebrafish;1032;1217;1287;1308;1,0,0,0;0;;
Vid1_0605.png;3;Zebrafish;1078;1204;1333;1297;1,0,0,0;0;;
Vid1_0606.png;3;Zebrafish;1099;1197;1361;1287;1,0,0,0;0;;
Vid1_0607.png;3;Zebrafish;1126;1187;1385;1283;1,0,0,0;0;;
Vid1_0608.png;3;Zebrafish;1140;1174;1400;1281;1,0,0,0;0;;
Vid1_0609.png;3;Zebrafish;1149;1171;1400;1276;1,0,0,0;0;;
Vid1_0622.png;3;Zebrafish;1241;1012;1495;1097;0,0,0,0;0;;
Vid1_0623.png;3;Zebrafish;1227;1016;1480;1104;0,0,0,0;0;;
Vid1_0624.png;3;Zebrafish;1212;1022;1467;1111;0,0,0,0;0;;
Vid1_0629.png;3;Zebrafish;1210;957;1418;1106;1,0,0,0;0;;
Vid1_0631.png;3;Zebrafish;1232;928;1469;1055;1,0,0,0;0;;
Vid1_0632.png;3;Zebrafish;1251;920;1487;1041;1,0,0,0;0;;
Vid1_0633.png;3;Zebrafish;1265;914;1492;1017;1,0,0,0;0;;
Vid1_0634.png;3;Zebrafish;1290;913;1505;1012;1,0,0,0;0;;
Vid1_0635.png;3;Zebrafish;1334;903;1547;997;1,0,0,0;0;;
Vid1_0636.png;3;Zebrafish;1352;899;1566;990;1,0,0,0;0;;
Vid1_0637.png;3;Zebrafish;1374;894;1580;989;1,0,0,0;0;;
Vid1_0638.png;3;Zebrafish;1386;894;1582;989;1,0,0,0;0;;
Vid1_0640.png;3;Zebrafish;1461;868;1642;988;1,0,0,0;0;;
Vid1_0641.png;3;Zebrafish;1487;838;1670;957;1,0,0,0;0;;
Vid1_0647.png;3;Zebrafish;1406;818;1630;912;0,0,0,0;0;;
Vid1_0648.png;3;Zebrafish;1378;824;1622;924;0,0,0,0;0;;
Vid1_0649.png;3;Zebrafish;1366;831;1613;926;0,0,0,0;0;;
Vid1_0650.png;3;Zebrafish;1340;847;1585;937;0,0,0,0;0;;
Vid1_0651.png;3;Zebrafish;1333;852;1576;943;0,0,0,0;0;;
Vid1_0655.png;3;Zebrafish;1324;839;1541;945;1,0,0,0;0;;
Vid1_0656.png;3;Zebrafish;1361;822;1582;924;1,0,0,0;0;;
Vid1_0657.png;3;Zebrafish;1361;822;1582;924;1,0,0,0;0;;
Vid1_0658.png;3;Zebrafish;1412;803;1617;901;1,0,0,0;0;;
Vid1_0659.png;3;Zebrafish;1444;789;1654;886;1,0,0,0;0;;
Vid1_0660.png;3;Zebrafish;1454;789;1661;878;1,0,0,0;0;;
Vid1_0661.png;3;Zebrafish;1516;789;1707;872;1,0,0,0;0;;
Vid1_0662.png;3;Zebrafish;1526;789;1740;874;1,0,0,0;0;;
Vid1_0663.png;3;Zebrafish;1552;789;1753;877;1,0,0,0;0;;
Vid1_0664.png;3;Zebrafish;1591;800;1801;890;1,0,0,0;0;;
Vid1_0665.png;3;Zebrafish;1602;814;1832;903;1,0,0,0;0;;
Vid1_0666.png;3;Zebrafish;1594;813;1826;902;1,0,0,0;0;;
Vid1_0667.png;3;Zebrafish;1634;832;1854;926;1,0,0,0;0;;
Vid1_0668.png;3;Zebrafish;1688;836;1881;936;1,0,0,0;0;;
Vid1_0685.png;3;Zebrafish;1564;1038;1724;1139;1,0,0,0;0;;
Vid1_0707.png;3;Zebrafish;1527;1152;1790;1258;0,0,0,0;0;;
Vid1_0708.png;3;Zebrafish;1488;1171;1732;1263;0,0,0,0;0;;
Vid1_0709.png;3;Zebrafish;1447;1184;1722;1262;0,0,0,0;0;;
Vid1_0710.png;3;Zebrafish;1447;1184;1722;1262;0,0,0,0;0;;
Vid1_0711.png;3;Zebrafish;1390;1185;1667;1266;0,0,0,0;0;;
Vid1_0712.png;3;Zebrafish;1362;1185;1629;1274;0,0,0,0;0;;
Vid1_0713.png;3;Zebrafish;1367;1185;1637;1272;0,0,0,0;0;;
Vid1_0714.png;3;Zebrafish;1310;1190;1588;1271;0,0,0,0;0;;
Vid1_0715.png;3;Zebrafish;1293;1190;1569;1269;0,0,0,0;0;;
Vid1_0716.png;3;Zebrafish;1270;1190;1539;1272;0,0,0,0;0;;
Vid1_0717.png;3;Zebrafish;1192;1199;1471;1275;0,0,0,0;0;;
Vid1_0718.png;3;Zebrafish;1160;1202;1437;1280;0,0,0,0;0;;
Vid1_0719.png;3;Zebrafish;1132;1208;1408;1287;0,0,0,0;0;;
Vid1_0720.png;3;Zebrafish;1112;1210;1386;1292;0,0,0,0;0;;
Vid1_0721.png;3;Zebrafish;1090;1215;1365;1299;0,0,0,0;0;;
Vid1_0722.png;3;Zebrafish;1086;1216;1360;1300;0,0,0,0;0;;
Vid1_0723.png;3;Zebrafish;1053;1226;1327;1314;0,0,0,0;0;;
Vid1_0724.png;3;Zebrafish;1039;1233;1314;1322;0,0,0,0;0;;
Vid1_0725.png;3;Zebrafish;1025;1239;1303;1328;0,0,0,0;0;;
Vid1_0726.png;3;Zebrafish;1013;1249;1289;1336;0,0,0,0;0;;
Vid1_0727.png;3;Zebrafish;1014;1248;1290;1335;0,0,0,0;0;;
Vid1_0728.png;3;Zebrafish;991;1265;1266;1351;0,0,0,0;0;;
Vid1_0729.png;3;Zebrafish;981;1273;1257;1359;0,0,0,0;0;;
Vid1_0730.png;3;Zebrafish;973;1277;1250;1366;0,0,0,0;0;;
Vid1_0731.png;3;Zebrafish;964;1285;1242;1373;0,0,0,0;0;;
Vid1_0732.png;3;Zebrafish;956;1291;1234;1380;0,0,0,0;0;;
Vid1_0733.png;3;Zebrafish;937;1296;1196;1387;0,0,0,0;0;;
Vid1_0734.png;3;Zebrafish;905;1303;1182;1381;0,0,0,0;0;;
Vid1_0735.png;3;Zebrafish;878;1303;1152;1377;0,0,0,0;0;;
Vid1_0736.png;3;Zebrafish;854;1304;1129;1378;0,0,0,0;0;;
Vid1_0737.png;3;Zebrafish;837;1305;1111;1383;0,0,0,0;0;;
Vid1_0738.png;3;Zebrafish;817;1306;1092;1386;0,0,0,0;0;;
Vid1_0739.png;3;Zebrafish;798;1310;1074;1391;0,0,0,0;0;;
Vid1_0740.png;3;Zebrafish;780;1314;1056;1398;0,0,0,0;0;;
Vid1_0742.png;3;Zebrafish;751;1323;987;1411;0,0,0,0;0;;
Vid1_0743.png;3;Zebrafish;720;1325;966;1406;0,0,0,0;0;;
Vid1_0744.png;3;Zebrafish;724;1326;968;1406;0,0,0,0;0;;
Vid1_0745.png;3;Zebrafish;696;1326;937;1402;0,0,0,0;0;;
Vid1_0746.png;3;Zebrafish;668;1320;897;1400;0,0,0,0;0;;
Vid1_0747.png;3;Zebrafish;632;1320;857;1402;0,0,0,0;0;;
Vid1_0748.png;3;Zebrafish;618;1321;841;1403;0,0,0,0;0;;
Vid1_0749.png;3;Zebrafish;601;1323;825;1408;0,0,0,0;0;;
Vid1_0751.png;3;Zebrafish;573;1331;802;1414;0,0,0,0;0;;
Vid1_0752.png;3;Zebrafish;559;1334;794;1417;0,0,0,0;0;;
Vid1_0753.png;3;Zebrafish;546;1340;783;1425;0,0,0,0;0;;
Vid1_0754.png;3;Zebrafish;535;1344;771;1432;0,0,0,0;0;;
Vid1_0755.png;3;Zebrafish;525;1347;762;1443;0,0,0,0;0;;
Vid1_0757.png;3;Zebrafish;474;1347;716;1438;0,0,0,0;0;;
Vid1_0758.png;3;Zebrafish;452;1342;687;1444;0,0,0,0;0;;
Vid1_0759.png;3;Zebrafish;407;1336;656;1426;0,0,0,0;0;;
Vid1_0760.png;3;Zebrafish;378;1326;623;1407;0,0,0,0;0;;
Vid1_0761.png;3;Zebrafish;357;1323;608;1405;0,0,0,0;0;;
Vid1_0762.png;3;Zebrafish;336;1323;589;1411;0,0,0,0;0;;
Vid1_0763.png;3;Zebrafish;317;1321;567;1414;0,0,0,0;0;;
Vid1_0764.png;3;Zebrafish;300;1322;550;1416;0,0,0,0;0;;
Vid1_0765.png;3;Zebrafish;292;1323;541;1422;0,0,0,0;0;;
Vid1_0769.png;3;Zebrafish;266;1279;451;1459;0,0,0,0;0;;
Vid1_0770.png;3;Zebrafish;240;1255;439;1455;0,0,0,0;0;;
Vid1_0771.png;3;Zebrafish;216;1275;413;1473;0,0,0,0;0;;
Vid1_0772.png;3;Zebrafish;191;1301;414;1482;0,0,0,0;0;;
Vid1_0780.png;3;Zebrafish;193;1369;422;1474;1,0,0,0;0;;
Vid1_0781.png;3;Zebrafish;220;1386;455;1468;1,0,0,0;0;;
Vid1_0782.png;3;Zebrafish;217;1388;479;1466;1,0,0,0;0;;
Vid1_0783.png;3;Zebrafish;285;1391;553;1471;1,0,0,0;0;;
Vid1_0784.png;3;Zebrafish;312;1393;580;1474;1,0,0,0;0;;
Vid1_0785.png;3;Zebrafish;349;1390;599;1481;1,0,0,0;0;;
Vid1_0786.png;3;Zebrafish;382;1385;624;1477;1,0,0,0;0;;
Vid1_0787.png;3;Zebrafish;393;1385;653;1473;1,0,0,0;0;;
Vid1_0844.png;3;Zebrafish;1018;1382;1285;1466;0,0,0,0;0;;
Vid1_0845.png;3;Zebrafish;989;1383;1258;1462;0,0,0,0;0;;
Vid1_0846.png;3;Zebrafish;953;1378;1226;1457;0,0,0,0;0;;
Vid1_0847.png;3;Zebrafish;845;1376;1120;1454;0,0,0,0;0;;
Vid1_0848.png;3;Zebrafish;794;1376;1064;1456;0,0,0,0;0;;
Vid1_0849.png;3;Zebrafish;771;1371;1007;1456;0,0,0,0;0;;
Vid1_0850.png;3;Zebrafish;733;1360;971;1448;0,0,0,0;0;;
Vid1_0851.png;3;Zebrafish;703;1360;947;1447;0,0,0,0;0;;
Vid1_0852.png;3;Zebrafish;681;1346;931;1446;0,0,0,0;0;;
Vid1_0853.png;3;Zebrafish;684;1342;936;1446;0,0,0,0;0;;
Vid1_0855.png;3;Zebrafish;639;1361;874;1452;0,0,0,0;0;;
Vid1_0858.png;3;Zebrafish;617;1336;795;1447;1,0,0,0;0;;
Vid1_0859.png;3;Zebrafish;646;1324;858;1411;1,0,0,0;0;;
Vid1_0860.png;3;Zebrafish;661;1308;922;1383;1,0,0,0;0;;
Vid1_0861.png;3;Zebrafish;739;1294;982;1377;1,0,0,0;0;;
Vid1_0862.png;3;Zebrafish;754;1290;1018;1369;1,0,0,0;0;;
Vid1_0863.png;3;Zebrafish;829;1286;1087;1375;1,0,0,0;0;;
Vid1_0864.png;3;Zebrafish;881;1284;1150;1364;1,0,0,0;0;;
Vid1_0865.png;3;Zebrafish;958;1273;1222;1360;1,0,0,0;0;;
Vid1_0866.png;3;Zebrafish;1011;1274;1283;1353;1,0,0,0;0;;
Vid1_0867.png;3;Zebrafish;1073;1265;1347;1351;1,0,0,0;0;;
Vid1_0868.png;3;Zebrafish;1116;1261;1380;1350;1,0,0,0;0;;
Vid1_0869.png;3;Zebrafish;1187;1247;1459;1340;1,0,0,0;0;;
Vid1_0870.png;3;Zebrafish;1246;1230;1514;1326;1,0,0,0;0;;
Vid1_0871.png;3;Zebrafish;1258;1224;1531;1319;1,0,0,0;0;;
Vid1_0872.png;3;Zebrafish;1326;1195;1594;1303;1,0,0,0;0;;
Vid1_0873.png;3;Zebrafish;1383;1174;1645;1288;1,0,0,0;0;;
Vid1_0874.png;3;Zebrafish;1424;1158;1674;1261;1,0,0,0;0;;
Vid1_0888.png;3;Zebrafish;1439;1021;1662;1158;0,0,0,0;0;;
Vid1_0889.png;3;Zebrafish;1374;1063;1607;1163;0,0,0,0;0;;
Vid1_0890.png;3;Zebrafish;1328;1087;1600;1169;0,0,0,0;0;;
Vid1_0891.png;3;Zebrafish;1308;1087;1582;1170;0,0,0,0;0;;
Vid1_0892.png;3;Zebrafish;1264;1093;1536;1176;0,0,0,0;0;;
Vid1_0893.png;3;Zebrafish;1239;1091;1505;1186;0,0,0,0;0;;
Vid1_0894.png;3;Zebrafish;1222;1089;1480;1189;0,0,0,0;0;;
Vid1_0908.png;3;Zebrafish;573;1043;848;1136;0,0,0,0;0;;
Vid1_0909.png;3;Zebrafish;543;1037;820;1123;0,0,0,0;0;;
Vid1_0910.png;3;Zebrafish;548;1038;826;1125;0,0,0,0;0;;
Vid1_0911.png;3;Zebrafish;493;1025;763;1108;0,0,0,0;0;;
Vid1_0912.png;3;Zebrafish;488;1024;759;1107;0,0,0,0;0;;
Vid1_0913.png;3;Zebrafish;447;1016;708;1103;0,0,0,0;0;;
Vid1_0914.png;3;Zebrafish;397;1021;664;1114;0,0,0,0;0;;
Vid1_0915.png;3;Zebrafish;366;1031;627;1124;0,0,0,0;0;;
Vid1_0916.png;3;Zebrafish;351;1034;614;1131;0,0,0,0;0;;
Vid1_0917.png;3;Zebrafish;318;1043;584;1145;0,0,0,0;0;;
Vid1_0918.png;3;Zebrafish;297;1049;563;1154;0,0,0,0;0;;
Vid1_0919.png;3;Zebrafish;286;1055;552;1158;0,0,0,0;0;;
Vid1_0920.png;3;Zebrafish;268;1053;523;1173;0,0,0,0;0;;
Vid1_0929.png;3;Zebrafish;347;1148;547;1295;1,0,0,0;0;;
Vid1_0932.png;3;Zebrafish;391;1193;653;1325;1,0,0,0;0;;
Vid1_0933.png;3;Zebrafish;475;1223;724;1340;1,0,0,0;0;;
Vid1_0934.png;3;Zebrafish;464;1224;717;1337;1,0,0,0;0;;
Vid1_0935.png;3;Zebrafish;521;1259;786;1339;1,0,0,0;0;;
Vid1_0936.png;3;Zebrafish;543;1257;808;1338;1,0,0,0;0;;
Vid1_0937.png;3;Zebrafish;612;1251;880;1339;1,0,0,0;0;;
Vid1_0938.png;3;Zebrafish;648;1245;915;1337;1,0,0,0;0;;
Vid1_0939.png;3;Zebrafish;680;1242;946;1330;1,0,0,0;0;;
Vid1_0940.png;3;Zebrafish;713;1226;971;1321;1,0,0,0;0;;
Vid1_0941.png;3;Zebrafish;710;1229;968;1322;1,0,0,0;0;;
Vid1_0944.png;3;Zebrafish;819;1165;1026;1310;1,0,0,0;0;;
Vid1_0945.png;3;Zebrafish;827;1155;1037;1268;1,0,0,0;0;;
Vid1_0959.png;3;Zebrafish;1206;1203;1466;1307;1,0,0,0;0;;
Vid1_0960.png;3;Zebrafish;1237;1216;1501;1307;1,0,0,0;0;;
Vid1_0961.png;3;Zebrafish;1289;1223;1553;1310;1,0,0,0;0;;
Vid1_0962.png;3;Zebrafish;1360;1226;1607;1314;1,0,0,0;0;;
Vid1_0963.png;3;Zebrafish;1356;1226;1616;1314;1,0,0,0;0;;
Vid1_0964.png;3;Zebrafish;1414;1234;1683;1320;1,0,0,0;0;;
Vid1_0965.png;3;Zebrafish;1459;1236;1736;1327;1,0,0,0;0;;
Vid1_0966.png;3;Zebrafish;1499;1233;1757;1344;1,0,0,0;0;;
Vid1_0967.png;3;Zebrafish;1546;1254;1802;1342;1,0,0,0;0;;
Vid1_0968.png;3;Zebrafish;1576;1247;1818;1351;1,0,0,0;0;;
Vid1_0969.png;3;Zebrafish;1629;1250;1861;1342;1,0,0,0;0;;
Vid1_0970.png;3;Zebrafish;1663;1238;1877;1330;1,0,0,0;0;;
Vid1_0979.png;3;Zebrafish;1641;1318;1845;1415;0,0,0,0;0;;
Vid1_1001.png;3;Zebrafish;1286;1240;1544;1347;1,0,0,0;0;;
Vid1_1002.png;3;Zebrafish;1319;1228;1586;1334;1,0,0,0;0;;
Vid1_1003.png;3;Zebrafish;1363;1218;1622;1314;1,0,0,0;0;;
Vid1_1004.png;3;Zebrafish;1396;1205;1667;1296;1,0,0,0;0;;
Vid1_1005.png;3;Zebrafish;1441;1195;1710;1284;1,0,0,0;0;;
Vid1_1006.png;3;Zebrafish;1473;1187;1749;1272;1,0,0,0;0;;
Vid1_1007.png;3;Zebrafish;1514;1177;1784;1267;1,0,0,0;0;;
Vid1_1010.png;3;Zebrafish;1634;1151;1902;1247;1,0,0,0;0;;
Vid1_1011.png;3;Zebrafish;1629;1151;1900;1255;1,0,0,0;0;;
Vid1_1012.png;3;Zebrafish;1686;1135;1920;1237;1,0,0,0;0;;
Vid1_1053.png;3;Zebrafish;812;1256;1084;1360;0,0,0,0;0;;
Vid1_1054.png;3;Zebrafish;695;1227;968;1306;0,0,0,0;0;;
Vid1_1055.png;3;Zebrafish;647;1217;921;1302;0,0,0,0;0;;
Vid1_1056.png;3;Zebrafish;599;1210;861;1295;0,0,0,0;0;;
Vid1_1057.png;3;Zebrafish;563;1203;836;1286;0,0,0,0;0;;
Vid1_1058.png;3;Zebrafish;521;1194;788;1285;0,0,0,0;0;;
Vid1_1059.png;3;Zebrafish;513;1196;778;1286;0,0,0,0;0;;
Vid1_1060.png;3;Zebrafish;425;1194;693;1271;0,0,0,0;0;;
Vid1_1061.png;3;Zebrafish;386;1193;656;1269;0,0,0,0;0;;
Vid1_1062.png;3;Zebrafish;358;1192;629;1273;0,0,0,0;0;;
Vid1_1063.png;3;Zebrafish;329;1196;602;1278;0,0,0,0;0;;
Vid1_1064.png;3;Zebrafish;303;1199;576;1282;0,0,0,0;0;;
Vid1_1065.png;3;Zebrafish;299;1199;571;1282;0,0,0,0;0;;
Vid1_1066.png;3;Zebrafish;269;1204;542;1288;0,0,0,0;0;;
Vid1_1067.png;3;Zebrafish;244;1197;487;1291;0,0,0,0;0;;
Vid1_1068.png;3;Zebrafish;206;1193;470;1287;0,0,0,0;0;;
Vid1_1069.png;3;Zebrafish;208;1198;478;1285;0,0,0,0;0;;
Vid1_1070.png;3;Zebrafish;180;1160;409;1275;0,0,0,0;0;;
Vid1_1071.png;3;Zebrafish;156;1137;375;1238;0,0,0,0;0;;
Vid1_1072.png;3;Zebrafish;139;1118;371;1219;0,0,0,0;0;;
Vid1_1073.png;3;Zebrafish;122;1096;329;1225;0,0,0,0;0;;
Vid1_1078.png;3;Zebrafish;131;983;365;1060;1,0,0,0;0;;
Vid1_1079.png;3;Zebrafish;183;975;410;1069;1,0,0,0;0;;
Vid1_1080.png;3;Zebrafish;216;973;464;1069;1,0,0,0;0;;
Vid1_1081.png;3;Zebrafish;261;980;516;1056;1,0,0,0;0;;
Vid1_1082.png;3;Zebrafish;313;971;566;1063;1,0,0,0;0;;
Vid1_1083.png;3;Zebrafish;340;971;586;1060;1,0,0,0;0;;
Vid1_1084.png;3;Zebrafish;393;969;640;1063;1,0,0,0;0;;
Vid1_1085.png;3;Zebrafish;423;966;673;1060;1,0,0,0;0;;
Vid1_1086.png;3;Zebrafish;453;959;698;1067;1,0,0,0;0;;
Vid1_0004.png;3;Zebrafish;987;1418;1220;1499;0,0,0,0;0;;
Vid1_0005.png;2;Zebrafish;1104;1270;1358;1413;0,0,0,0;0;;
Vid1_0005.png;3;Zebrafish;938;1424;1193;1495;0,0,1,0;0;;
Vid1_0006.png;3;Zebrafish;938;1424;1193;1495;0,0,1,0;0;;
Vid1_0007.png;2;Zebrafish;1106;1271;1352;1414;0,0,0,0;0;;
Vid1_0007.png;3;Zebrafish;931;1424;1182;1497;0,0,1,0;0;;
Vid1_0006.png;2;Zebrafish;1104;1270;1358;1413;0,0,0,0;0;;
Vid1_0008.png;1;Zebrafish;1670;1397;1843;1493;0,1,0,0;0;;
Vid1_0008.png;2;Zebrafish;1077;1282;1325;1407;0,0,0,0;0;;
Vid1_0008.png;3;Zebrafish;865;1426;1118;1498;0,0,1,0;0;;
Vid1_0009.png;1;Zebrafish;1686;1395;1845;1484;0,1,0,0;0;;
Vid1_0009.png;2;Zebrafish;1050;1284;1327;1386;0,0,0,0;0;;
Vid1_0009.png;3;Zebrafish;835;1418;1081;1498;0,0,1,0;0;;
Vid1_0010.png;1;Zebrafish;1659;1392;1855;1483;0,1,0,0;0;;
Vid1_0010.png;3;Zebrafish;796;1420;1038;1497;0,0,1,0;0;;
Vid1_0011.png;1;Zebrafish;1640;1386;1860;1480;0,1,0,0;0;;
Vid1_0011.png;3;Zebrafish;768;1417;1016;1494;0,0,1,0;0;;
Vid1_0012.png;1;Zebrafish;1640;1386;1860;1480;0,1,0,0;0;;
Vid1_0012.png;3;Zebrafish;768;1417;1016;1494;0,0,1,0;0;;
Vid1_0013.png;1;Zebrafish;1637;1385;1865;1477;0,1,0,0;0;;
Vid1_0013.png;3;Zebrafish;764;1417;1012;1495;0,0,0,0;0;;
Vid1_0014.png;3;Zebrafish;712;1408;956;1494;0,0,0,0;0;;
Vid1_0015.png;3;Zebrafish;712;1408;956;1494;0,0,0,0;0;;
Vid1_0018.png;2;Zebrafish;982;1317;1281;1446;0,0,0,0;0;;
Vid1_0020.png;3;Zebrafish;490;1387;695;1498;0,1,0,0;0;;
Vid1_0021.png;3;Zebrafish;465;1380;673;1499;0,1,0,0;0;;
Vid1_0022.png;3;Zebrafish;415;1352;602;1498;0,1,0,0;0;;
Vid1_0023.png;1;Zebrafish;1482;1370;1838;1481;0,0,0,1;0;;
Vid1_0023.png;2;Zebrafish;918;1325;1211;1474;0,0,0,1;0;;
Vid1_0023.png;3;Zebrafish;396;1353;613;1497;0,0,0,1;0;;
Vid1_0024.png;3;Zebrafish;384;1353;608;1497;0,0,0,0;0;;
Vid1_0025.png;3;Zebrafish;323;1354;572;1488;0,0,0,0;0;;
Vid1_0026.png;3;Zebrafish;310;1367;557;1483;0,0,0,0;0;;
Vid1_0028.png;2;Zebrafish;891;1326;1189;1504;0,0,0,0;0;;
Vid1_0029.png;2;Zebrafish;880;1328;1182;1504;0,0,0,0;0;;
Vid1_0030.png;2;Zebrafish;883;1328;1181;1502;0,0,0,0;0;;
Vid1_0032.png;2;Zebrafish;850;1336;1147;1497;0,0,0,0;0;;
Vid1_0036.png;2;Zebrafish;807;1356;1111;1496;0,0,1,0;0;;
Vid1_0037.png;1;Zebrafish;1359;1375;1715;1510;0,0,0,1;0;;
Vid1_0037.png;3;Zebrafish;142;1359;368;1451;0,1,0,1;0;;
Vid1_0037.png;2;Zebrafish;800;1362;1111;1495;0,0,1,1;0;;
Vid1_0038.png;3;Zebrafish;155;1360;327;1445;0,1,0,0;0;;
Vid1_0038.png;2;Zebrafish;792;1368;1094;1495;0,0,1,0;0;;
Vid1_0039.png;3;Zebrafish;146;1351;325;1444;0,1,0,0;0;;
Vid1_0039.png;2;Zebrafish;781;1377;1092;1494;0,0,1,0;0;;
Vid1_0040.png;3;Zebrafish;151;1339;292;1435;1,1,0,0;0;;
Vid1_0040.png;2;Zebrafish;811;1379;1069;1494;0,1,0,0;0;;
Vid1_0041.png;3;Zebrafish;146;1337;277;1450;1,1,0,0;0;;
Vid1_0041.png;2;Zebrafish;829;1381;999;1499;1,1,1,0;0;;
Vid1_0042.png;3;Zebrafish;142;1337;269;1445;1,1,0,0;0;;
Vid1_0042.png;2;Zebrafish;829;1380;1009;1498;1,1,1,0;0;;
Vid1_0043.png;3;Zebrafish;146;1341;336;1461;1,1,0,0;0;;
Vid1_0043.png;2;Zebrafish;809;1383;998;1500;1,1,1,0;0;;
Vid1_0044.png;2;Zebrafish;770;1368;1029;1506;1,1,1,0;0;;
Vid1_0045.png;2;Zebrafish;757;1358;1058;1494;1,0,0,0;0;;
Vid1_0061.png;2;Zebrafish;1039;1263;1334;1429;1,0,0,0;0;;
Vid1_0062.png;2;Zebrafish;1063;1258;1362;1425;1,0,0,0;0;;
Vid1_0063.png;2;Zebrafish;1092;1257;1391;1417;1,0,0,0;0;;
Vid1_0064.png;2;Zebrafish;1105;1258;1418;1413;1,0,0,1;0;;
Vid1_0065.png;1;Zebrafish;1299;1341;1649;1492;0,0,1,0;0;;
Vid1_0065.png;2;Zebrafish;1134;1261;1435;1409;1,0,1,0;0;;
Vid1_0070.png;1;Zebrafish;1299;1326;1640;1493;0,0,1,0;0;;
Vid1_0070.png;2;Zebrafish;1235;1248;1533;1414;1,0,1,0;0;;
Vid1_0075.png;2;Zebrafish;1333;1240;1611;1400;1,0,1,0;0;;
Vid1_0066.png;1;Zebrafish;1300;1336;1643;1492;0,0,1,0;0;;
Vid1_0066.png;2;Zebrafish;1155;1261;1454;1412;1,0,1,0;0;;
Vid1_0067.png;1;Zebrafish;1301;1332;1650;1493;0,0,1,0;0;;
Vid1_0067.png;2;Zebrafish;1196;1257;1480;1401;1,0,1,0;0;;
Vid1_0068.png;1;Zebrafish;1299;1329;1639;1494;0,0,1,0;0;;
Vid1_0068.png;2;Zebrafish;1203;1253;1490;1413;1,0,1,0;0;;
Vid1_0069.png;1;Zebrafish;1299;1326;1642;1492;0,0,1,0;0;;
Vid1_0069.png;2;Zebrafish;1235;1248;1532;1413;1,0,1,0;0;;
Vid1_0071.png;1;Zebrafish;1299;1326;1640;1493;0,0,1,0;0;;
Vid1_0071.png;2;Zebrafish;1241;1247;1537;1412;1,0,1,0;0;;
Vid1_0072.png;3;Zebrafish;1132;1420;1389;1508;1,0,0,0;0;;
Vid1_0072.png;1;Zebrafish;1299;1321;1634;1489;0,0,1,0;0;;
Vid1_0072.png;2;Zebrafish;1289;1241;1585;1399;1,0,1,0;0;;
Vid1_0073.png;1;Zebrafish;1298;1317;1638;1490;0,0,1,0;0;;
Vid1_0073.png;2;Zebrafish;1329;1240;1607;1400;1,0,1,0;0;;
Vid1_0074.png;1;Zebrafish;1298;1317;1638;1490;0,0,1,0;0;;
Vid1_0074.png;2;Zebrafish;1329;1240;1607;1400;1,0,1,0;0;;
Vid1_0075.png;1;Zebrafish;1299;1317;1639;1489;0,0,1,0;0;;
Vid1_0076.png;3;Zebrafish;1226;1423;1483;1505;1,0,0,0;0;;
Vid1_0076.png;2;Zebrafish;1359;1240;1635;1397;1,0,1,0;0;;
Vid1_0076.png;1;Zebrafish;1299;1311;1639;1480;0,0,1,0;0;;
Vid1_0077.png;3;Zebrafish;1284;1422;1527;1500;1,0,0,0;0;;
Vid1_0077.png;2;Zebrafish;1426;1241;1647;1348;1,0,1,0;0;;
Vid1_0077.png;1;Zebrafish;1299;1308;1637;1480;0,0,1,0;0;;
Vid1_0078.png;3;Zebrafish;1318;1417;1582;1505;1,0,0,0;0;;
Vid1_0078.png;2;Zebrafish;1440;1243;1662;1348;1,0,1,0;0;;
Vid1_0078.png;1;Zebrafish;1299;1306;1637;1475;0,0,1,0;0;;
Vid1_0079.png;3;Zebrafish;1374;1425;1626;1506;1,0,1,0;0;;
Vid1_0079.png;2;Zebrafish;1446;1244;1667;1347;1,0,1,0;0;;
Vid1_0079.png;1;Zebrafish;1300;1304;1636;1474;0,0,1,0;0;;
Vid1_0080.png;3;Zebrafish;1415;1423;1669;1509;1,0,1,0;0;;
Vid1_0080.png;2;Zebrafish;1464;1250;1685;1351;1,0,1,0;0;;
Vid1_0080.png;1;Zebrafish;1302;1300;1639;1473;0,0,1,0;0;;
Vid1_0081.png;3;Zebrafish;1465;1423;1713;1510;1,0,1,0;0;;
Vid1_0081.png;2;Zebrafish;1464;1248;1675;1377;1,1,1,0;0;;
Vid1_0081.png;1;Zebrafish;1302;1300;1638;1478;0,0,1,0;0;;
Vid1_0082.png;3;Zebrafish;1486;1423;1744;1510;1,0,1,0;0;;
Vid1_0082.png;2;Zebrafish;1447;1242;1656;1383;1,1,1,0;0;;
Vid1_0082.png;1;Zebrafish;1301;1300;1637;1478;0,0,1,0;0;;
Vid1_0083.png;3;Zebrafish;1505;1415;1772;1513;1,0,1,0;0;;
Vid1_0083.png;2;Zebrafish;1491;1234;1647;1379;1,1,1,0;0;;
Vid1_0083.png;1;Zebrafish;1300;1301;1631;1475;0,0,1,0;0;;
Vid1_0086.png;3;Zebrafish;1581;1398;1806;1511;1,0,1,0;0;;
Vid1_0086.png;2;Zebrafish;1513;1231;1688;1392;0,1,1,0;0;;
Vid1_0086.png;1;Zebrafish;1302;1299;1633;1476;0,0,1,0;0;;
Vid1_0084.png;3;Zebrafish;1541;1409;1789;1512;1,0,1,0;0;;
Vid1_0084.png;2;Zebrafish;1524;1225;1659;1395;0,1,1,0;0;;
Vid1_0084.png;1;Zebrafish;1300;1301;1631;1475;0,0,1,0;0;;
Vid1_0085.png;3;Zebrafish;1538;1409;1787;1513;1,0,1,0;0;;
Vid1_0085.png;2;Zebrafish;1524;1225;1662;1397;0,1,1,0;0;;
Vid1_0085.png;1;Zebrafish;1300;1301;1631;1475;0,0,1,0;0;;
Vid1_0087.png;3;Zebrafish;1587;1395;1826;1510;1,0,1,0;0;;
Vid1_0087.png;2;Zebrafish;1482;1220;1732;1381;0,0,0,0;0;;
Vid1_0087.png;1;Zebrafish;1298;1301;1629;1474;0,0,1,0;0;;
Vid1_0088.png;3;Zebrafish;1587;1385;1837;1503;1,0,1,1;0;;
Vid1_0088.png;2;Zebrafish;1460;1210;1696;1366;0,0,0,0;0;;
Vid1_0088.png;1;Zebrafish;1296;1303;1637;1472;0,0,1,1;0;;
Vid1_0089.png;3;Zebrafish;1603;1367;1862;1480;1,0,1,0;0;;
Vid1_0089.png;2;Zebrafish;1445;1200;1721;1375;0,0,0,0;0;;
Vid1_0089.png;1;Zebrafish;1294;1305;1638;1471;0,0,1,0;0;;
Vid1_0090.png;3;Zebrafish;1628;1382;1892;1465;1,0,1,0;0;;
Vid1_0090.png;2;Zebrafish;1418;1188;1701;1371;0,0,0,0;0;;
Vid1_0090.png;1;Zebrafish;1294;1308;1639;1474;0,0,1,0;0;;
Vid1_0091.png;2;Zebrafish;1396;1176;1670;1361;0,0,0,0;0;;
Vid1_0091.png;1;Zebrafish;1294;1312;1633;1477;0,0,0,0;0;;
Vid1_0092.png;2;Zebrafish;1399;1178;1670;1361;0,0,0,0;0;;
Vid1_0092.png;1;Zebrafish;1294;1312;1633;1477;0,0,0,0;0;;
Vid1_0093.png;3;Zebrafish;1739;1364;1893;1455;1,1,0,0;0;;
Vid1_0093.png;2;Zebrafish;1360;1159;1645;1357;0,0,0,0;0;;
Vid1_0093.png;1;Zebrafish;1294;1314;1638;1478;0,0,0,0;0;;
Vid1_0094.png;3;Zebrafish;1779;1345;1887;1436;1,1,0,0;0;;
Vid1_0094.png;2;Zebrafish;1330;1145;1602;1340;0,0,0,0;0;;
Vid1_0094.png;1;Zebrafish;1294;1316;1634;1482;0,0,0,0;0;;
Vid1_0095.png;3;Zebrafish;1777;1346;1885;1438;1,1,0,0;0;;
Vid1_0095.png;2;Zebrafish;1334;1147;1606;1339;0,0,0,0;0;;
Vid1_0095.png;1;Zebrafish;1293;1316;1635;1481;0,0,0,0;0;;
Vid1_0096.png;3;Zebrafish;1817;1327;1898;1418;1,1,0,0;0;;
Vid1_0096.png;2;Zebrafish;1298;1136;1585;1333;0,0,0,0;0;;
Vid1_0097.png;3;Zebrafish;1783;1294;1904;1411;0,1,0,0;0;;
Vid1_0098.png;3;Zebrafish;1752;1263;1922;1393;0,0,0,0;0;;
Vid1_0099.png;3;Zebrafish;1752;1263;1922;1393;0,0,0,0;0;;
Vid1_0100.png;3;Zebrafish;1747;1258;1921;1390;0,0,0,0;0;;
Vid1_0111.png;3;Zebrafish;1491;1073;1730;1214;0,0,0,0;0;;
Vid1_0116.png;2;Zebrafish;1026;1056;1309;1250;0,0,0,0;0;;
Vid1_0122.png;2;Zebrafish;926;1025;1207;1214;0,0,0,0;0;;
Vid1_0139.png;2;Zebrafish;779;1046;1076;1213;0,0,0,0;0;;
Vid1_0141.png;3;Zebrafish;604;817;818;914;0,0,0,0;0;;
Vid1_0142.png;3;Zebrafish;606;816;834;914;0,0,0,0;0;;
Vid1_0143.png;3;Zebrafish;568;816;813;908;0,0,0,0;0;;
Vid1_0144.png;3;Zebrafish;572;800;791;907;0,1,0,0;0;;
Vid1_0145.png;3;Zebrafish;560;806;797;906;0,1,0,0;0;;
Vid1_0146.png;3;Zebrafish;597;806;683;904;1,1,0,0;0;;
Vid1_0147.png;3;Zebrafish;578;796;699;894;1,1,0,0;0;;
Vid1_0148.png;3;Zebrafish;609;784;747;880;1,1,0,0;0;;
Vid1_0149.png;3;Zebrafish;608;785;738;881;1,1,0,0;0;;
Vid1_0154.png;3;Zebrafish;617;785;835;879;1,1,0,0;0;;
Vid1_0155.png;3;Zebrafish;705;784;834;874;0,1,0,0;0;;
Vid1_0156.png;3;Zebrafish;705;784;834;874;0,1,0,0;0;;
Vid1_0157.png;3;Zebrafish;721;784;837;873;0,1,0,0;0;;
Vid1_0158.png;3;Zebrafish;728;785;839;869;0,1,0,0;0;;
Vid1_0159.png;3;Zebrafish;728;783;888;852;0,1,0,0;0;;
Vid1_0160.png;3;Zebrafish;728;783;888;852;0,1,0,0;0;;
Vid1_0161.png;3;Zebrafish;728;783;898;852;0,1,0,0;0;;
Vid1_0162.png;3;Zebrafish;674;784;857;855;0,1,0,0;0;;
Vid1_0163.png;3;Zebrafish;674;784;857;855;0,1,0,0;0;;
Vid1_0164.png;3;Zebrafish;669;784;866;852;0,1,0,0;0;;
Vid1_0173.png;2;Zebrafish;487;991;774;1174;0,0,0,0;0;;
Vid1_0173.png;3;Zebrafish;435;792;705;876;0,0,0,1;0;;
Vid1_0174.png;2;Zebrafish;488;990;775;1173;0,0,0,0;0;;
Vid1_0175.png;1;Zebrafish;753;1119;1072;1337;0,0,1,0;0;;
Vid1_0175.png;2;Zebrafish;483;995;779;1175;0,0,1,0;0;;
Vid1_0176.png;1;Zebrafish;750;1119;1071;1335;0,0,1,0;0;;
Vid1_0176.png;2;Zebrafish;483;996;782;1174;0,0,1,0;0;;
Vid1_0177.png;1;Zebrafish;742;1103;1060;1317;0,0,1,0;0;;
Vid1_0177.png;2;Zebrafish;476;1010;763;1172;0,0,1,0;0;;
Vid1_0178.png;1;Zebrafish;734;1092;1043;1315;0,0,1,0;0;;
Vid1_0178.png;2;Zebrafish;470;1016;752;1177;0,0,1,0;0;;
Vid1_0179.png;1;Zebrafish;734;1094;1045;1316;0,0,1,0;0;;
Vid1_0179.png;2;Zebrafish;472;1015;753;1178;0,0,1,0;0;;
Vid1_0180.png;1;Zebrafish;709;1070;1016;1301;0,0,1,0;0;;
Vid1_0180.png;2;Zebrafish;464;1022;749;1184;0,0,1,0;0;;
Vid1_0181.png;1;Zebrafish;682;1057;992;1277;0,0,1,0;0;;
Vid1_0181.png;2;Zebrafish;455;1030;744;1191;0,0,1,0;0;;
Vid1_0182.png;1;Zebrafish;685;1059;990;1280;0,0,1,0;0;;
Vid1_0182.png;2;Zebrafish;457;1029;744;1191;0,0,1,0;0;;
Vid1_0183.png;1;Zebrafish;658;1048;972;1259;0,0,1,0;0;;
Vid1_0183.png;2;Zebrafish;448;1037;748;1191;0,0,1,0;0;;
Vid1_0184.png;1;Zebrafish;638;1043;959;1240;0,0,0,0;0;;
Vid1_0184.png;2;Zebrafish;439;1041;727;1210;0,0,0,0;0;;
Vid1_0185.png;1;Zebrafish;631;1041;955;1227;0,0,0,1;0;;
Vid1_0185.png;2;Zebrafish;434;1044;729;1210;0,0,0,1;0;;
Vid1_0186.png;1;Zebrafish;612;1040;948;1218;0,0,0,0;0;;
Vid1_0186.png;2;Zebrafish;426;1046;719;1217;0,0,0,0;0;;
Vid1_0187.png;3;Zebrafish;202;859;404;971;0,1,0,0;0;;
Vid1_0187.png;1;Zebrafish;605;1027;935;1205;0,0,0,0;0;;
Vid1_0187.png;2;Zebrafish;417;1048;706;1224;0,0,0,0;0;;
Vid1_0188.png;3;Zebrafish;201;859;383;978;0,1,0,0;0;;
Vid1_0188.png;1;Zebrafish;598;1024;922;1204;0,0,0,0;0;;
Vid1_0188.png;2;Zebrafish;412;1051;702;1228;0,0,0,0;0;;
Vid1_0189.png;3;Zebrafish;186;841;362;1004;0,1,0,0;0;;
Vid1_0189.png;1;Zebrafish;578;1018;903;1210;0,0,0,0;0;;
Vid1_0189.png;2;Zebrafish;396;1053;686;1225;0,0,0,0;0;;
Vid1_0190.png;3;Zebrafish;182;852;331;1031;0,1,0,0;0;;
Vid1_0190.png;1;Zebrafish;560;1018;894;1203;0,0,0,0;0;;
Vid1_0190.png;2;Zebrafish;387;1056;682;1236;0,0,0,0;0;;
Vid1_0191.png;3;Zebrafish;190;855;333;1063;0,1,0,0;0;;
Vid1_0191.png;1;Zebrafish;545;1018;885;1194;0,0,0,0;0;;
Vid1_0191.png;2;Zebrafish;379;1060;674;1242;0,0,0,0;0;;
Vid1_0192.png;3;Zebrafish;192;907;281;1096;0,1,0,0;0;;
Vid1_0192.png;1;Zebrafish;532;1018;873;1185;0,0,0,0;0;;
Vid1_0192.png;2;Zebrafish;375;1064;665;1242;0,0,0,0;0;;
Vid1_0193.png;3;Zebrafish;194;903;284;1089;0,1,0,0;0;;
Vid1_0193.png;1;Zebrafish;532;1018;873;1185;0,0,0,0;0;;
Vid1_0193.png;2;Zebrafish;375;1064;665;1242;0,0,0,0;0;;
Vid1_0194.png;3;Zebrafish;205;946;307;1129;0,1,0,0;0;;
Vid1_0194.png;1;Zebrafish;520;1011;851;1173;0,0,0,0;0;;
Vid1_0194.png;2;Zebrafish;363;1077;661;1251;0,0,0,0;0;;
Vid1_0195.png;3;Zebrafish;202;965;273;1134;0,1,0,0;0;;
Vid1_0195.png;1;Zebrafish;480;998;803;1187;0,0,0,0;0;;
Vid1_0195.png;2;Zebrafish;353;1097;653;1257;0,0,0,0;0;;
Vid1_0196.png;3;Zebrafish;199;973;307;1152;0,1,0,0;0;;
Vid1_0196.png;1;Zebrafish;452;987;784;1172;0,0,0,0;0;;
Vid1_0196.png;2;Zebrafish;348;1111;653;1263;0,0,0,0;0;;
Vid1_0197.png;3;Zebrafish;201;990;302;1165;0,1,0,0;0;;
Vid1_0197.png;1;Zebrafish;425;980;746;1166;0,0,0,0;0;;
Vid1_0197.png;2;Zebrafish;346;1121;643;1266;0,0,0,0;0;;
Vid1_0198.png;3;Zebrafish;199;1007;307;1185;0,1,0,0;0;;
Vid1_0198.png;1;Zebrafish;393;974;732;1150;0,0,0,0;0;;
Vid1_0198.png;2;Zebrafish;332;1131;620;1267;0,0,0,0;0;;
Vid1_0199.png;3;Zebrafish;199;1010;292;1185;0,1,0,0;0;;
Vid1_0199.png;1;Zebrafish;397;975;735;1152;0,0,0,0;0;;
Vid1_0199.png;2;Zebrafish;333;1130;622;1266;0,0,0,0;0;;
Vid1_0200.png;3;Zebrafish;211;1040;286;1216;0,1,0,0;0;;
Vid1_0200.png;2;Zebrafish;318;1143;623;1288;0,0,0,0;0;;
Vid1_0201.png;3;Zebrafish;211;1040;283;1216;0,1,0,0;0;;
Vid1_0201.png;2;Zebrafish;318;1145;623;1291;0,0,0,0;0;;
Vid1_0202.png;3;Zebrafish;211;1040;283;1216;0,1,0,0;0;;
Vid1_0202.png;2;Zebrafish;316;1148;620;1293;0,0,0,0;0;;
Vid1_0203.png;3;Zebrafish;208;1076;329;1223;0,1,0,0;0;;
Vid1_0203.png;2;Zebrafish;309;1156;615;1302;0,0,0,0;0;;
Vid1_0204.png;3;Zebrafish;212;1097;322;1214;0,1,0,0;0;;
Vid1_0204.png;2;Zebrafish;307;1159;612;1305;0,0,0,0;0;;
Vid1_0205.png;3;Zebrafish;182;1140;312;1227;1,1,1,0;0;;
Vid1_0205.png;2;Zebrafish;304;1179;599;1324;0,0,1,0;0;;
Vid1_0206.png;3;Zebrafish;225;1146;351;1236;1,1,1,0;0;;
Vid1_0206.png;2;Zebrafish;313;1190;588;1325;0,0,1,0;0;;
Vid1_0207.png;1;Zebrafish;274;974;617;1117;0,0,0,0;0;;
Vid1_0207.png;3;Zebrafish;190;1145;376;1238;1,1,1,0;0;;
Vid1_0207.png;2;Zebrafish;313;1198;558;1321;0,0,1,0;0;;
Vid1_0208.png;1;Zebrafish;310;955;517;1098;0,1,0,0;0;;
Vid1_0208.png;3;Zebrafish;224;1139;395;1245;1,1,0,0;0;;
Vid1_0208.png;2;Zebrafish;308;1205;548;1328;0,0,0,0;0;;
Vid1_0209.png;1;Zebrafish;302;960;534;1096;0,1,0,0;0;;
Vid1_0209.png;3;Zebrafish;218;1139;393;1243;1,1,1,0;0;;
Vid1_0209.png;2;Zebrafish;309;1204;551;1328;0,0,1,0;0;;
Vid1_0210.png;1;Zebrafish;329;913;457;1148;1,1,0,0;0;;
Vid1_0210.png;3;Zebrafish;201;1133;407;1242;1,0,0,0;0;;
Vid1_0210.png;2;Zebrafish;301;1216;533;1338;0,0,0,0;0;;
Vid1_0211.png;1;Zebrafish;275;1000;525;1161;1,1,0,0;0;;
Vid1_0211.png;3;Zebrafish;262;1127;431;1222;1,0,0,0;0;;
Vid1_0211.png;2;Zebrafish;294;1229;519;1355;0,0,0,0;0;;
Vid1_0212.png;1;Zebrafish;269;1003;534;1163;1,1,0,0;0;;
Vid1_0212.png;3;Zebrafish;258;1125;432;1217;1,0,0,0;0;;
Vid1_0212.png;2;Zebrafish;294;1229;519;1355;0,0,0,0;0;;
Vid1_0213.png;1;Zebrafish;275;1048;587;1187;1,0,1,0;0;;
Vid1_0213.png;3;Zebrafish;232;1108;444;1203;1,0,1,0;0;;
Vid1_0213.png;2;Zebrafish;286;1241;510;1377;0,0,0,0;0;;
Vid1_0214.png;1;Zebrafish;403;1046;675;1265;1,0,0,0;0;;
Vid1_0214.png;3;Zebrafish;242;1102;453;1195;1,0,1,0;0;;
Vid1_0214.png;2;Zebrafish;286;1251;511;1388;0,0,0,0;0;;
Vid1_0215.png;1;Zebrafish;430;1076;760;1312;1,0,1,1;0;;
Vid1_0215.png;3;Zebrafish;247;1102;458;1190;1,0,1,1;0;;
Vid1_0215.png;2;Zebrafish;285;1260;508;1398;0,0,0,1;0;;
Vid1_0216.png;2;Zebrafish;288;1269;503;1408;0,0,0,0;0;;
Vid1_0217.png;2;Zebrafish;288;1280;498;1425;0,0,0,0;0;;
Vid1_0218.png;1;Zebrafish;565;1236;912;1357;1,0,0,1;0;;
Vid1_0218.png;2;Zebrafish;296;1282;495;1426;0,0,0,1;0;;
Vid1_0219.png;2;Zebrafish;311;1284;484;1417;1,1,0,0;0;;
Vid1_0220.png;2;Zebrafish;295;1295;458;1425;1,1,0,0;0;;
Vid1_0221.png;2;Zebrafish;277;1294;488;1430;1,1,0,0;0;;
Vid1_0222.png;2;Zebrafish;258;1293;509;1419;1,1,0,0;0;;
Vid1_0233.png;1;Zebrafish;917;1308;1274;1430;1,0,0,0;0;;
Vid1_0234.png;3;Zebrafish;783;1239;1011;1335;1,1,0,0;0;;
Vid1_0234.png;1;Zebrafish;930;1307;1287;1436;1,0,0,0;0;;
Vid1_0235.png;3;Zebrafish;841;1229;1009;1324;1,1,0,0;0;;
Vid1_0235.png;1;Zebrafish;942;1306;1300;1434;1,0,0,0;0;;
Vid1_0236.png;3;Zebrafish;841;1229;1009;1324;1,1,0,0;0;;
Vid1_0236.png;1;Zebrafish;942;1306;1300;1434;1,0,0,0;0;;
Vid1_0237.png;3;Zebrafish;854;1214;1049;1336;1,1,0,0;0;;
Vid1_0237.png;1;Zebrafish;956;1306;1313;1428;1,0,0,0;0;;
Vid1_0238.png;3;Zebrafish;931;1224;1113;1351;1,0,1,0;0;;
Vid1_0238.png;1;Zebrafish;965;1305;1326;1430;1,0,1,0;0;;
Vid1_0239.png;3;Zebrafish;927;1214;1107;1345;1,0,1,0;0;;
Vid1_0239.png;1;Zebrafish;963;1305;1323;1429;1,0,1,0;0;;
Vid1_0240.png;3;Zebrafish;957;1256;1194;1368;1,0,1,0;0;;
Vid1_0240.png;1;Zebrafish;978;1302;1337;1425;1,0,1,0;0;;
Vid1_0241.png;3;Zebrafish;1013;1281;1263;1390;1,0,1,0;0;;
Vid1_0241.png;1;Zebrafish;992;1302;1349;1418;1,0,1,0;0;;
Vid1_0242.png;3;Zebrafish;1044;1301;1319;1391;1,0,1,0;0;;
Vid1_0242.png;1;Zebrafish;996;1301;1354;1419;1,0,1,0;0;;
Vid1_0243.png;3;Zebrafish;1083;1306;1354;1394;1,0,1,0;0;;
Vid1_0243.png;1;Zebrafish;999;1302;1357;1421;1,0,1,0;0;;
Vid1_0244.png;3;Zebrafish;1157;1310;1428;1404;1,0,1,0;0;;
Vid1_0244.png;1;Zebrafish;1008;1303;1364;1427;1,0,1,0;0;;
Vid1_0245.png;3;Zebrafish;1222;1316;1491;1403;1,0,1,0;0;;
Vid1_0245.png;1;Zebrafish;1025;1307;1371;1433;1,0,1,0;0;;
Vid1_0246.png;3;Zebrafish;1265;1316;1534;1408;1,0,1,0;0;;
Vid1_0246.png;1;Zebrafish;1018;1305;1372;1440;1,0,1,0;0;;
Vid1_0247.png;3;Zebrafish;1314;1324;1589;1414;1,0,1,0;0;;
Vid1_0247.png;1;Zebrafish;1031;1302;1382;1437;1,0,1,0;0;;
Vid1_0248.png;3;Zebrafish;1322;1323;1596;1415;1,0,1,0;0;;
Vid1_0248.png;1;Zebrafish;1031;1302;1382;1437;1,0,1,0;0;;
Vid1_0249.png;2;Zebrafish;774;1265;1070;1432;1,0,0,0;0;;
Vid1_0249.png;3;Zebrafish;1450;1325;1589;1429;1,1,0,0;0;;
Vid1_0249.png;1;Zebrafish;1033;1298;1389;1431;1,0,0,0;0;;
Vid1_0250.png;2;Zebrafish;798;1259;1096;1426;1,0,0,0;0;;
Vid1_0250.png;3;Zebrafish;1448;1318;1578;1414;0,1,0,0;0;;
Vid1_0250.png;1;Zebrafish;1038;1295;1394;1433;1,0,0,0;0;;
Vid1_0251.png;2;Zebrafish;816;1255;1112;1425;1,0,0,0;0;;
Vid1_0251.png;3;Zebrafish;1423;1311;1584;1425;0,1,0,0;0;;
Vid1_0251.png;1;Zebrafish;1049;1292;1396;1429;1,0,0,0;0;;
Vid1_0252.png;2;Zebrafish;830;1255;1125;1425;1,0,0,0;0;;
Vid1_0252.png;3;Zebrafish;1402;1317;1568;1430;0,1,0,0;0;;
Vid1_0252.png;1;Zebrafish;1044;1289;1399;1424;1,0,0,0;0;;
Vid1_0253.png;2;Zebrafish;853;1255;1139;1417;1,0,0,0;0;;
Vid1_0253.png;3;Zebrafish;1370;1334;1600;1440;0,1,0,0;0;;
Vid1_0253.png;1;Zebrafish;1050;1286;1402;1426;1,0,0,0;0;;
Vid1_0254.png;2;Zebrafish;879;1254;1167;1410;1,0,0,0;0;;
Vid1_0254.png;1;Zebrafish;1051;1282;1403;1423;1,0,0,0;0;;
Vid1_0255.png;2;Zebrafish;897;1249;1191;1404;1,0,0,0;0;;
Vid1_0255.png;1;Zebrafish;1053;1280;1405;1422;1,0,0,0;0;;
Vid1_0256.png;2;Zebrafish;915;1245;1214;1397;1,0,0,0;0;;
Vid1_0256.png;1;Zebrafish;1056;1280;1408;1420;1,0,0,0;0;;
Vid1_0257.png;2;Zebrafish;909;1246;1209;1400;1,0,0,0;0;;
Vid1_0257.png;1;Zebrafish;1056;1280;1408;1420;1,0,0,0;0;;
Vid1_0258.png;2;Zebrafish;967;1238;1252;1394;1,0,1,0;0;;
Vid1_0258.png;1;Zebrafish;1059;1274;1413;1420;1,0,1,0;0;;
Vid1_0259.png;2;Zebrafish;999;1228;1292;1380;1,0,1,0;0;;
Vid1_0259.png;1;Zebrafish;1064;1274;1417;1415;1,0,1,0;0;;
Vid1_0260.png;3;Zebrafish;1081;1402;1350;1483;0,0,0,0;0;;
Vid1_0260.png;2;Zebrafish;1037;1217;1328;1361;1,0,1,0;0;;
Vid1_0260.png;1;Zebrafish;1067;1273;1420;1414;1,0,1,0;0;;
Vid1_0261.png;3;Zebrafish;1076;1401;1348;1482;0,0,0,0;0;;
Vid1_0261.png;2;Zebrafish;1042;1216;1334;1349;1,0,1,0;0;;
Vid1_0261.png;1;Zebrafish;1069;1273;1420;1414;1,0,1,0;0;;
Vid1_0262.png;3;Zebrafish;1017;1404;1297;1486;0,0,1,0;0;;
Vid1_0262.png;2;Zebrafish;1096;1204;1393;1349;1,0,1,0;0;;
Vid1_0262.png;1;Zebrafish;1074;1271;1425;1416;1,0,1,0;0;;
Vid1_0263.png;3;Zebrafish;995;1408;1275;1487;0,0,1,0;0;;
Vid1_0263.png;2;Zebrafish;1126;1199;1419;1342;1,0,1,0;0;;
Vid1_0263.png;1;Zebrafish;1069;1271;1424;1414;1,0,1,0;0;;
Vid1_0264.png;3;Zebrafish;973;1408;1251;1491;0,0,1,0;0;;
Vid1_0264.png;2;Zebrafish;1146;1195;1451;1333;1,0,1,0;0;;
Vid1_0264.png;1;Zebrafish;1077;1271;1431;1413;1,0,1,0;0;;
Vid1_0265.png;3;Zebrafish;977;1408;1253;1491;0,0,1,0;0;;
Vid1_0265.png;2;Zebrafish;1144;1195;1445;1333;1,0,1,0;0;;
Vid1_0265.png;1;Zebrafish;1074;1271;1427;1412;1,0,1,0;0;;
Vid1_0266.png;3;Zebrafish;926;1415;1189;1496;0,0,0,0;0;;
Vid1_0266.png;2;Zebrafish;1197;1195;1495;1298;1,0,1,0;0;;
Vid1_0266.png;1;Zebrafish;1074;1267;1427;1422;1,0,1,0;0;;
Vid1_0267.png;3;Zebrafish;914;1402;1131;1492;0,0,0,0;0;;
Vid1_0267.png;2;Zebrafish;1281;1191;1521;1278;1,0,1,0;0;;
Vid1_0267.png;1;Zebrafish;1076;1267;1426;1411;1,0,1,0;0;;
Vid1_0268.png;3;Zebrafish;916;1402;1147;1493;0,0,0,0;0;;
Vid1_0268.png;2;Zebrafish;1279;1191;1516;1277;1,0,1,0;0;;
Vid1_0268.png;1;Zebrafish;1074;1267;1424;1411;1,0,1,0;0;;
Vid1_0269.png;3;Zebrafish;873;1387;1122;1483;0,0,0,0;0;;
Vid1_0269.png;2;Zebrafish;1334;1184;1561;1288;1,0,1,0;0;;
Vid1_0269.png;1;Zebrafish;1068;1258;1424;1415;1,0,1,0;0;;
Vid1_0270.png;2;Zebrafish;1369;1172;1596;1306;1,0,1,0;0;;
Vid1_0270.png;1;Zebrafish;1072;1262;1425;1408;1,0,1,0;0;;
Vid1_0271.png;2;Zebrafish;1379;1161;1630;1298;1,0,1,0;0;;
Vid1_0271.png;1;Zebrafish;1067;1262;1422;1395;1,0,1,0;0;;
Vid1_0272.png;3;Zebrafish;850;1348;1012;1451;0,1,0,0;0;;
Vid1_0272.png;2;Zebrafish;1385;1154;1654;1332;1,0,1,0;0;;
Vid1_0272.png;1;Zebrafish;1069;1259;1420;1398;1,0,1,0;0;;
Vid1_0273.png;3;Zebrafish;857;1347;962;1430;1,1,0,0;0;;
Vid1_0273.png;2;Zebrafish;1388;1149;1685;1321;1,0,1,0;0;;
Vid1_0273.png;1;Zebrafish;1065;1257;1416;1397;1,0,1,0;0;;
Vid1_0274.png;3;Zebrafish;851;1340;1009;1422;1,1,0,0;0;;
Vid1_0274.png;2;Zebrafish;1410;1145;1708;1313;1,0,0,0;0;;
Vid1_0274.png;1;Zebrafish;1067;1256;1419;1396;1,0,0,0;0;;
Vid1_0275.png;3;Zebrafish;820;1333;1057;1412;1,1,0,0;0;;
Vid1_0276.png;1;Zebrafish;1064;1256;1416;1392;1,0,1,0;0;;
Vid1_0276.png;3;Zebrafish;838;1332;1102;1412;1,0,1,0;0;;
Vid1_0277.png;1;Zebrafish;1064;1256;1416;1381;1,0,1,0;0;;
Vid1_0277.png;3;Zebrafish;880;1332;1139;1427;1,0,1,0;0;;
Vid1_0278.png;2;Zebrafish;1505;1135;1724;1276;1,1,0,0;0;;
Vid1_0278.png;1;Zebrafish;1082;1254;1420;1374;1,0,1,0;0;;
Vid1_0278.png;3;Zebrafish;934;1343;1188;1423;1,0,1,0;0;;
Vid1_0279.png;2;Zebrafish;1552;1137;1712;1265;1,1,0,0;0;;
Vid1_0279.png;1;Zebrafish;1089;1252;1431;1373;1,0,1,0;0;;
Vid1_0279.png;3;Zebrafish;957;1349;1231;1432;1,0,1,0;0;;
Vid1_0280.png;2;Zebrafish;1586;1130;1716;1280;0,1,0,0;0;;
Vid1_0280.png;1;Zebrafish;1083;1251;1442;1379;1,0,1,0;0;;
Vid1_0280.png;3;Zebrafish;1018;1358;1281;1448;1,0,1,0;0;;
Vid1_0281.png;2;Zebrafish;1562;1121;1710;1286;0,1,0,0;0;;
Vid1_0281.png;1;Zebrafish;1094;1249;1452;1389;1,0,0,0;0;;
Vid1_0281.png;3;Zebrafish;1057;1373;1329;1455;1,0,0,0;0;;
Vid1_0282.png;2;Zebrafish;1525;1120;1732;1263;0,1,0,0;0;;
Vid1_0282.png;1;Zebrafish;1102;1248;1458;1390;1,0,0,0;0;;
Vid1_0282.png;3;Zebrafish;1107;1377;1375;1465;1,0,0,0;0;;
Vid1_0283.png;2;Zebrafish;1502;1110;1758;1246;0,1,0,0;0;;
Vid1_0283.png;3;Zebrafish;1139;1386;1408;1469;1,0,0,0;0;;
Vid1_0287.png;1;Zebrafish;1128;1244;1479;1403;1,0,0,0;0;;
Vid1_0288.png;1;Zebrafish;1132;1242;1482;1403;1,0,0,0;0;;
Vid1_0289.png;2;Zebrafish;1331;1005;1611;1196;0,0,0,1;0;;
Vid1_0293.png;3;Zebrafish;1429;1321;1683;1427;1,0,0,1;0;;
Vid1_0294.png;3;Zebrafish;1470;1296;1692;1420;1,0,0,0;0;;
Vid1_0295.png;2;Zebrafish;1181;949;1481;1143;0,0,0,1;0;;
Vid1_0295.png;3;Zebrafish;1489;1272;1722;1433;1,0,0,0;0;;
Vid1_0296.png;3;Zebrafish;1536;1249;1726;1380;1,1,0,0;0;;
Vid1_0297.png;3;Zebrafish;1598;1230;1712;1364;0,1,0,0;0;;
Vid1_0298.png;3;Zebrafish;1601;1235;1712;1366;0,1,0,0;0;;
Vid1_0299.png;3;Zebrafish;1559;1203;1701;1333;0,1,0,0;0;;
Vid1_0300.png;2;Zebrafish;1095;919;1379;1117;0,0,0,1;0;;
Vid1_0300.png;3;Zebrafish;1525;1176;1692;1310;0,1,0,0;0;;
Vid1_0301.png;3;Zebrafish;1509;1155;1725;1304;0,0,0,0;0;;
Vid1_0302.png;3;Zebrafish;1480;1133;1711;1281;0,0,0,0;0;;
Vid1_0303.png;3;Zebrafish;1443;1110;1690;1256;0,0,0,0;0;;
Vid1_0304.png;3;Zebrafish;1412;1089;1676;1228;0,0,0,0;0;;
Vid1_0305.png;3;Zebrafish;1415;1091;1680;1232;0,0,0,0;0;;
Vid1_0315.png;2;Zebrafish;872;945;1168;1093;0,0,1,0;0;;
Vid1_0315.png;3;Zebrafish;1156;1008;1430;1098;0,0,1,0;0;;
Vid1_0316.png;2;Zebrafish;874;943;1170;1092;0,0,1,0;0;;
Vid1_0316.png;3;Zebrafish;1156;1007;1432;1099;0,0,1,0;0;;
Vid1_0317.png;2;Zebrafish;847;964;1157;1108;0,0,1,0;0;;
Vid1_0317.png;3;Zebrafish;1141;1011;1418;1100;0,0,1,0;0;;
Vid1_0318.png;2;Zebrafish;840;970;1151;1114;0,0,1,0;0;;
Vid1_0318.png;3;Zebrafish;1139;1013;1415;1102;0,0,1,0;0;;
Vid1_0319.png;2;Zebrafish;820;989;1139;1128;0,0,1,0;0;;
Vid1_0319.png;3;Zebrafish;1120;1027;1361;1116;0,0,1,0;0;;
Vid1_0320.png;2;Zebrafish;802;1009;1122;1148;0,0,0,0;0;;
Vid1_0320.png;3;Zebrafish;1099;1039;1333;1124;0,0,0,0;0;;
Vid1_0321.png;2;Zebrafish;792;1019;1100;1158;0,0,1,0;0;;
Vid1_0321.png;3;Zebrafish;1062;1035;1320;1130;0,0,1,0;0;;
Vid1_0322.png;2;Zebrafish;777;1029;1074;1167;0,0,0,0;0;;
Vid1_0322.png;3;Zebrafish;1035;1032;1283;1127;0,0,0,0;0;;
Vid1_0323.png;2;Zebrafish;759;1040;1073;1168;0,0,0,0;0;;
Vid1_0323.png;3;Zebrafish;1007;1024;1268;1119;0,0,0,0;0;;
Vid1_0324.png;2;Zebrafish;742;1053;1057;1177;0,0,0,0;0;;
Vid1_0324.png;3;Zebrafish;968;1012;1223;1120;0,0,0,0;0;;
Vid1_0325.png;3;Zebrafish;936;1003;1193;1112;0,0,0,0;0;;
Vid1_0326.png;3;Zebrafish;941;1005;1191;1114;0,0,0,0;0;;
Vid1_0327.png;3;Zebrafish;896;995;1161;1098;0,0,0,0;0;;
Vid1_0331.png;1;Zebrafish;1570;1328;1797;1437;1,1,0,0;0;;
Vid1_0332.png;1;Zebrafish;1582;1328;1796;1436;1,1,0,0;0;;
Vid1_0333.png;1;Zebrafish;1618;1329;1788;1432;1,1,0,0;0;;
Vid1_0334.png;1;Zebrafish;1619;1321;1828;1423;0,1,0,0;0;;
Vid1_0335.png;1;Zebrafish;1586;1320;1844;1416;0,1,0,0;0;;
Vid1_0338.png;1;Zebrafish;1482;1337;1842;1422;0,0,0,1;0;;
Vid1_0344.png;2;Zebrafish;512;1296;812;1405;0,1,0,0;0;;
Vid1_0345.png;2;Zebrafish;535;1301;772;1421;0,1,0,0;0;;
Vid1_0346.png;2;Zebrafish;540;1306;735;1423;0,1,0,0;0;;
Vid1_0347.png;2;Zebrafish;540;1306;740;1423;0,1,0,0;0;;
Vid1_0348.png;3;Zebrafish;509;971;731;1066;0,0,0,0;0;;
Vid1_0348.png;2;Zebrafish;526;1312;715;1441;0,1,0,0;0;;
Vid1_0349.png;3;Zebrafish;463;964;677;1086;0,0,0,0;0;;
Vid1_0349.png;2;Zebrafish;509;1323;680;1440;1,1,0,0;0;;
Vid1_0350.png;3;Zebrafish;458;967;659;1089;0,0,0,0;0;;
Vid1_0350.png;2;Zebrafish;506;1324;685;1441;1,1,0,0;0;;
Vid1_0351.png;2;Zebrafish;469;1324;717;1445;1,1,0,0;0;;
Vid1_0362.png;3;Zebrafish;212;1136;433;1261;0,0,0,0;0;;
Vid1_0363.png;3;Zebrafish;189;1120;399;1281;0,0,0,0;0;;
Vid1_0364.png;3;Zebrafish;202;1160;352;1286;0,1,0,0;0;;
Vid1_0365.png;3;Zebrafish;201;1181;310;1298;1,1,0,0;0;;
Vid1_0366.png;3;Zebrafish;180;1192;336;1316;1,1,0,0;0;;
Vid1_0367.png;3;Zebrafish;177;1193;338;1314;1,1,0,0;0;;
Vid1_0368.png;3;Zebrafish;197;1217;413;1323;1,0,0,0;0;;
Vid1_0369.png;2;Zebrafish;802;1290;1055;1443;1,0,0,0;0;;
Vid1_0373.png;2;Zebrafish;881;1256;1165;1404;1,0,0,1;0;;
Vid1_0373.png;3;Zebrafish;395;1303;670;1382;1,0,0,1;0;;
Vid1_0383.png;2;Zebrafish;1086;1222;1368;1404;1,0,0,0;0;;
Vid1_0383.png;3;Zebrafish;825;1326;1101;1413;1,0,0,0;0;;
Vid1_0384.png;2;Zebrafish;1104;1213;1397;1404;1,0,0,0;0;;
Vid1_0384.png;3;Zebrafish;859;1329;1128;1420;1,0,0,0;0;;
Vid1_0385.png;2;Zebrafish;1104;1213;1397;1404;1,0,0,0;0;;
Vid1_0385.png;3;Zebrafish;856;1332;1124;1417;1,0,0,0;0;;
Vid1_0386.png;2;Zebrafish;1127;1205;1418;1392;1,0,0,0;0;;
Vid1_0386.png;3;Zebrafish;872;1326;1146;1420;1,0,0,0;0;;
Vid1_0387.png;1;Zebrafish;994;1425;1345;1509;0,0,1,0;0;;
Vid1_0387.png;3;Zebrafish;918;1336;1178;1430;1,0,1,0;0;;
Vid1_0388.png;1;Zebrafish;987;1424;1344;1507;0,0,1,0;0;;
Vid1_0388.png;3;Zebrafish;954;1343;1220;1437;1,0,1,0;0;;
Vid1_0389.png;1;Zebrafish;979;1427;1329;1508;0,0,1,0;0;;
Vid1_0389.png;3;Zebrafish;975;1348;1246;1443;1,0,1,0;0;;
Vid1_0390.png;1;Zebrafish;972;1428;1307;1503;0,0,1,0;0;;
Vid1_0390.png;3;Zebrafish;986;1352;1264;1445;1,0,1,0;0;;
Vid1_0391.png;1;Zebrafish;960;1426;1313;1502;0,0,1,0;0;;
Vid1_0391.png;3;Zebrafish;1011;1351;1281;1448;1,0,1,0;0;;
Vid1_0392.png;1;Zebrafish;948;1422;1301;1502;0,0,1,0;0;;
Vid1_0392.png;3;Zebrafish;1044;1360;1302;1450;1,0,1,0;0;;
Vid1_0393.png;1;Zebrafish;942;1421;1286;1501;0,0,1,0;0;;
Vid1_0393.png;3;Zebrafish;1044;1360;1328;1449;1,0,1,0;0;;
Vid1_0394.png;1;Zebrafish;931;1416;1272;1502;0,0,1,0;0;;
Vid1_0394.png;3;Zebrafish;1061;1358;1343;1440;1,0,1,0;0;;
Vid1_0395.png;1;Zebrafish;923;1415;1272;1503;0,0,1,0;0;;
Vid1_0395.png;3;Zebrafish;1083;1356;1351;1446;1,0,1,1;0;;
Vid1_0396.png;1;Zebrafish;908;1415;1255;1503;0,0,1,0;0;;
Vid1_0396.png;3;Zebrafish;1120;1357;1387;1446;1,0,1,0;0;;
Vid1_0397.png;1;Zebrafish;906;1419;1256;1504;0,0,1,0;0;;
Vid1_0397.png;3;Zebrafish;1120;1357;1393;1444;1,0,1,0;0;;
Vid1_0398.png;1;Zebrafish;898;1421;1243;1505;0,0,1,0;0;;
Vid1_0398.png;3;Zebrafish;1136;1358;1413;1439;1,0,1,0;0;;
Vid1_0399.png;1;Zebrafish;872;1421;1223;1505;0,0,1,0;0;;
Vid1_0400.png;1;Zebrafish;862;1421;1215;1502;0,0,1,0;0;;
Vid1_0401.png;2;Zebrafish;1432;1099;1713;1297;1,0,0,1;0;;
Vid1_0401.png;1;Zebrafish;850;1421;1201;1503;0,0,1,0;0;;
Vid1_0402.png;1;Zebrafish;840;1421;1189;1505;0,0,1,0;0;;
Vid1_0403.png;1;Zebrafish;833;1421;1188;1505;0,0,1,0;0;;
Vid1_0404.png;1;Zebrafish;835;1421;1190;1505;0,0,1,0;0;;
Vid1_0405.png;2;Zebrafish;1473;1092;1760;1283;1,0,1,0;0;;
Vid1_0405.png;3;Zebrafish;1345;1261;1605;1395;1,0,1,0;0;;
Vid1_0405.png;1;Zebrafish;821;1424;1176;1505;0,0,1,0;0;;
Vid1_0406.png;2;Zebrafish;1487;1087;1781;1273;1,0,1,0;0;;
Vid1_0406.png;3;Zebrafish;1378;1245;1636;1379;1,0,1,0;0;;
Vid1_0406.png;1;Zebrafish;813;1426;1162;1501;0,0,1,0;0;;
Vid1_0407.png;2;Zebrafish;1505;1087;1791;1270;1,0,1,0;0;;
Vid1_0407.png;3;Zebrafish;1391;1235;1657;1371;1,0,1,0;0;;
Vid1_0407.png;1;Zebrafish;807;1426;1162;1501;0,0,1,0;0;;
Vid1_0408.png;2;Zebrafish;1512;1087;1802;1270;1,0,1,0;0;;
Vid1_0408.png;3;Zebrafish;1410;1227;1676;1362;1,0,1,0;0;;
Vid1_0408.png;1;Zebrafish;802;1425;1157;1502;0,0,1,0;0;;
Vid1_0409.png;2;Zebrafish;1528;1087;1806;1265;1,0,1,1;0;;
Vid1_0409.png;3;Zebrafish;1425;1219;1695;1355;1,0,1,0;0;;
Vid1_0409.png;1;Zebrafish;798;1426;1151;1503;0,0,1,0;0;;
Vid1_0410.png;2;Zebrafish;1535;1085;1811;1270;1,0,1,0;0;;
Vid1_0410.png;3;Zebrafish;1452;1212;1709;1343;1,0,1,0;0;;
Vid1_0410.png;1;Zebrafish;794;1426;1145;1501;0,0,1,0;0;;
Vid1_0411.png;2;Zebrafish;1544;1085;1814;1269;1,0,1,0;0;;
Vid1_0411.png;3;Zebrafish;1479;1205;1724;1340;1,0,1,0;0;;
Vid1_0411.png;1;Zebrafish;789;1423;1144;1501;0,0,1,0;0;;
Vid1_0412.png;2;Zebrafish;1554;1082;1813;1276;1,0,1,0;0;;
Vid1_0412.png;3;Zebrafish;1479;1199;1740;1337;1,0,1,0;0;;
Vid1_0412.png;1;Zebrafish;786;1426;1137;1501;0,0,1,0;0;;
Vid1_0413.png;2;Zebrafish;1551;1082;1818;1280;1,0,1,0;0;;
Vid1_0413.png;3;Zebrafish;1477;1200;1737;1336;1,0,1,0;0;;
Vid1_0413.png;1;Zebrafish;786;1426;1137;1501;0,0,1,0;0;;
Vid1_0414.png;2;Zebrafish;1587;1082;1805;1256;1,1,1,0;0;;
Vid1_0414.png;3;Zebrafish;1516;1189;1772;1319;1,0,1,0;0;;
Vid1_0414.png;1;Zebrafish;781;1426;1130;1502;0,0,1,0;0;;
Vid1_0415.png;2;Zebrafish;1611;1082;1797;1258;1,1,1,0;0;;
Vid1_0415.png;3;Zebrafish;1532;1179;1800;1306;1,0,1,0;0;;
Vid1_0415.png;1;Zebrafish;776;1424;1129;1501;0,0,1,0;0;;
Vid1_0416.png;2;Zebrafish;1615;1081;1806;1255;1,1,1,1;0;;
Vid1_0416.png;3;Zebrafish;1553;1175;1817;1303;1,0,1,0;0;;
Vid1_0416.png;1;Zebrafish;775;1426;1128;1500;0,0,1,0;0;;
Vid1_0417.png;2;Zebrafish;1636;1081;1809;1238;1,1,1,0;0;;
Vid1_0417.png;3;Zebrafish;1566;1173;1830;1297;1,0,1,0;0;;
Vid1_0417.png;1;Zebrafish;770;1426;1123;1500;0,0,1,0;0;;
Vid1_0418.png;2;Zebrafish;1664;1081;1796;1238;1,1,1,0;0;;
Vid1_0418.png;3;Zebrafish;1580;1173;1848;1293;1,0,1,0;0;;
Vid1_0418.png;1;Zebrafish;766;1425;1119;1500;0,0,1,0;0;;
Vid1_0419.png;2;Zebrafish;1667;1081;1791;1239;1,1,1,0;0;;
Vid1_0419.png;3;Zebrafish;1582;1173;1849;1291;1,0,1,0;0;;
Vid1_0419.png;1;Zebrafish;766;1425;1119;1500;0,0,1,0;0;;
Vid1_0420.png;2;Zebrafish;1685;1075;1787;1260;1,1,1,0;0;;
Vid1_0420.png;3;Zebrafish;1596;1172;1864;1289;1,0,1,0;0;;
Vid1_0420.png;1;Zebrafish;762;1426;1119;1500;0,0,1,0;0;;
Vid1_0421.png;2;Zebrafish;1698;1071;1792;1266;0,1,1,0;0;;
Vid1_0421.png;3;Zebrafish;1625;1158;1873;1279;1,0,1,0;0;;
Vid1_0421.png;1;Zebrafish;760;1426;1112;1501;0,0,1,0;0;;
Vid1_0422.png;2;Zebrafish;1648;1083;1822;1239;0,1,1,0;0;;
Vid1_0422.png;3;Zebrafish;1715;1129;1863;1257;1,1,1,0;0;;
Vid1_0422.png;1;Zebrafish;756;1425;1107;1501;0,0,1,0;0;;
Vid1_0423.png;2;Zebrafish;1644;1083;1823;1241;0,1,1,0;0;;
Vid1_0423.png;3;Zebrafish;1722;1126;1867;1256;1,1,1,0;0;;
Vid1_0423.png;1;Zebrafish;756;1425;1107;1501;0,0,1,0;0;;
Vid1_0424.png;2;Zebrafish;1618;1081;1859;1215;0,1,1,0;0;;
Vid1_0424.png;3;Zebrafish;1808;1097;1885;1254;1,1,1,0;0;;
Vid1_0424.png;1;Zebrafish;754;1425;1102;1502;0,0,1,0;0;;
Vid1_0425.png;2;Zebrafish;1593;1086;1876;1234;0,0,1,0;0;;
Vid1_0425.png;3;Zebrafish;1814;1076;1890;1199;0,1,1,0;0;;
Vid1_0425.png;1;Zebrafish;751;1425;1095;1502;0,0,1,0;0;;
Vid1_0426.png;2;Zebrafish;1579;1092;1866;1235;0,0,1,0;0;;
Vid1_0426.png;3;Zebrafish;1810;1066;1884;1196;0,1,1,0;0;;
Vid1_0426.png;1;Zebrafish;748;1425;1092;1501;0,0,1,0;0;;
Vid1_0427.png;2;Zebrafish;1570;1098;1859;1239;0,0,1,0;0;;
Vid1_0427.png;3;Zebrafish;1810;1061;1901;1195;0,1,1,0;0;;
Vid1_0427.png;1;Zebrafish;744;1425;1094;1501;0,0,1,0;0;;
Vid1_0428.png;2;Zebrafish;1559;1100;1850;1247;0,0,0,0;0;;
Vid1_0428.png;3;Zebrafish;1808;1055;1892;1189;0,1,0,0;0;;
Vid1_0428.png;1;Zebrafish;740;1425;1083;1501;0,0,1,0;0;;
Vid1_0429.png;3;Zebrafish;1807;1051;1881;1184;0,1,0,0;0;;
Vid1_0429.png;1;Zebrafish;734;1425;1071;1502;0,0,1,0;0;;
Vid1_0430.png;3;Zebrafish;1803;1050;1875;1178;0,1,0,0;0;;
Vid1_0430.png;1;Zebrafish;726;1426;1064;1502;0,0,1,0;0;;
Vid1_0431.png;3;Zebrafish;1791;1045;1873;1169;0,1,0,0;0;;
Vid1_0431.png;1;Zebrafish;719;1425;1060;1501;0,0,1,0;0;;
Vid1_0432.png;3;Zebrafish;1739;1035;1890;1138;0,1,0,0;0;;
Vid1_0432.png;1;Zebrafish;710;1424;1053;1501;0,0,1,0;0;;
Vid1_0433.png;3;Zebrafish;1706;1021;1911;1127;0,1,0,0;0;;
Vid1_0433.png;1;Zebrafish;701;1425;1043;1502;0,0,1,0;0;;
Vid1_0434.png;1;Zebrafish;694;1425;1034;1502;0,0,1,0;0;;
Vid1_0435.png;1;Zebrafish;688;1425;1032;1501;0,0,1,0;0;;
Vid1_0436.png;1;Zebrafish;681;1424;1017;1500;0,0,1,0;0;;
Vid1_0437.png;1;Zebrafish;676;1424;1003;1500;0,0,1,0;0;;
Vid1_0438.png;1;Zebrafish;670;1422;1007;1503;0,0,1,0;0;;
Vid1_0439.png;1;Zebrafish;665;1422;1008;1502;0,0,1,0;0;;
Vid1_0440.png;1;Zebrafish;660;1422;1002;1502;0,0,1,0;0;;
Vid1_0441.png;1;Zebrafish;657;1422;990;1502;0,0,1,0;0;;
Vid1_0442.png;1;Zebrafish;657;1422;995;1502;0,0,1,0;0;;
Vid1_0443.png;1;Zebrafish;652;1422;996;1501;0,0,1,0;0;;
Vid1_0444.png;1;Zebrafish;652;1422;996;1501;0,0,1,0;0;;
Vid1_0445.png;1;Zebrafish;648;1422;975;1502;0,0,1,0;0;;
Vid1_0446.png;1;Zebrafish;647;1422;971;1502;0,0,1,0;0;;
Vid1_0447.png;1;Zebrafish;646;1422;982;1502;0,0,1,0;0;;
Vid1_0448.png;1;Zebrafish;642;1420;980;1503;0,0,1,0;0;;
Vid1_0449.png;1;Zebrafish;641;1420;961;1502;0,0,1,0;0;;
Vid1_0450.png;2;Zebrafish;1277;1132;1562;1276;0,0,0,1;0;;
Vid1_0450.png;1;Zebrafish;641;1420;976;1502;0,0,1,0;0;;
Vid1_0451.png;1;Zebrafish;641;1420;980;1502;0,0,1,0;0;;
Vid1_0452.png;1;Zebrafish;640;1420;979;1502;0,0,1,0;0;;
Vid1_0453.png;1;Zebrafish;640;1420;979;1502;0,0,1,0;0;;
Vid1_0454.png;1;Zebrafish;640;1420;964;1502;0,0,1,0;0;;
Vid1_0455.png;1;Zebrafish;640;1420;979;1502;0,0,1,0;0;;
Vid1_0456.png;1;Zebrafish;640;1418;970;1502;0,0,1,0;0;;
Vid1_0457.png;1;Zebrafish;640;1421;964;1503;0,0,1,0;0;;
Vid1_0458.png;1;Zebrafish;640;1421;978;1503;0,0,1,0;0;;
Vid1_0459.png;1;Zebrafish;641;1417;972;1503;0,0,1,0;0;;
Vid1_0460.png;1;Zebrafish;641;1418;971;1502;0,0,1,0;0;;
Vid1_0461.png;1;Zebrafish;641;1418;975;1503;0,0,1,0;0;;
Vid1_0462.png;1;Zebrafish;640;1418;975;1503;0,0,1,0;0;;
Vid1_0463.png;1;Zebrafish;639;1416;969;1502;0,0,1,0;0;;
Vid1_0464.png;3;Zebrafish;852;1061;1076;1148;0,0,0,0;0;;
Vid1_0464.png;1;Zebrafish;637;1415;967;1502;0,0,1,0;0;;
Vid1_0465.png;3;Zebrafish;871;1043;1001;1137;0,1,0,0;0;;
Vid1_0465.png;1;Zebrafish;637;1415;965;1502;0,0,1,0;0;;
Vid1_0466.png;3;Zebrafish;868;1043;960;1134;1,1,0,0;0;;
Vid1_0466.png;1;Zebrafish;637;1415;975;1503;0,0,1,0;0;;
Vid1_0467.png;2;Zebrafish;1061;1229;1354;1378;0,0,0,0;0;;
Vid1_0467.png;3;Zebrafish;861;1044;965;1138;1,1,0,0;0;;
Vid1_0467.png;1;Zebrafish;635;1415;979;1503;0,0,1,0;0;;
Vid1_0468.png;3;Zebrafish;841;1034;977;1149;1,1,0,0;0;;
Vid1_0468.png;1;Zebrafish;634;1415;972;1503;0,0,1,0;0;;
Vid1_0469.png;3;Zebrafish;835;1028;979;1151;1,1,0,0;0;;
Vid1_0469.png;1;Zebrafish;632;1416;965;1504;0,0,1,0;0;;
Vid1_0470.png;3;Zebrafish;853;1018;991;1159;1,1,0,0;0;;
Vid1_0470.png;1;Zebrafish;634;1414;964;1504;0,0,1,0;0;;
Vid1_0471.png;3;Zebrafish;857;1034;1005;1172;1,0,0,0;0;;
Vid1_0471.png;1;Zebrafish;632;1407;956;1497;0,0,1,0;0;;
Vid1_0472.png;3;Zebrafish;861;1026;1034;1186;1,0,0,0;0;;
Vid1_0472.png;1;Zebrafish;630;1404;960;1496;0,0,1,0;0;;
Vid1_0473.png;3;Zebrafish;876;1035;1038;1189;1,0,0,0;0;;
Vid1_0473.png;1;Zebrafish;630;1404;960;1496;0,0,1,0;0;;
Vid1_0475.png;2;Zebrafish;932;1231;1212;1394;0,0,0,1;0;;
Vid1_0476.png;3;Zebrafish;904;1107;1135;1256;1,0,0,0;0;;
Vid1_0476.png;2;Zebrafish;907;1233;1194;1411;0,0,0,0;0;;
Vid1_0477.png;3;Zebrafish;912;1141;1162;1280;1,0,0,0;0;;
Vid1_0477.png;2;Zebrafish;883;1238;1163;1427;0,0,0,0;0;;
Vid1_0478.png;3;Zebrafish;974;1161;1198;1291;1,0,0,0;0;;
Vid1_0478.png;2;Zebrafish;866;1237;1152;1426;0,0,0,0;0;;
Vid1_0479.png;3;Zebrafish;967;1189;1232;1308;1,0,0,0;0;;
Vid1_0479.png;2;Zebrafish;844;1238;1130;1432;0,0,0,0;0;;
Vid1_0480.png;3;Zebrafish;1005;1197;1262;1324;1,0,0,0;0;;
Vid1_0480.png;2;Zebrafish;829;1237;1104;1435;0,0,0,0;0;;
Vid1_0481.png;2;Zebrafish;812;1233;1092;1425;0,0,0,0;0;;
Vid1_0482.png;2;Zebrafish;785;1228;1059;1427;0,0,0,0;0;;
Vid1_0483.png;2;Zebrafish;788;1228;1064;1427;0,0,0,0;0;;
Vid1_0484.png;2;Zebrafish;739;1222;1031;1411;0,0,0,0;0;;
Vid1_0485.png;2;Zebrafish;706;1222;1000;1398;0,0,0,0;0;;
Vid1_0486.png;2;Zebrafish;691;1220;974;1393;0,0,0,0;0;;
Vid1_0487.png;3;Zebrafish;1230;1304;1419;1405;1,1,0,0;0;;
Vid1_0487.png;2;Zebrafish;673;1216;955;1388;0,0,0,0;0;;
Vid1_0488.png;3;Zebrafish;1310;1308;1409;1397;0,1,0,0;0;;
Vid1_0488.png;2;Zebrafish;646;1210;931;1382;0,0,0,0;0;;
Vid1_0489.png;3;Zebrafish;1272;1309;1421;1402;0,1,0,0;0;;
Vid1_0489.png;2;Zebrafish;624;1203;911;1384;0,0,0,0;0;;
Vid1_0490.png;3;Zebrafish;1247;1296;1431;1416;0,1,0,0;0;;
Vid1_0490.png;2;Zebrafish;599;1197;891;1380;0,0,0,0;0;;
Vid1_0491.png;3;Zebrafish;1251;1297;1425;1414;0,1,0,0;0;;
Vid1_0491.png;2;Zebrafish;603;1198;894;1380;0,0,0,0;0;;
Vid1_0492.png;2;Zebrafish;568;1188;855;1370;0,0,0,0;0;;
Vid1_0493.png;2;Zebrafish;551;1184;839;1369;0,0,0,0;0;;
Vid1_0494.png;2;Zebrafish;559;1179;828;1356;0,1,0,0;0;;
Vid1_0495.png;2;Zebrafish;582;1177;786;1332;0,1,0,0;0;;
Vid1_0496.png;2;Zebrafish;581;1173;771;1340;0,1,0,0;0;;
Vid1_0497.png;1;Zebrafish;611;1325;943;1481;0,0,1,0;0;;
Vid1_0497.png;3;Zebrafish;922;1395;1198;1478;0,0,1,0;0;;
Vid1_0497.png;2;Zebrafish;566;1166;753;1350;0,1,1,0;0;;
Vid1_0498.png;1;Zebrafish;614;1323;936;1476;0,0,1,0;0;;
Vid1_0498.png;3;Zebrafish;891;1402;1158;1485;0,0,1,0;0;;
Vid1_0498.png;2;Zebrafish;556;1161;730;1358;0,1,1,0;0;;
Vid1_0499.png;1;Zebrafish;615;1319;933;1475;0,0,1,0;0;;
Vid1_0499.png;3;Zebrafish;852;1404;1131;1484;0,0,1,0;0;;
Vid1_0499.png;2;Zebrafish;540;1153;715;1350;0,1,1,0;0;;
Vid1_0500.png;1;Zebrafish;615;1319;933;1433;0,0,1,0;0;;
Vid1_0500.png;3;Zebrafish;821;1404;1098;1482;0,0,1,0;0;;
Vid1_0500.png;2;Zebrafish;549;1151;689;1305;0,1,1,0;0;;
Vid1_0501.png;1;Zebrafish;615;1318;932;1434;0,0,1,0;0;;
Vid1_0501.png;3;Zebrafish;821;1404;1098;1482;0,0,1,0;0;;
Vid1_0501.png;2;Zebrafish;555;1151;700;1311;1,1,1,0;0;;
Vid1_0502.png;1;Zebrafish;621;1314;937;1429;0,0,1,0;0;;
Vid1_0502.png;3;Zebrafish;781;1404;1062;1483;0,0,1,0;0;;
Vid1_0502.png;2;Zebrafish;505;1152;710;1309;1,1,1,1;0;;
Vid1_0503.png;1;Zebrafish;625;1312;933;1427;0,0,1,0;0;;
Vid1_0503.png;3;Zebrafish;752;1402;1027;1487;0,0,1,0;0;;
Vid1_0504.png;1;Zebrafish;627;1311;942;1434;0,0,1,0;0;;
Vid1_0504.png;3;Zebrafish;732;1414;1006;1492;0,0,1,0;0;;
Vid1_0505.png;1;Zebrafish;627;1311;942;1430;0,0,1,0;0;;
Vid1_0505.png;3;Zebrafish;729;1414;1003;1492;0,0,1,0;0;;
Vid1_0506.png;1;Zebrafish;632;1307;958;1452;0,0,1,0;0;;
Vid1_0506.png;3;Zebrafish;700;1421;974;1501;0,0,1,0;0;;
Vid1_0507.png;1;Zebrafish;635;1304;952;1465;0,0,1,0;0;;
Vid1_0507.png;3;Zebrafish;689;1413;951;1504;0,0,1,0;0;;
Vid1_0508.png;2;Zebrafish;594;1113;877;1256;1,0,0,1;0;;
Vid1_0508.png;1;Zebrafish;637;1302;933;1456;0,0,1,0;0;;
Vid1_0508.png;3;Zebrafish;657;1416;928;1505;0,0,1,0;0;;
Vid1_0509.png;1;Zebrafish;639;1300;954;1452;0,0,0,0;0;;
Vid1_0509.png;3;Zebrafish;636;1411;910;1501;0,0,1,0;0;;
Vid1_0510.png;1;Zebrafish;640;1299;960;1456;0,0,0,0;0;;
Vid1_0510.png;3;Zebrafish;612;1405;884;1500;0,0,0,0;0;;
Vid1_0511.png;1;Zebrafish;643;1296;948;1463;0,0,0,0;0;;
Vid1_0511.png;3;Zebrafish;593;1397;861;1495;0,0,0,0;0;;
Vid1_0512.png;2;Zebrafish;665;1125;971;1255;1,0,0,0;0;;
Vid1_0512.png;1;Zebrafish;642;1296;950;1459;0,0,1,0;0;;
Vid1_0512.png;3;Zebrafish;577;1386;831;1486;0,0,1,0;0;;
Vid1_0513.png;1;Zebrafish;651;1292;967;1452;0,0,0,0;0;;
Vid1_0513.png;3;Zebrafish;571;1361;777;1477;0,0,0,0;0;;
Vid1_0514.png;1;Zebrafish;654;1291;968;1459;0,0,0,0;0;;
Vid1_0514.png;3;Zebrafish;538;1335;770;1487;0,0,0,0;0;;
Vid1_0515.png;1;Zebrafish;654;1291;968;1459;0,0,0,0;0;;
Vid1_0515.png;3;Zebrafish;543;1338;773;1490;0,0,0,0;0;;
Vid1_0516.png;1;Zebrafish;654;1291;968;1459;0,0,0,0;0;;
Vid1_0516.png;3;Zebrafish;522;1318;731;1447;0,0,0,0;0;;
Vid1_0517.png;1;Zebrafish;666;1286;975;1452;0,0,1,0;0;;
Vid1_0517.png;3;Zebrafish;507;1301;734;1412;0,0,1,0;0;;
Vid1_0518.png;1;Zebrafish;673;1286;977;1454;0,0,1,0;0;;
Vid1_0518.png;3;Zebrafish;514;1291;705;1406;0,1,1,0;0;;
Vid1_0519.png;1;Zebrafish;712;1286;956;1428;0,1,0,0;0;;
Vid1_0519.png;3;Zebrafish;524;1269;630;1389;1,1,0,0;0;;
Vid1_0520.png;1;Zebrafish;730;1291;912;1416;0,1,0,0;0;;
Vid1_0520.png;3;Zebrafish;518;1254;645;1365;1,1,0,0;0;;
Vid1_0521.png;1;Zebrafish;723;1293;894;1425;0,1,0,0;0;;
Vid1_0521.png;3;Zebrafish;531;1244;662;1336;1,1,0,0;0;;
Vid1_0522.png;1;Zebrafish;713;1296;882;1415;1,1,0,0;0;;
Vid1_0522.png;3;Zebrafish;514;1240;670;1335;1,1,0,0;0;;
Vid1_0523.png;1;Zebrafish;687;1294;880;1399;1,1,0,0;0;;
Vid1_0523.png;3;Zebrafish;518;1234;683;1329;1,1,0,0;0;;
Vid1_0524.png;1;Zebrafish;673;1292;910;1392;1,1,0,0;0;;
Vid1_0524.png;3;Zebrafish;521;1221;698;1322;1,0,0,0;0;;
Vid1_0525.png;1;Zebrafish;645;1294;939;1403;1,1,0,0;0;;
Vid1_0525.png;3;Zebrafish;510;1205;710;1312;1,0,0,0;0;;
Vid1_0526.png;1;Zebrafish;655;1294;934;1403;1,1,0,0;0;;
Vid1_0526.png;3;Zebrafish;505;1207;705;1314;1,0,0,0;0;;
Vid1_0530.png;3;Zebrafish;588;1157;777;1260;1,1,0,0;0;;
Vid1_0531.png;3;Zebrafish;632;1146;809;1252;1,1,0,0;0;;
Vid1_0532.png;3;Zebrafish;648;1144;833;1260;1,1,0,0;0;;
Vid1_0533.png;3;Zebrafish;630;1154;825;1258;1,1,0,0;0;;
Vid1_0534.png;3;Zebrafish;711;1142;895;1281;1,1,0,0;0;;
Vid1_0537.png;1;Zebrafish;766;1297;1114;1444;1,0,1,0;0;;
Vid1_0537.png;3;Zebrafish;740;1195;998;1321;1,0,1,0;0;;
Vid1_0538.png;1;Zebrafish;791;1292;1134;1450;1,0,1,0;0;;
Vid1_0538.png;3;Zebrafish;793;1223;1048;1341;1,0,1,0;0;;
Vid1_0539.png;1;Zebrafish;808;1288;1153;1434;1,0,1,0;0;;
Vid1_0539.png;3;Zebrafish;819;1231;1081;1354;1,0,1,0;0;;
Vid1_0540.png;1;Zebrafish;821;1286;1171;1427;1,0,1,0;0;;
Vid1_0540.png;3;Zebrafish;851;1246;1112;1367;1,0,1,0;0;;
Vid1_0541.png;1;Zebrafish;824;1286;1174;1427;1,0,1,0;0;;
Vid1_0541.png;3;Zebrafish;851;1244;1119;1368;1,0,1,0;0;;
Vid1_0542.png;1;Zebrafish;836;1284;1186;1425;1,0,1,0;0;;
Vid1_0542.png;3;Zebrafish;892;1261;1152;1379;1,0,1,0;0;;
Vid1_0543.png;2;Zebrafish;1313;1270;1613;1414;1,0,0,1;0;;
Vid1_0543.png;1;Zebrafish;856;1282;1210;1420;1,0,1,1;0;;
Vid1_0543.png;3;Zebrafish;968;1296;1234;1389;1,0,1,1;0;;
Vid1_0544.png;1;Zebrafish;874;1282;1225;1416;1,0,1,0;0;;
Vid1_0544.png;3;Zebrafish;1028;1310;1313;1388;1,0,1,0;0;;
Vid1_0545.png;2;Zebrafish;1343;1285;1646;1427;1,0,0,0;0;;
Vid1_0545.png;1;Zebrafish;886;1284;1238;1410;1,0,1,0;0;;
Vid1_0545.png;3;Zebrafish;1100;1300;1370;1386;1,0,1,0;0;;
Vid1_0546.png;2;Zebrafish;1337;1286;1644;1426;1,0,0,0;0;;
Vid1_0546.png;1;Zebrafish;884;1285;1236;1410;1,0,1,0;0;;
Vid1_0546.png;3;Zebrafish;1099;1303;1361;1385;1,0,1,0;0;;
Vid1_0547.png;2;Zebrafish;1373;1294;1672;1430;1,0,0,0;0;;
Vid1_0547.png;1;Zebrafish;903;1281;1248;1406;1,0,1,0;0;;
Vid1_0547.png;3;Zebrafish;1180;1281;1451;1370;1,0,1,0;0;;
Vid1_0548.png;2;Zebrafish;1382;1307;1694;1438;1,0,0,0;0;;
Vid1_0548.png;1;Zebrafish;936;1276;1257;1406;1,0,1,0;0;;
Vid1_0548.png;3;Zebrafish;1244;1261;1507;1361;1,0,1,0;0;;
Vid1_0549.png;2;Zebrafish;1379;1307;1691;1437;1,0,0,0;0;;
Vid1_0549.png;1;Zebrafish;942;1276;1255;1406;1,0,1,0;0;;
Vid1_0549.png;3;Zebrafish;1232;1264;1501;1361;1,0,1,0;0;;
Vid1_0550.png;2;Zebrafish;1410;1319;1708;1454;1,0,0,0;0;;
Vid1_0550.png;3;Zebrafish;1302;1244;1580;1341;1,0,0,0;0;;
Vid1_0555.png;2;Zebrafish;1465;1361;1730;1466;1,1,0,0;0;;
Vid1_0555.png;3;Zebrafish;1510;1195;1773;1295;1,0,0,1;0;;
Vid1_0556.png;2;Zebrafish;1531;1359;1712;1471;1,1,0,0;0;;
Vid1_0557.png;2;Zebrafish;1559;1363;1716;1471;1,1,0,0;0;;
Vid1_0558.png;2;Zebrafish;1587;1371;1713;1477;0,1,0,0;0;;
Vid1_0559.png;3;Zebrafish;1642;1169;1866;1287;1,1,0,0;0;;
Vid1_0559.png;2;Zebrafish;1577;1378;1728;1476;0,1,0,0;0;;
Vid1_0560.png;3;Zebrafish;1695;1178;1875;1308;1,1,0,0;0;;
Vid1_0560.png;2;Zebrafish;1572;1379;1740;1477;0,1,0,0;0;;
Vid1_0561.png;3;Zebrafish;1731;1161;1897;1327;1,1,0,0;0;;
Vid1_0561.png;2;Zebrafish;1563;1379;1754;1477;0,1,0,0;0;;
Vid1_0562.png;3;Zebrafish;1768;1216;1884;1353;1,1,0,0;0;;
Vid1_0562.png;2;Zebrafish;1552;1383;1769;1489;0,1,0,0;0;;
Vid1_0563.png;3;Zebrafish;1811;1246;1892;1382;1,1,0,0;0;;
Vid1_0563.png;2;Zebrafish;1545;1387;1759;1489;0,1,0,0;0;;
Vid1_0564.png;3;Zebrafish;1808;1274;1900;1416;1,1,0,0;0;;
Vid1_0564.png;2;Zebrafish;1540;1389;1774;1497;0,1,0,0;0;;
Vid1_0565.png;3;Zebrafish;1781;1296;1880;1420;0,1,0,0;0;;
Vid1_0565.png;2;Zebrafish;1535;1391;1796;1502;0,0,0,0;0;;
Vid1_0566.png;1;Zebrafish;1076;1257;1431;1419;1,0,0,1;0;;
Vid1_0566.png;3;Zebrafish;1759;1340;1887;1427;0,1,0,1;0;;
Vid1_0566.png;2;Zebrafish;1535;1391;1796;1502;0,0,0,0;0;;
Vid1_0567.png;3;Zebrafish;1738;1335;1896;1432;0,1,0,0;0;;
Vid1_0567.png;2;Zebrafish;1524;1394;1797;1509;0,0,0,0;0;;
Vid1_0568.png;3;Zebrafish;1680;1346;1887;1444;0,0,1,0;0;;
Vid1_0568.png;2;Zebrafish;1498;1394;1775;1510;0,0,1,0;0;;
Vid1_0569.png;3;Zebrafish;1650;1358;1876;1452;0,0,1,0;0;;
Vid1_0569.png;2;Zebrafish;1486;1394;1787;1510;0,0,1,0;0;;
Vid1_0570.png;3;Zebrafish;1662;1358;1888;1450;0,0,1,0;0;;
Vid1_0570.png;2;Zebrafish;1489;1394;1786;1510;0,0,1,0;0;;
Vid1_0571.png;3;Zebrafish;1577;1367;1830;1458;0,0,1,0;0;;
Vid1_0571.png;2;Zebrafish;1467;1395;1743;1510;0,0,1,0;0;;
Vid1_0572.png;3;Zebrafish;1556;1374;1800;1463;0,0,1,0;0;;
Vid1_0572.png;2;Zebrafish;1459;1397;1745;1513;0,0,1,0;0;;
Vid1_0573.png;3;Zebrafish;1508;1382;1769;1467;0,0,1,0;0;;
Vid1_0573.png;2;Zebrafish;1444;1399;1755;1514;0,0,1,0;0;;
Vid1_0574.png;3;Zebrafish;1480;1390;1734;1465;0,0,1,0;0;;
Vid1_0574.png;2;Zebrafish;1437;1400;1748;1514;0,0,1,0;0;;
Vid1_0575.png;3;Zebrafish;1401;1385;1662;1458;0,0,1,0;0;;
Vid1_0575.png;2;Zebrafish;1432;1434;1732;1518;0,0,1,0;0;;
Vid1_0576.png;3;Zebrafish;1363;1384;1639;1456;0,0,1,0;0;;
Vid1_0576.png;2;Zebrafish;1433;1430;1726;1519;0,0,1,0;0;;
Vid1_0577.png;3;Zebrafish;1330;1382;1599;1463;0,0,1,0;0;;
Vid1_0577.png;2;Zebrafish;1428;1427;1725;1516;0,0,1,0;0;;
Vid1_0578.png;3;Zebrafish;1335;1382;1605;1463;0,0,1,0;0;;
Vid1_0578.png;2;Zebrafish;1430;1427;1725;1516;0,0,1,0;0;;
Vid1_0579.png;3;Zebrafish;1278;1376;1550;1475;0,0,1,0;0;;
Vid1_0579.png;2;Zebrafish;1418;1425;1707;1516;0,0,1,0;0;;
Vid1_0580.png;1;Zebrafish;1160;1249;1508;1414;1,0,0,0;0;;
Vid1_0580.png;3;Zebrafish;1235;1380;1505;1474;0,0,1,0;0;;
Vid1_0580.png;2;Zebrafish;1412;1426;1702;1519;0,0,1,0;0;;
Vid1_0581.png;1;Zebrafish;1163;1249;1513;1409;1,0,0,0;0;;
Vid1_0581.png;3;Zebrafish;1212;1376;1485;1470;0,0,1,0;0;;
Vid1_0581.png;2;Zebrafish;1388;1426;1688;1520;0,0,1,0;0;;
Vid1_0582.png;1;Zebrafish;1163;1249;1513;1409;1,0,0,0;0;;
Vid1_0582.png;3;Zebrafish;1216;1372;1487;1469;0,0,1,0;0;;
Vid1_0582.png;2;Zebrafish;1388;1426;1688;1520;0,0,1,0;0;;
Vid1_0583.png;1;Zebrafish;1179;1246;1527;1402;1,0,0,0;0;;
Vid1_0583.png;3;Zebrafish;1173;1400;1441;1487;0,0,1,0;0;;
Vid1_0583.png;2;Zebrafish;1362;1431;1674;1520;0,0,1,0;0;;
Vid1_0584.png;1;Zebrafish;1185;1248;1535;1409;1,0,1,0;0;;
Vid1_0584.png;3;Zebrafish;1139;1388;1402;1479;0,0,1,0;0;;
Vid1_0584.png;2;Zebrafish;1346;1432;1663;1517;0,0,1,0;0;;
Vid1_0585.png;1;Zebrafish;1191;1249;1542;1403;1,0,1,0;0;;
Vid1_0585.png;3;Zebrafish;1108;1384;1387;1479;0,0,1,1;0;;
Vid1_0585.png;2;Zebrafish;1341;1431;1660;1516;0,0,1,0;0;;
Vid1_0586.png;1;Zebrafish;1193;1249;1546;1402;1,0,1,0;0;;
Vid1_0586.png;3;Zebrafish;1083;1372;1336;1473;0,0,1,0;0;;
Vid1_0587.png;3;Zebrafish;1041;1351;1297;1468;0,0,0,0;0;;
Vid1_0588.png;1;Zebrafish;1199;1254;1551;1397;1,0,1,0;0;;
Vid1_0588.png;3;Zebrafish;1008;1332;1259;1453;0,0,1,0;0;;
Vid1_0589.png;1;Zebrafish;1202;1255;1555;1399;1,0,1,0;0;;
Vid1_0589.png;3;Zebrafish;1012;1335;1264;1455;0,0,1,0;0;;
Vid1_0590.png;3;Zebrafish;987;1300;1212;1413;0,1,1,0;0;;
Vid1_0591.png;3;Zebrafish;979;1287;1175;1415;0,1,0,0;0;;
Vid1_0592.png;3;Zebrafish;965;1248;1154;1374;0,1,0,0;0;;
Vid1_0593.png;3;Zebrafish;962;1234;1123;1364;0,1,0,0;0;;
Vid1_0594.png;3;Zebrafish;960;1221;1117;1349;0,1,0,0;0;;
Vid1_0595.png;3;Zebrafish;950;1204;1088;1302;1,1,0,0;0;;
Vid1_0596.png;3;Zebrafish;927;1204;1110;1296;1,1,0,0;0;;
Vid1_0598.png;3;Zebrafish;948;1198;1167;1287;1,0,0,1;0;;
Vid1_0603.png;3;Zebrafish;1011;1207;1230;1299;1,0,0,0;0;;
Vid1_0604.png;1;Zebrafish;1222;1254;1571;1413;1,0,0,0;0;;
Vid1_0605.png;1;Zebrafish;1217;1252;1568;1411;1,0,0,0;0;;
Vid1_0606.png;1;Zebrafish;1222;1252;1567;1406;1,0,0,0;0;;
Vid1_0607.png;1;Zebrafish;1214;1254;1566;1412;1,0,0,0;0;;
Vid1_0608.png;1;Zebrafish;1214;1255;1566;1413;1,0,0,0;0;;
Vid1_0609.png;1;Zebrafish;1214;1255;1566;1413;1,0,0,0;0;;
Vid1_0610.png;3;Zebrafish;1210;1147;1446;1255;1,0,0,1;0;;
Vid1_0611.png;2;Zebrafish;1242;1405;1551;1500;0,0,0,0;0;;
Vid1_0611.png;3;Zebrafish;1256;1119;1443;1243;1,1,0,0;0;;
Vid1_0612.png;2;Zebrafish;1231;1408;1539;1503;0,0,0,0;0;;
Vid1_0612.png;3;Zebrafish;1274;1104;1464;1241;1,1,0,0;0;;
Vid1_0613.png;2;Zebrafish;1227;1409;1533;1503;0,0,0,0;0;;
Vid1_0613.png;3;Zebrafish;1291;1093;1478;1237;1,1,0,0;0;;
Vid1_0614.png;2;Zebrafish;1216;1409;1524;1503;0,0,0,0;0;;
Vid1_0614.png;3;Zebrafish;1334;1049;1477;1199;1,1,0,0;0;;
Vid1_0615.png;2;Zebrafish;1211;1409;1519;1503;0,0,0,0;0;;
Vid1_0615.png;3;Zebrafish;1382;1029;1472;1191;1,1,0,0;0;;
Vid1_0616.png;2;Zebrafish;1211;1409;1519;1503;0,0,0,0;0;;
Vid1_0616.png;3;Zebrafish;1377;1032;1473;1193;1,1,0,0;0;;
Vid1_0617.png;2;Zebrafish;1203;1409;1503;1502;0,0,0,0;0;;
Vid1_0617.png;3;Zebrafish;1399;1020;1493;1170;1,1,0,0;0;;
Vid1_0618.png;2;Zebrafish;1196;1409;1496;1503;0,0,0,0;0;;
Vid1_0618.png;3;Zebrafish;1382;1018;1466;1147;0,1,0,0;0;;
Vid1_0619.png;2;Zebrafish;1196;1409;1496;1503;0,0,0,0;0;;
Vid1_0619.png;3;Zebrafish;1368;1016;1471;1135;0,1,0,0;0;;
Vid1_0620.png;2;Zebrafish;1212;1417;1490;1505;0,1,0,0;0;;
Vid1_0620.png;3;Zebrafish;1319;1003;1501;1086;0,1,0,0;0;;
Vid1_0621.png;1;Zebrafish;1188;1258;1538;1416;1,0,0,0;0;;
Vid1_0621.png;2;Zebrafish;1220;1389;1446;1506;0,1,0,0;0;;
Vid1_0621.png;3;Zebrafish;1270;1001;1484;1093;0,1,0,0;0;;
Vid1_0622.png;1;Zebrafish;1177;1258;1536;1417;1,0,0,0;0;;
Vid1_0622.png;2;Zebrafish;1226;1379;1449;1509;0,1,0,0;0;;
Vid1_0623.png;1;Zebrafish;1176;1254;1529;1410;1,0,0,0;0;;
Vid1_0623.png;2;Zebrafish;1224;1374;1446;1507;0,1,0,0;0;;
Vid1_0624.png;1;Zebrafish;1186;1253;1529;1402;1,0,0,0;0;;
Vid1_0624.png;2;Zebrafish;1196;1361;1434;1508;0,1,0,0;0;;
Vid1_0625.png;1;Zebrafish;1173;1249;1527;1404;1,0,0,0;0;;
Vid1_0625.png;2;Zebrafish;1174;1355;1415;1508;0,0,0,0;0;;
Vid1_0625.png;3;Zebrafish;1214;1016;1445;1124;0,0,0,1;0;;
Vid1_0630.png;2;Zebrafish;1142;1402;1365;1504;0,1,0,0;0;;
Vid1_0630.png;3;Zebrafish;1233;946;1439;1073;0,0,0,1;0;;
Vid1_0626.png;1;Zebrafish;1167;1249;1523;1404;1,0,0,0;0;;
Vid1_0626.png;2;Zebrafish;1164;1360;1405;1508;0,0,0,0;0;;
Vid1_0626.png;3;Zebrafish;1247;1016;1348;1127;0,1,0,0;0;;
Vid1_0627.png;1;Zebrafish;1167;1249;1523;1404;1,0,0,0;0;;
Vid1_0627.png;2;Zebrafish;1156;1366;1402;1513;0,0,0,0;0;;
Vid1_0627.png;3;Zebrafish;1225;997;1358;1134;1,1,0,0;0;;
Vid1_0628.png;1;Zebrafish;1167;1249;1523;1404;1,0,0,0;0;;
Vid1_0628.png;2;Zebrafish;1152;1378;1400;1501;0,0,0,0;0;;
Vid1_0628.png;3;Zebrafish;1200;991;1368;1130;1,1,0,1;0;;
Vid1_0629.png;2;Zebrafish;1140;1397;1379;1502;0,0,0,0;0;;
Vid1_0631.png;2;Zebrafish;1158;1406;1333;1504;0,1,0,0;0;;
Vid1_0632.png;2;Zebrafish;1161;1400;1305;1500;0,1,0,0;0;;
Vid1_0633.png;2;Zebrafish;1141;1400;1288;1493;1,1,0,0;0;;
Vid1_0634.png;2;Zebrafish;1145;1398;1300;1488;1,1,0,0;0;;
Vid1_0635.png;2;Zebrafish;1150;1390;1338;1493;1,1,0,0;0;;
Vid1_0636.png;2;Zebrafish;1130;1395;1357;1482;1,1,0,0;0;;
Vid1_0637.png;2;Zebrafish;1109;1394;1376;1491;1,0,0,0;0;;
Vid1_0638.png;2;Zebrafish;1109;1394;1376;1491;1,0,0,0;0;;
Vid1_0639.png;3;Zebrafish;1386;894;1582;989;1,0,0,0;0;;
Vid1_0639.png;2;Zebrafish;1154;1394;1416;1502;1,0,0,0;0;;
Vid1_0640.png;2;Zebrafish;1176;1400;1428;1499;1,0,0,0;0;;
Vid1_0642.png;3;Zebrafish;1529;816;1663;915;1,1,0,1;0;;
Vid1_0643.png;3;Zebrafish;1555;814;1674;913;0,1,0,0;0;;
Vid1_0644.png;3;Zebrafish;1549;810;1711;907;0,1,0,0;0;;
Vid1_0645.png;3;Zebrafish;1488;812;1629;906;0,1,0,0;0;;
Vid1_0646.png;3;Zebrafish;1443;811;1642;905;0,1,0,0;0;;
Vid1_0649.png;2;Zebrafish;1340;1341;1641;1510;1,0,0,1;0;;
Vid1_0652.png;3;Zebrafish;1335;857;1451;959;0,1,0,0;0;;
Vid1_0653.png;3;Zebrafish;1336;859;1452;962;0,1,0,0;0;;
Vid1_0654.png;3;Zebrafish;1285;854;1479;957;1,0,0,0;0;;
Vid1_0663.png;2;Zebrafish;1604;1282;1889;1478;1,0,0,1;0;;
Vid1_0669.png;3;Zebrafish;1690;837;1874;943;1,1,0,0;0;;
Vid1_0670.png;3;Zebrafish;1748;831;1908;952;0,1,0,0;0;;
Vid1_0671.png;2;Zebrafish;1702;1333;1956;1518;1,0,0,0;0;;
Vid1_0671.png;3;Zebrafish;1736;847;1870;978;0,1,0,0;0;;
Vid1_0672.png;2;Zebrafish;1725;1330;1977;1519;1,0,0,1;0;;
Vid1_0672.png;3;Zebrafish;1716;868;1836;994;0,1,0,1;0;;
Vid1_0673.png;2;Zebrafish;1762;1317;2001;1505;1,0,0,0;0;;
Vid1_0673.png;3;Zebrafish;1726;896;1859;1007;0,1,0,0;0;;
Vid1_0674.png;2;Zebrafish;1757;1306;2015;1502;1,0,0,0;0;;
Vid1_0674.png;3;Zebrafish;1717;892;1834;1023;0,1,0,0;0;;
Vid1_0675.png;2;Zebrafish;1757;1308;2015;1502;1,0,0,0;0;;
Vid1_0675.png;3;Zebrafish;1719;891;1820;1020;0,1,0,0;0;;
Vid1_0676.png;2;Zebrafish;1784;1273;2015;1507;1,0,0,0;0;;
Vid1_0676.png;3;Zebrafish;1713;901;1809;1047;0,1,0,0;0;;
Vid1_0677.png;3;Zebrafish;1688;914;1823;1074;0,1,0,1;0;;
Vid1_0678.png;3;Zebrafish;1674;940;1789;1081;0,1,0,0;0;;
Vid1_0679.png;3;Zebrafish;1665;988;1799;1097;0,1,0,0;0;;
Vid1_0680.png;3;Zebrafish;1653;998;1804;1111;0,1,0,0;0;;
Vid1_0681.png;3;Zebrafish;1655;998;1806;1111;0,1,0,0;0;;
Vid1_0682.png;3;Zebrafish;1629;1006;1763;1124;0,1,0,0;0;;
Vid1_0683.png;3;Zebrafish;1622;1030;1744;1128;0,1,0,0;0;;
Vid1_0684.png;3;Zebrafish;1597;1036;1714;1135;1,1,0,0;0;;
Vid1_0686.png;3;Zebrafish;1582;1047;1738;1147;1,0,0,0;0;;
Vid1_0687.png;2;Zebrafish;1777;1037;2013;1275;1,0,0,1;0;;
Vid1_0687.png;3;Zebrafish;1568;1058;1728;1157;1,0,0,1;0;;
Vid1_0688.png;2;Zebrafish;1771;1037;2010;1275;1,0,0,0;0;;
Vid1_0688.png;3;Zebrafish;1641;1068;1796;1158;1,0,0,0;0;;
Vid1_0689.png;2;Zebrafish;1771;1037;2010;1275;1,0,0,0;0;;
Vid1_0689.png;3;Zebrafish;1636;1072;1809;1160;1,0,0,0;0;;
Vid1_0690.png;2;Zebrafish;1766;1044;2011;1270;1,0,1,0;0;;
Vid1_0690.png;3;Zebrafish;1622;1085;1883;1175;1,0,1,0;0;;
Vid1_0691.png;2;Zebrafish;1754;1056;2008;1273;1,0,1,0;0;;
Vid1_0691.png;3;Zebrafish;1666;1084;1904;1189;1,0,1,0;0;;
Vid1_0696.png;2;Zebrafish;1801;1096;2008;1262;1,0,0,0;0;;
Vid1_0696.png;3;Zebrafish;1810;1018;1923;1114;0,1,0,0;0;;
Vid1_0692.png;2;Zebrafish;1752;1066;2006;1274;1,0,1,0;0;;
Vid1_0692.png;3;Zebrafish;1689;1090;1928;1185;1,0,1,0;0;;
Vid1_0693.png;2;Zebrafish;1751;1081;2013;1271;1,0,1,0;0;;
Vid1_0693.png;3;Zebrafish;1764;1061;1937;1174;1,1,1,0;0;;
Vid1_0698.png;2;Zebrafish;1783;1100;2007;1253;1,0,0,0;0;;
Vid1_0698.png;3;Zebrafish;1808;1016;1919;1116;0,1,0,0;0;;
Vid1_0703.png;2;Zebrafish;1739;1116;2007;1291;1,0,0,0;0;;
Vid1_0703.png;3;Zebrafish;1665;1080;1890;1222;0,0,0,0;0;;
Vid1_0694.png;2;Zebrafish;1750;1081;2011;1248;1,0,1,0;0;;
Vid1_0694.png;3;Zebrafish;1837;1022;1939;1123;0,1,1,0;0;;
Vid1_0695.png;2;Zebrafish;1780;1086;2008;1278;1,0,0,0;0;;
Vid1_0695.png;3;Zebrafish;1828;1017;1938;1125;0,1,0,1;0;;
Vid1_0697.png;2;Zebrafish;1781;1101;2008;1254;1,0,0,0;0;;
Vid1_0697.png;3;Zebrafish;1808;1016;1917;1118;0,1,0,0;0;;
Vid1_0699.png;2;Zebrafish;1767;1106;2007;1259;1,0,0,0;0;;
Vid1_0699.png;3;Zebrafish;1797;1026;1904;1141;0,1,0,0;0;;
Vid1_0700.png;2;Zebrafish;1758;1106;2007;1263;1,0,0,0;0;;
Vid1_0700.png;3;Zebrafish;1767;1026;1867;1155;0,1,0,0;0;;
Vid1_0701.png;2;Zebrafish;1758;1111;2006;1275;1,0,0,0;0;;
Vid1_0701.png;3;Zebrafish;1694;1052;1918;1198;0,0,0,0;0;;
Vid1_0702.png;2;Zebrafish;1758;1111;2006;1275;1,0,0,0;0;;
Vid1_0702.png;3;Zebrafish;1699;1049;1917;1194;0,0,0,0;0;;
Vid1_0704.png;2;Zebrafish;1737;1127;2007;1310;1,0,0,0;0;;
Vid1_0704.png;3;Zebrafish;1632;1101;1824;1240;0,0,0,0;0;;
Vid1_0705.png;2;Zebrafish;1747;1136;2007;1326;1,0,0,0;0;;
Vid1_0705.png;3;Zebrafish;1588;1118;1828;1257;0,0,0,0;0;;
Vid1_0706.png;2;Zebrafish;1737;1138;2007;1318;1,0,0,0;0;;
Vid1_0706.png;3;Zebrafish;1569;1125;1795;1258;0,0,0,0;0;;
Vid1_0707.png;2;Zebrafish;1768;1157;2008;1321;1,0,0,0;0;;
Vid1_0719.png;2;Zebrafish;1702;1279;1981;1393;1,1,0,0;0;;
Vid1_0720.png;2;Zebrafish;1765;1277;1956;1402;1,1,0,0;0;;
Vid1_0721.png;2;Zebrafish;1791;1275;1922;1394;1,1,0,0;0;;
Vid1_0722.png;2;Zebrafish;1795;1273;1926;1401;1,1,0,0;0;;
Vid1_0723.png;2;Zebrafish;1745;1258;1911;1420;0,1,0,0;0;;
Vid1_0724.png;2;Zebrafish;1720;1250;1933;1407;0,1,0,0;0;;
Vid1_0725.png;2;Zebrafish;1700;1233;1952;1390;0,0,0,0;0;;
Vid1_0726.png;2;Zebrafish;1677;1224;1965;1388;0,0,0,0;0;;
Vid1_0727.png;2;Zebrafish;1680;1225;1967;1389;0,0,0,0;0;;
Vid1_0728.png;2;Zebrafish;1643;1212;1945;1382;0,0,0,0;0;;
Vid1_0729.png;2;Zebrafish;1631;1209;1927;1386;0,0,0,0;0;;
Vid1_0730.png;2;Zebrafish;1623;1208;1919;1388;0,0,0,0;0;;
Vid1_0731.png;2;Zebrafish;1617;1202;1903;1391;0,0,0,0;0;;
Vid1_0732.png;2;Zebrafish;1590;1197;1882;1382;0,0,0,0;0;;
Vid1_0733.png;2;Zebrafish;1570;1191;1863;1367;0,0,0,0;0;;
Vid1_0734.png;2;Zebrafish;1543;1189;1852;1355;0,0,0,0;0;;
Vid1_0740.png;2;Zebrafish;1447;1215;1753;1369;0,0,1,0;0;;
Vid1_0741.png;3;Zebrafish;765;1317;1049;1407;0,0,0,1;0;;
Vid1_0747.png;1;Zebrafish;1587;1373;1859;1499;1,1,0,0;0;;
Vid1_0748.png;1;Zebrafish;1615;1373;1857;1499;1,1,0,0;0;;
Vid1_0749.png;1;Zebrafish;1626;1371;1862;1509;1,1,0,0;0;;
Vid1_0750.png;2;Zebrafish;1294;1251;1603;1401;0,0,0,1;0;;
Vid1_0750.png;3;Zebrafish;584;1326;810;1411;0,0,0,1;0;;
Vid1_0750.png;1;Zebrafish;1644;1368;1860;1508;1,1,0,0;0;;
Vid1_0751.png;1;Zebrafish;1691;1365;1845;1511;1,1,0,0;0;;
Vid1_0752.png;1;Zebrafish;1712;1365;1851;1501;0,1,0,0;0;;
Vid1_0753.png;1;Zebrafish;1685;1360;1852;1501;0,1,0,0;0;;
Vid1_0754.png;1;Zebrafish;1663;1358;1857;1494;0,1,0,0;0;;
Vid1_0755.png;1;Zebrafish;1639;1355;1878;1491;0,1,0,0;0;;
Vid1_0756.png;3;Zebrafish;504;1343;713;1435;0,0,0,0;0;;
Vid1_0756.png;1;Zebrafish;1619;1351;1906;1486;0,1,0,0;0;;
Vid1_0766.png;3;Zebrafish;282;1342;508;1445;0,1,0,0;0;;
Vid1_0767.png;3;Zebrafish;283;1342;502;1452;0,1,0,0;0;;
Vid1_0768.png;3;Zebrafish;290;1329;447;1488;0,1,0,0;0;;
Vid1_0773.png;1;Zebrafish;1443;1326;1795;1478;0,0,0,1;0;;
Vid1_0773.png;2;Zebrafish;769;1313;1073;1438;0,0,0,1;0;;
Vid1_0773.png;3;Zebrafish;169;1313;411;1483;0,0,0,1;0;;
Vid1_0774.png;3;Zebrafish;169;1336;386;1474;0,1,0,0;0;;
Vid1_0775.png;3;Zebrafish;195;1365;322;1467;0,1,0,0;0;;
Vid1_0776.png;3;Zebrafish;204;1365;296;1467;1,1,0,0;0;;
Vid1_0777.png;3;Zebrafish;210;1362;302;1469;1,1,0,0;0;;
Vid1_0778.png;3;Zebrafish;208;1352;329;1470;1,1,0,0;0;;
Vid1_0779.png;3;Zebrafish;203;1378;377;1466;1,1,0,0;0;;
Vid1_0784.png;2;Zebrafish;635;1348;856;1484;0,1,0,0;0;;
Vid1_0785.png;2;Zebrafish;644;1342;800;1480;0,1,0,0;0;;
Vid1_0786.png;2;Zebrafish;647;1329;781;1495;0,1,0,0;0;;
Vid1_0787.png;2;Zebrafish;647;1312;748;1504;0,1,0,0;0;;
Vid1_0788.png;3;Zebrafish;440;1381;647;1475;1,1,1,0;0;;
Vid1_0788.png;2;Zebrafish;628;1315;786;1479;1,1,1,0;0;;
Vid1_0789.png;3;Zebrafish;468;1364;641;1481;1,1,1,0;0;;
Vid1_0789.png;2;Zebrafish;612;1309;811;1478;1,1,1,1;0;;
Vid1_0790.png;3;Zebrafish;460;1352;644;1471;1,1,1,0;0;;
Vid1_0790.png;2;Zebrafish;586;1299;843;1480;1,0,1,0;0;;
Vid1_0791.png;3;Zebrafish;472;1339;651;1472;1,1,1,0;0;;
Vid1_0791.png;2;Zebrafish;601;1285;873;1462;1,0,1,0;0;;
Vid1_0792.png;3;Zebrafish;481;1338;650;1469;1,1,1,0;0;;
Vid1_0792.png;2;Zebrafish;624;1282;880;1454;1,0,1,0;0;;
Vid1_0793.png;3;Zebrafish;539;1306;712;1429;1,1,0,1;0;;
Vid1_0793.png;2;Zebrafish;647;1269;922;1441;1,0,0,1;0;;
Vid1_0794.png;3;Zebrafish;523;1285;779;1407;1,0,1,0;0;;
Vid1_0794.png;2;Zebrafish;678;1257;967;1426;1,0,1,0;0;;
Vid1_0795.png;3;Zebrafish;575;1268;821;1370;1,0,1,0;0;;
Vid1_0795.png;2;Zebrafish;715;1246;1003;1408;1,0,1,0;0;;
Vid1_0796.png;3;Zebrafish;615;1259;868;1346;1,0,1,0;0;;
Vid1_0796.png;2;Zebrafish;742;1241;1032;1395;1,0,1,0;0;;
Vid1_0797.png;3;Zebrafish;686;1240;938;1330;1,0,1,0;0;;
Vid1_0797.png;2;Zebrafish;768;1239;1064;1388;1,0,1,0;0;;
Vid1_0798.png;3;Zebrafish;777;1231;1025;1310;1,0,1,0;0;;
Vid1_0798.png;2;Zebrafish;791;1239;1096;1385;1,0,1,0;0;;
Vid1_0799.png;3;Zebrafish;810;1229;1087;1291;1,0,1,0;0;;
Vid1_0799.png;2;Zebrafish;805;1242;1117;1377;1,0,1,0;0;;
Vid1_0800.png;3;Zebrafish;880;1222;1157;1291;1,0,1,0;0;;
Vid1_0800.png;2;Zebrafish;826;1273;1112;1373;1,0,1,0;0;;
Vid1_0801.png;3;Zebrafish;870;1223;1147;1293;1,0,1,0;0;;
Vid1_0801.png;2;Zebrafish;823;1273;1109;1373;1,0,1,0;0;;
Vid1_0802.png;3;Zebrafish;958;1217;1234;1301;1,0,1,0;0;;
Vid1_0802.png;2;Zebrafish;854;1265;1162;1377;1,0,1,0;0;;
Vid1_0803.png;3;Zebrafish;983;1215;1257;1304;1,0,1,0;0;;
Vid1_0803.png;2;Zebrafish;865;1266;1172;1380;1,0,1,0;0;;
Vid1_0804.png;3;Zebrafish;1055;1213;1335;1320;1,0,1,0;0;;
Vid1_0804.png;2;Zebrafish;896;1287;1209;1396;1,0,1,0;0;;
Vid1_0805.png;3;Zebrafish;1084;1214;1361;1327;1,0,1,0;0;;
Vid1_0805.png;2;Zebrafish;906;1299;1221;1406;1,0,1,0;0;;
Vid1_0806.png;3;Zebrafish;1139;1232;1397;1341;1,0,1,0;0;;
Vid1_0806.png;2;Zebrafish;937;1306;1232;1419;1,0,1,0;0;;
Vid1_0807.png;3;Zebrafish;1139;1232;1397;1341;1,0,1,0;0;;
Vid1_0807.png;2;Zebrafish;937;1306;1232;1419;1,0,1,0;0;;
Vid1_0808.png;1;Zebrafish;1373;1359;1721;1492;0,0,1,0;0;;
Vid1_0808.png;3;Zebrafish;1236;1263;1509;1371;1,0,1,0;0;;
Vid1_0808.png;2;Zebrafish;986;1310;1288;1439;1,0,1,0;0;;
Vid1_0809.png;1;Zebrafish;1373;1364;1710;1493;0,0,1,0;0;;
Vid1_0809.png;3;Zebrafish;1307;1286;1581;1394;1,0,1,0;0;;
Vid1_0809.png;2;Zebrafish;1016;1308;1314;1446;1,0,1,0;0;;
Vid1_0810.png;1;Zebrafish;1373;1364;1711;1493;0,0,1,0;0;;
Vid1_0810.png;3;Zebrafish;1353;1299;1627;1409;1,0,1,0;0;;
Vid1_0811.png;1;Zebrafish;1373;1363;1719;1498;0,0,1,0;0;;
Vid1_0811.png;3;Zebrafish;1388;1308;1661;1422;1,0,1,0;0;;
Vid1_0812.png;1;Zebrafish;1373;1364;1719;1489;0,0,1,0;0;;
Vid1_0812.png;3;Zebrafish;1424;1320;1697;1437;1,0,1,0;0;;
Vid1_0813.png;2;Zebrafish;1115;1281;1409;1466;1,0,0,0;0;;
Vid1_0813.png;1;Zebrafish;1373;1364;1706;1487;0,0,1,0;0;;
Vid1_0813.png;3;Zebrafish;1462;1330;1733;1447;1,0,1,0;0;;
Vid1_0814.png;2;Zebrafish;1144;1271;1431;1458;1,0,0,0;0;;
Vid1_0814.png;1;Zebrafish;1371;1365;1711;1490;0,0,1,0;0;;
Vid1_0814.png;3;Zebrafish;1504;1341;1763;1458;1,0,1,0;0;;
Vid1_0815.png;2;Zebrafish;1165;1268;1457;1447;1,0,0,0;0;;
Vid1_0815.png;1;Zebrafish;1371;1366;1719;1491;0,0,1,0;0;;
Vid1_0815.png;3;Zebrafish;1514;1346;1794;1447;1,0,1,0;0;;
Vid1_0816.png;2;Zebrafish;1165;1268;1457;1447;1,0,0,0;0;;
Vid1_0816.png;1;Zebrafish;1371;1366;1719;1491;0,0,1,0;0;;
Vid1_0816.png;3;Zebrafish;1514;1346;1790;1447;1,0,1,0;0;;
Vid1_0817.png;2;Zebrafish;1193;1262;1489;1432;1,0,0,0;0;;
Vid1_0817.png;1;Zebrafish;1370;1373;1709;1498;0,0,1,0;0;;
Vid1_0817.png;3;Zebrafish;1557;1362;1833;1453;1,0,1,0;0;;
Vid1_0818.png;2;Zebrafish;1212;1265;1514;1428;1,0,0,0;0;;
Vid1_0818.png;1;Zebrafish;1370;1376;1718;1504;0,0,1,0;0;;
Vid1_0818.png;3;Zebrafish;1592;1360;1858;1455;1,0,1,0;0;;
Vid1_0819.png;2;Zebrafish;1236;1267;1527;1427;1,0,0,0;0;;
Vid1_0819.png;1;Zebrafish;1370;1376;1720;1505;0,0,1,0;0;;
Vid1_0819.png;3;Zebrafish;1665;1360;1853;1461;1,0,1,0;0;;
Vid1_0820.png;2;Zebrafish;1267;1260;1564;1413;1,0,0,0;0;;
Vid1_0820.png;1;Zebrafish;1370;1377;1719;1509;0,0,1,0;0;;
Vid1_0820.png;3;Zebrafish;1648;1355;1880;1453;1,0,1,0;0;;
Vid1_0821.png;2;Zebrafish;1302;1253;1605;1404;1,0,0,0;0;;
Vid1_0821.png;1;Zebrafish;1370;1379;1720;1507;0,0,0,0;0;;
Vid1_0821.png;3;Zebrafish;1684;1351;1884;1444;1,0,0,0;0;;
Vid1_0822.png;2;Zebrafish;1327;1248;1633;1396;1,0,0,0;0;;
Vid1_0822.png;3;Zebrafish;1710;1348;1902;1453;1,0,0,0;0;;
Vid1_0823.png;2;Zebrafish;1351;1245;1661;1393;1,0,0,0;0;;
Vid1_0823.png;3;Zebrafish;1733;1340;1903;1464;1,1,0,0;0;;
Vid1_0824.png;2;Zebrafish;1370;1243;1672;1392;1,0,1,1;0;;
Vid1_0824.png;3;Zebrafish;1826;1346;1907;1490;1,1,0,0;0;;
Vid1_0825.png;2;Zebrafish;1393;1243;1697;1390;1,0,1,0;0;;
Vid1_0825.png;3;Zebrafish;1828;1350;1924;1490;0,1,0,0;0;;
Vid1_0826.png;2;Zebrafish;1412;1246;1716;1387;1,0,1,0;0;;
Vid1_0826.png;3;Zebrafish;1803;1413;1959;1506;0,1,0,0;0;;
Vid1_0827.png;2;Zebrafish;1412;1246;1716;1387;1,0,1,0;0;;
Vid1_0827.png;3;Zebrafish;1801;1419;1966;1508;0,1,0,0;0;;
Vid1_0828.png;2;Zebrafish;1435;1256;1737;1388;1,0,1,0;0;;
Vid1_0828.png;3;Zebrafish;1737;1437;1922;1517;0,1,0,0;0;;
Vid1_0829.png;1;Zebrafish;1355;1383;1704;1506;0,0,1,0;0;;
Vid1_0829.png;2;Zebrafish;1443;1268;1757;1392;1,0,1,0;0;;
Vid1_0829.png;3;Zebrafish;1686;1428;1934;1504;0,1,0,0;0;;
Vid1_0830.png;1;Zebrafish;1355;1383;1704;1506;0,0,1,0;0;;
Vid1_0830.png;2;Zebrafish;1443;1268;1757;1392;1,0,1,0;0;;
Vid1_0830.png;3;Zebrafish;1680;1426;1927;1501;0,1,0,0;0;;
Vid1_0831.png;1;Zebrafish;1355;1383;1696;1503;0,0,1,0;0;;
Vid1_0831.png;2;Zebrafish;1452;1279;1766;1393;1,0,1,0;0;;
Vid1_0831.png;3;Zebrafish;1663;1417;1910;1500;0,1,0,0;0;;
Vid1_0832.png;1;Zebrafish;1354;1380;1693;1499;0,0,1,0;0;;
Vid1_0832.png;2;Zebrafish;1484;1304;1788;1417;1,0,1,0;0;;
Vid1_0832.png;3;Zebrafish;1593;1414;1855;1502;0,1,0,0;0;;
Vid1_0833.png;1;Zebrafish;1349;1379;1690;1499;0,0,1,0;0;;
Vid1_0833.png;2;Zebrafish;1486;1315;1790;1421;1,0,1,0;0;;
Vid1_0833.png;3;Zebrafish;1564;1417;1820;1502;0,1,0,0;0;;
Vid1_0834.png;1;Zebrafish;1348;1377;1689;1498;0,0,1,0;0;;
Vid1_0834.png;2;Zebrafish;1510;1328;1796;1427;1,0,1,0;0;;
Vid1_0834.png;3;Zebrafish;1533;1411;1797;1501;0,1,0,0;0;;
Vid1_0835.png;1;Zebrafish;1348;1377;1687;1501;0,0,1,0;0;;
Vid1_0835.png;2;Zebrafish;1510;1327;1795;1427;1,0,1,0;0;;
Vid1_0835.png;3;Zebrafish;1542;1411;1800;1501;0,1,0,0;0;;
Vid1_0836.png;1;Zebrafish;1344;1379;1675;1506;0,0,1,0;0;;
Vid1_0836.png;2;Zebrafish;1499;1343;1805;1433;1,0,1,0;0;;
Vid1_0836.png;3;Zebrafish;1428;1412;1701;1494;0,1,0,0;0;;
Vid1_0837.png;1;Zebrafish;1342;1379;1677;1503;0,0,1,0;0;;
Vid1_0837.png;2;Zebrafish;1501;1352;1808;1444;1,0,1,0;0;;
Vid1_0837.png;3;Zebrafish;1384;1413;1648;1497;0,1,0,0;0;;
Vid1_0838.png;1;Zebrafish;1341;1385;1693;1506;0,0,1,0;0;;
Vid1_0838.png;2;Zebrafish;1549;1364;1812;1453;1,0,1,0;0;;
Vid1_0838.png;3;Zebrafish;1326;1401;1601;1488;0,1,0,0;0;;
Vid1_0839.png;1;Zebrafish;1342;1387;1688;1507;0,0,1,0;0;;
Vid1_0839.png;2;Zebrafish;1553;1363;1820;1453;1,0,1,0;0;;
Vid1_0839.png;3;Zebrafish;1263;1391;1531;1479;0,1,0,0;0;;
Vid1_0840.png;1;Zebrafish;1368;1388;1687;1507;0,0,1,0;0;;
Vid1_0840.png;2;Zebrafish;1578;1379;1833;1468;1,0,1,0;0;;
Vid1_0840.png;3;Zebrafish;1201;1391;1476;1474;0,1,0,0;0;;
Vid1_0841.png;1;Zebrafish;1340;1388;1688;1507;0,0,1,0;0;;
Vid1_0841.png;2;Zebrafish;1568;1387;1842;1477;1,0,1,0;0;;
Vid1_0841.png;3;Zebrafish;1154;1384;1426;1468;0,1,0,0;0;;
Vid1_0842.png;1;Zebrafish;1337;1389;1678;1508;0,0,1,0;0;;
Vid1_0842.png;2;Zebrafish;1578;1392;1852;1491;1,0,1,0;0;;
Vid1_0842.png;3;Zebrafish;1098;1388;1371;1468;0,1,0,0;0;;
Vid1_0843.png;1;Zebrafish;1337;1389;1678;1508;0,0,1,0;0;;
Vid1_0843.png;2;Zebrafish;1577;1392;1850;1492;1,0,1,0;0;;
Vid1_0843.png;3;Zebrafish;1108;1388;1371;1468;0,1,0,0;0;;
Vid1_0844.png;1;Zebrafish;1337;1390;1676;1509;0,0,1,0;0;;
Vid1_0844.png;2;Zebrafish;1565;1408;1865;1505;1,0,1,0;0;;
Vid1_0845.png;1;Zebrafish;1337;1391;1675;1510;0,0,1,0;0;;
Vid1_0845.png;2;Zebrafish;1566;1412;1868;1504;1,0,1,0;0;;
Vid1_0846.png;1;Zebrafish;1337;1392;1674;1510;0,0,1,0;0;;
Vid1_0846.png;2;Zebrafish;1569;1415;1873;1506;1,0,1,0;0;;
Vid1_0847.png;1;Zebrafish;1330;1395;1676;1505;0,0,1,0;0;;
Vid1_0847.png;2;Zebrafish;1599;1405;1903;1498;1,0,1,0;0;;
Vid1_0848.png;1;Zebrafish;1329;1398;1676;1504;0,0,1,0;0;;
Vid1_0848.png;2;Zebrafish;1615;1402;1920;1500;1,0,1,0;0;;
Vid1_0849.png;1;Zebrafish;1329;1398;1674;1509;0,0,1,0;0;;
Vid1_0849.png;2;Zebrafish;1629;1401;1919;1493;1,0,1,0;0;;
Vid1_0850.png;1;Zebrafish;1329;1398;1674;1509;0,0,1,0;0;;
Vid1_0850.png;2;Zebrafish;1659;1400;1939;1506;1,0,1,0;0;;
Vid1_0851.png;1;Zebrafish;1324;1400;1675;1508;0,0,1,0;0;;
Vid1_0851.png;2;Zebrafish;1660;1395;1949;1505;1,0,1,0;0;;
Vid1_0852.png;1;Zebrafish;1320;1400;1673;1508;0,0,1,0;0;;
Vid1_0852.png;2;Zebrafish;1661;1395;1959;1504;1,0,1,0;0;;
Vid1_0853.png;1;Zebrafish;1321;1400;1673;1508;0,0,1,0;0;;
Vid1_0853.png;2;Zebrafish;1660;1395;1958;1504;1,0,1,0;0;;
Vid1_0854.png;3;Zebrafish;649;1338;897;1447;0,0,0,1;0;;
Vid1_0854.png;1;Zebrafish;1321;1406;1666;1510;0,0,1,0;0;;
Vid1_0854.png;2;Zebrafish;1661;1395;1958;1500;1,0,1,1;0;;
Vid1_0855.png;2;Zebrafish;1698;1393;1919;1506;1,1,0,0;0;;
Vid1_0856.png;3;Zebrafish;636;1354;857;1459;0,1,0,0;0;;
Vid1_0856.png;2;Zebrafish;1725;1393;1903;1498;1,1,0,0;0;;
Vid1_0857.png;3;Zebrafish;638;1350;761;1457;1,1,0,0;0;;
Vid1_0857.png;2;Zebrafish;1773;1389;1901;1492;0,1,0,0;0;;
Vid1_0858.png;2;Zebrafish;1754;1384;1910;1497;0,1,0,0;0;;
Vid1_0859.png;2;Zebrafish;1720;1382;1907;1496;0,1,0,0;0;;
Vid1_0860.png;2;Zebrafish;1692;1382;1929;1493;0,1,0,0;0;;
Vid1_0863.png;2;Zebrafish;1634;1383;1921;1502;0,0,0,0;0;;
Vid1_0864.png;1;Zebrafish;1304;1414;1660;1508;0,0,1,0;0;;
Vid1_0864.png;2;Zebrafish;1624;1383;1897;1507;0,0,1,0;0;;
Vid1_0865.png;1;Zebrafish;1304;1412;1654;1509;0,0,0,0;0;;
Vid1_0865.png;2;Zebrafish;1594;1378;1873;1507;0,0,0,0;0;;
Vid1_0866.png;1;Zebrafish;1304;1417;1660;1506;0,0,0,0;0;;
Vid1_0866.png;2;Zebrafish;1568;1372;1846;1504;0,0,0,0;0;;
Vid1_0867.png;1;Zebrafish;1306;1412;1657;1509;0,0,0,0;0;;
Vid1_0867.png;2;Zebrafish;1546;1363;1843;1508;0,0,0,0;0;;
Vid1_0868.png;1;Zebrafish;1306;1412;1657;1509;0,0,0,0;0;;
Vid1_0868.png;2;Zebrafish;1523;1352;1818;1508;0,0,0,0;0;;
Vid1_0869.png;1;Zebrafish;1306;1409;1663;1508;0,0,0,0;0;;
Vid1_0869.png;2;Zebrafish;1506;1345;1796;1504;0,0,0,0;0;;
Vid1_0870.png;1;Zebrafish;1306;1409;1663;1508;0,0,1,0;0;;
Vid1_0870.png;2;Zebrafish;1489;1337;1790;1501;0,0,1,0;0;;
Vid1_0871.png;1;Zebrafish;1306;1409;1657;1508;0,0,1,0;0;;
Vid1_0871.png;2;Zebrafish;1484;1335;1789;1501;0,0,1,0;0;;
Vid1_0872.png;1;Zebrafish;1306;1409;1670;1504;0,0,1,0;0;;
Vid1_0872.png;2;Zebrafish;1464;1328;1765;1496;0,0,1,0;0;;
Vid1_0873.png;1;Zebrafish;1312;1401;1669;1504;0,0,1,0;0;;
Vid1_0873.png;2;Zebrafish;1438;1323;1729;1493;0,0,1,0;0;;
Vid1_0874.png;1;Zebrafish;1312;1401;1669;1504;0,0,1,0;0;;
Vid1_0874.png;2;Zebrafish;1414;1318;1718;1484;0,0,1,0;0;;
Vid1_0875.png;3;Zebrafish;1444;1149;1672;1255;1,1,0,0;0;;
Vid1_0875.png;1;Zebrafish;1312;1401;1669;1504;0,0,1,0;0;;
Vid1_0875.png;2;Zebrafish;1401;1315;1703;1483;0,0,1,1;0;;
Vid1_0876.png;3;Zebrafish;1502;1122;1697;1238;1,1,0,0;0;;
Vid1_0876.png;1;Zebrafish;1317;1396;1673;1509;0,0,1,0;0;;
Vid1_0876.png;2;Zebrafish;1369;1307;1675;1477;0,0,1,0;0;;
Vid1_0877.png;3;Zebrafish;1505;1120;1704;1238;1,1,0,0;0;;
Vid1_0877.png;1;Zebrafish;1317;1396;1673;1509;0,0,1,0;0;;
Vid1_0877.png;2;Zebrafish;1365;1306;1673;1476;0,0,1,0;0;;
Vid1_0878.png;3;Zebrafish;1518;1096;1720;1206;1,1,0,1;0;;
Vid1_0878.png;1;Zebrafish;1320;1396;1667;1510;0,0,1,0;0;;
Vid1_0878.png;2;Zebrafish;1341;1301;1644;1470;0,0,1,0;0;;
Vid1_0879.png;3;Zebrafish;1532;1078;1737;1203;1,1,0,0;0;;
Vid1_0879.png;1;Zebrafish;1320;1396;1667;1510;0,0,1,0;0;;
Vid1_0879.png;2;Zebrafish;1315;1291;1611;1461;0,0,1,0;0;;
Vid1_0880.png;3;Zebrafish;1579;1060;1722;1160;1,1,0,0;0;;
Vid1_0880.png;1;Zebrafish;1322;1397;1677;1506;0,0,1,0;0;;
Vid1_0880.png;2;Zebrafish;1294;1283;1586;1461;0,0,1,0;0;;
Vid1_0881.png;3;Zebrafish;1565;1061;1716;1166;1,1,0,0;0;;
Vid1_0881.png;1;Zebrafish;1322;1397;1677;1506;0,0,1,0;0;;
Vid1_0881.png;2;Zebrafish;1295;1284;1596;1461;0,0,1,0;0;;
Vid1_0882.png;3;Zebrafish;1606;1052;1736;1147;0,1,0,0;0;;
Vid1_0882.png;1;Zebrafish;1322;1400;1677;1513;0,0,1,0;0;;
Vid1_0882.png;2;Zebrafish;1276;1271;1574;1446;0,0,1,0;0;;
Vid1_0883.png;3;Zebrafish;1580;1038;1762;1137;0,1,0,0;0;;
Vid1_0883.png;1;Zebrafish;1323;1400;1673;1504;0,0,1,0;0;;
Vid1_0883.png;2;Zebrafish;1246;1258;1540;1451;0,0,1,0;0;;
Vid1_0884.png;3;Zebrafish;1567;1038;1739;1141;0,1,0,0;0;;
Vid1_0884.png;1;Zebrafish;1324;1400;1670;1505;0,0,1,0;0;;
Vid1_0884.png;2;Zebrafish;1239;1250;1523;1441;0,0,1,0;0;;
Vid1_0885.png;3;Zebrafish;1555;1038;1707;1133;0,1,0,0;0;;
Vid1_0885.png;1;Zebrafish;1324;1400;1678;1505;0,0,1,0;0;;
Vid1_0885.png;2;Zebrafish;1225;1240;1515;1434;0,0,1,0;0;;
Vid1_0886.png;3;Zebrafish;1512;1028;1636;1133;0,1,0,0;0;;
Vid1_0886.png;1;Zebrafish;1324;1402;1679;1507;0,0,1,0;0;;
Vid1_0886.png;2;Zebrafish;1184;1218;1471;1413;0,0,1,0;0;;
Vid1_0887.png;3;Zebrafish;1504;1029;1631;1136;0,1,0,0;0;;
Vid1_0887.png;1;Zebrafish;1324;1402;1679;1507;0,0,1,0;0;;
Vid1_0887.png;2;Zebrafish;1182;1216;1470;1408;0,0,1,0;0;;
Vid1_0891.png;2;Zebrafish;1092;1152;1378;1357;0,0,0,0;0;;
Vid1_0892.png;2;Zebrafish;1067;1135;1349;1340;0,0,0,0;0;;
Vid1_0893.png;2;Zebrafish;1051;1123;1322;1327;0,0,0,0;0;;
Vid1_0894.png;2;Zebrafish;1028;1108;1299;1311;0,0,0,0;0;;
Vid1_0895.png;3;Zebrafish;1175;1102;1443;1195;0,0,0,0;0;;
Vid1_0895.png;2;Zebrafish;1001;1091;1286;1295;0,0,0,0;0;;
Vid1_0896.png;3;Zebrafish;1135;1106;1407;1193;0,0,1,0;0;;
Vid1_0896.png;2;Zebrafish;978;1079;1261;1280;0,0,1,0;0;;
Vid1_0897.png;3;Zebrafish;1111;1106;1380;1200;0,0,1,0;0;;
Vid1_0897.png;2;Zebrafish;968;1077;1255;1273;0,0,1,0;0;;
Vid1_0898.png;3;Zebrafish;1092;1102;1353;1196;0,0,1,0;0;;
Vid1_0898.png;2;Zebrafish;961;1074;1250;1274;0,0,1,0;0;;
Vid1_0899.png;3;Zebrafish;993;1102;1267;1182;0,0,1,0;0;;
Vid1_0899.png;2;Zebrafish;933;1070;1224;1264;0,0,1,0;0;;
Vid1_0904.png;3;Zebrafish;707;1079;974;1173;0,0,1,0;0;;
Vid1_0904.png;2;Zebrafish;875;1070;1162;1248;0,0,1,0;0;;
Vid1_0900.png;3;Zebrafish;921;1101;1193;1185;0,0,1,0;0;;
Vid1_0900.png;2;Zebrafish;917;1074;1210;1260;0,0,1,0;0;;
Vid1_0901.png;3;Zebrafish;912;1101;1185;1184;0,0,1,0;0;;
Vid1_0901.png;2;Zebrafish;915;1075;1208;1259;0,0,1,0;0;;
Vid1_0902.png;3;Zebrafish;833;1103;1106;1191;0,0,1,0;0;;
Vid1_0902.png;2;Zebrafish;910;1074;1194;1252;0,0,1,0;0;;
Vid1_0903.png;3;Zebrafish;758;1091;1024;1188;0,0,1,0;0;;
Vid1_0903.png;2;Zebrafish;887;1074;1181;1241;0,0,1,0;0;;
Vid1_0905.png;3;Zebrafish;715;1080;986;1173;0,0,1,0;0;;
Vid1_0905.png;2;Zebrafish;875;1070;1162;1248;0,0,1,0;0;;
Vid1_0906.png;3;Zebrafish;646;1060;919;1162;0,0,1,0;0;;
Vid1_0906.png;2;Zebrafish;867;1066;1163;1240;0,0,1,0;0;;
Vid1_0907.png;3;Zebrafish;599;1049;883;1150;0,0,1,1;0;;
Vid1_0907.png;2;Zebrafish;863;1062;1146;1247;0,0,1,1;0;;
Vid1_0919.png;2;Zebrafish;666;958;975;1146;0,0,0,1;0;;
Vid1_0921.png;3;Zebrafish;298;1071;441;1180;0,1,0,0;0;;
Vid1_0922.png;3;Zebrafish;309;1070;428;1184;1,1,0,1;0;;
Vid1_0923.png;3;Zebrafish;319;1078;410;1202;1,1,0,0;0;;
Vid1_0924.png;3;Zebrafish;301;1072;424;1217;1,1,0,0;0;;
Vid1_0925.png;3;Zebrafish;302;1074;432;1231;1,1,0,0;0;;
Vid1_0926.png;3;Zebrafish;320;1082;439;1239;1,1,0,0;0;;
Vid1_0927.png;3;Zebrafish;335;1114;469;1251;1,1,0,0;0;;
Vid1_0928.png;3;Zebrafish;326;1124;513;1275;1,1,0,1;0;;
Vid1_0930.png;3;Zebrafish;388;1165;608;1310;1,0,0,0;0;;
Vid1_0931.png;3;Zebrafish;392;1194;630;1317;1,0,0,1;0;;
Vid1_0937.png;2;Zebrafish;452;1005;758;1170;0,0,0,1;0;;
Vid1_0942.png;2;Zebrafish;447;1038;686;1163;0,1,0,0;0;;
Vid1_0942.png;3;Zebrafish;756;1198;988;1316;1,1,0,0;0;;
Vid1_0943.png;2;Zebrafish;445;1040;681;1164;0,1,0,0;0;;
Vid1_0943.png;3;Zebrafish;791;1184;995;1308;1,1,0,0;0;;
Vid1_0944.png;2;Zebrafish;428;1050;656;1172;0,1,0,0;0;;
Vid1_0945.png;2;Zebrafish;424;1058;620;1181;0,1,0,0;0;;
Vid1_0946.png;1;Zebrafish;1031;1159;1352;1347;0,0,1,0;0;;
Vid1_0946.png;3;Zebrafish;843;1147;1044;1262;1,0,1,0;0;;
Vid1_0946.png;2;Zebrafish;415;1067;554;1179;1,1,0,0;0;;
Vid1_0947.png;1;Zebrafish;1024;1152;1336;1338;0,0,1,0;0;;
Vid1_0947.png;3;Zebrafish;845;1133;1056;1230;1,0,1,0;0;;
Vid1_0947.png;2;Zebrafish;397;1074;586;1183;1,1,0,0;0;;
Vid1_0948.png;1;Zebrafish;1024;1154;1336;1341;0,0,1,0;0;;
Vid1_0948.png;3;Zebrafish;836;1135;1050;1235;1,0,1,0;0;;
Vid1_0948.png;2;Zebrafish;397;1074;581;1181;1,1,0,0;0;;
Vid1_0949.png;1;Zebrafish;1015;1143;1307;1330;0,0,1,0;0;;
Vid1_0949.png;3;Zebrafish;883;1119;1093;1205;1,0,1,0;0;;
Vid1_0949.png;2;Zebrafish;371;1084;626;1198;1,1,0,0;0;;
Vid1_0950.png;1;Zebrafish;997;1175;1287;1332;0,0,1,0;0;;
Vid1_0950.png;3;Zebrafish;905;1109;1125;1199;1,0,1,0;0;;
Vid1_0951.png;2;Zebrafish;364;1095;668;1210;1,0,0,1;0;;
Vid1_0951.png;1;Zebrafish;963;1119;1275;1322;0,0,1,1;0;;
Vid1_0951.png;3;Zebrafish;905;1110;1152;1202;1,0,1,1;0;;
Vid1_0952.png;1;Zebrafish;939;1107;1258;1321;0,0,1,0;0;;
Vid1_0952.png;3;Zebrafish;949;1115;1179;1211;1,0,1,0;0;;
Vid1_0953.png;1;Zebrafish;923;1104;1247;1310;0,0,1,0;0;;
Vid1_0953.png;3;Zebrafish;977;1103;1221;1225;1,0,1,0;0;;
Vid1_0954.png;1;Zebrafish;908;1100;1234;1297;0,0,1,0;0;;
Vid1_0954.png;3;Zebrafish;1002;1114;1257;1243;1,0,1,0;0;;
Vid1_0955.png;1;Zebrafish;892;1099;1217;1286;0,0,1,0;0;;
Vid1_0955.png;3;Zebrafish;1044;1126;1308;1264;1,0,1,0;0;;
Vid1_0956.png;1;Zebrafish;884;1098;1184;1277;0,0,1,1;0;;
Vid1_0956.png;3;Zebrafish;1100;1154;1354;1280;1,0,1,0;0;;
Vid1_0957.png;1;Zebrafish;867;1097;1172;1276;0,0,1,0;0;;
Vid1_0957.png;3;Zebrafish;1126;1169;1395;1291;1,0,1,0;0;;
Vid1_0958.png;1;Zebrafish;856;1098;1184;1277;0,0,1,0;0;;
Vid1_0958.png;3;Zebrafish;1168;1188;1435;1299;1,0,1,0;0;;
Vid1_0962.png;1;Zebrafish;816;1096;1136;1264;0,0,0,0;0;;
Vid1_0963.png;1;Zebrafish;814;1096;1134;1264;0,0,0,0;0;;
Vid1_0964.png;1;Zebrafish;789;1099;1125;1266;0,0,0,0;0;;
Vid1_0965.png;1;Zebrafish;788;1101;1097;1257;0,1,0,0;0;;
Vid1_0966.png;1;Zebrafish;817;1107;996;1232;0,1,0,0;0;;
Vid1_0967.png;1;Zebrafish;790;1106;994;1207;1,1,0,1;0;;
Vid1_0968.png;1;Zebrafish;785;1107;1034;1218;1,1,0,0;0;;
Vid1_0971.png;3;Zebrafish;1705;1225;1900;1323;1,1,0,0;0;;
Vid1_0972.png;3;Zebrafish;1794;1227;1896;1325;1,1,0,0;0;;
Vid1_0973.png;3;Zebrafish;1812;1227;1937;1339;0,1,0,0;0;;
Vid1_0974.png;3;Zebrafish;1806;1220;1879;1343;0,1,0,0;0;;
Vid1_0975.png;3;Zebrafish;1776;1215;1866;1359;0,1,0,0;0;;
Vid1_0976.png;1;Zebrafish;936;1191;1292;1313;1,0,1,0;0;;
Vid1_0976.png;2;Zebrafish;797;1298;1092;1417;1,0,1,0;0;;
Vid1_0976.png;3;Zebrafish;1737;1233;1849;1373;0,1,0,0;0;;
Vid1_0977.png;1;Zebrafish;936;1191;1292;1312;1,0,1,0;0;;
Vid1_0977.png;2;Zebrafish;791;1298;1086;1417;1,0,1,0;0;;
Vid1_0977.png;3;Zebrafish;1743;1227;1855;1372;0,1,0,0;0;;
Vid1_0978.png;1;Zebrafish;992;1204;1329;1315;1,0,1,0;0;;
Vid1_0978.png;2;Zebrafish;829;1299;1137;1420;1,0,1,0;0;;
Vid1_0978.png;3;Zebrafish;1670;1277;1856;1402;0,1,0,0;0;;
Vid1_0979.png;1;Zebrafish;1000;1214;1360;1312;1,0,1,0;0;;
Vid1_0979.png;2;Zebrafish;857;1304;1171;1426;1,0,1,0;0;;
Vid1_0980.png;3;Zebrafish;1227;1388;1479;1508;0,0,1,0;0;;
Vid1_0980.png;1;Zebrafish;1022;1218;1386;1315;1,0,1,0;0;;
Vid1_0980.png;2;Zebrafish;880;1307;1194;1429;1,0,1,0;0;;
Vid1_0981.png;3;Zebrafish;1036;1421;1305;1511;0,0,1,0;0;;
Vid1_0981.png;1;Zebrafish;1042;1221;1401;1325;1,0,1,0;0;;
Vid1_0981.png;2;Zebrafish;896;1308;1207;1435;1,0,1,0;0;;
Vid1_0982.png;3;Zebrafish;939;1423;1132;1495;0,0,1,0;0;;
Vid1_0982.png;1;Zebrafish;1059;1227;1420;1329;1,0,1,0;0;;
Vid1_0982.png;2;Zebrafish;914;1311;1224;1438;1,0,1,0;0;;
Vid1_0983.png;3;Zebrafish;906;1409;1067;1469;0,0,1,0;0;;
Vid1_0983.png;1;Zebrafish;1076;1235;1436;1340;1,0,1,0;0;;
Vid1_0983.png;2;Zebrafish;928;1316;1237;1423;1,0,1,0;0;;
Vid1_0984.png;3;Zebrafish;885;1381;1056;1464;0,0,1,0;0;;
Vid1_0984.png;1;Zebrafish;1093;1244;1453;1351;1,0,1,0;0;;
Vid1_0984.png;2;Zebrafish;947;1323;1248;1447;1,0,1,0;0;;
Vid1_0985.png;3;Zebrafish;896;1374;993;1464;1,1,1,0;0;;
Vid1_0985.png;1;Zebrafish;1108;1254;1469;1363;1,0,1,0;0;;
Vid1_0985.png;2;Zebrafish;957;1330;1258;1463;1,0,1,0;0;;
Vid1_0986.png;3;Zebrafish;878;1377;1045;1463;1,1,1,0;0;;
Vid1_0986.png;1;Zebrafish;1121;1263;1482;1373;1,0,1,0;0;;
Vid1_0986.png;2;Zebrafish;984;1337;1270;1468;1,0,1,0;0;;
Vid1_0987.png;3;Zebrafish;840;1362;1087;1452;1,0,1,0;0;;
Vid1_0987.png;1;Zebrafish;1135;1270;1496;1386;1,0,1,0;0;;
Vid1_0987.png;2;Zebrafish;997;1342;1281;1484;1,0,1,0;0;;
Vid1_0988.png;3;Zebrafish;850;1361;1091;1452;1,0,1,0;0;;
Vid1_0988.png;1;Zebrafish;1138;1269;1499;1386;1,0,1,0;0;;
Vid1_0988.png;2;Zebrafish;997;1342;1281;1484;1,0,1,0;0;;
Vid1_0989.png;3;Zebrafish;906;1340;1144;1430;1,0,1,0;0;;
Vid1_0989.png;1;Zebrafish;1161;1285;1521;1408;1,0,1,0;0;;
Vid1_0989.png;2;Zebrafish;1007;1354;1295;1486;1,0,1,0;0;;
Vid1_0990.png;3;Zebrafish;922;1331;1160;1426;1,0,1,0;0;;
Vid1_0990.png;1;Zebrafish;1174;1295;1533;1416;1,0,1,0;0;;
Vid1_0990.png;2;Zebrafish;1019;1364;1304;1492;1,0,1,0;0;;
Vid1_0991.png;3;Zebrafish;940;1326;1182;1426;1,0,1,0;0;;
Vid1_0991.png;1;Zebrafish;1188;1307;1544;1432;1,0,1,0;0;;
Vid1_0991.png;2;Zebrafish;1038;1347;1304;1495;1,0,1,0;0;;
Vid1_0992.png;3;Zebrafish;957;1327;1198;1423;1,0,1,0;0;;
Vid1_0992.png;1;Zebrafish;1206;1319;1555;1444;1,0,1,0;0;;
Vid1_0992.png;2;Zebrafish;1046;1342;1331;1494;1,0,1,0;0;;
Vid1_0993.png;3;Zebrafish;968;1326;1209;1419;1,0,1,0;0;;
Vid1_0993.png;1;Zebrafish;1208;1323;1565;1460;1,0,1,0;0;;
Vid1_0993.png;2;Zebrafish;1060;1341;1342;1491;1,0,1,0;0;;
Vid1_0994.png;3;Zebrafish;1011;1326;1259;1412;1,0,1,0;0;;
Vid1_0994.png;1;Zebrafish;1216;1326;1567;1464;1,0,1,0;0;;
Vid1_0994.png;2;Zebrafish;1065;1339;1346;1497;1,0,1,0;0;;
Vid1_0995.png;3;Zebrafish;1053;1315;1318;1407;1,0,1,0;0;;
Vid1_0995.png;1;Zebrafish;1216;1326;1573;1464;1,0,1,0;0;;
Vid1_0995.png;2;Zebrafish;1078;1339;1343;1493;1,0,1,0;0;;
Vid1_0996.png;3;Zebrafish;1061;1312;1326;1407;1,0,1,0;0;;
Vid1_0996.png;1;Zebrafish;1218;1329;1573;1467;1,0,1,0;0;;
Vid1_0996.png;2;Zebrafish;1077;1337;1346;1492;1,0,1,0;0;;
Vid1_0997.png;3;Zebrafish;1132;1293;1405;1384;1,0,1,0;0;;
Vid1_0997.png;1;Zebrafish;1233;1336;1581;1478;1,0,1,0;0;;
Vid1_0997.png;2;Zebrafish;1092;1345;1360;1486;1,0,1,0;0;;
Vid1_0998.png;3;Zebrafish;1163;1281;1424;1381;1,0,1,0;0;;
Vid1_0998.png;1;Zebrafish;1241;1339;1585;1482;1,0,1,0;0;;
Vid1_0998.png;2;Zebrafish;1096;1348;1375;1486;1,0,1,0;0;;
Vid1_0999.png;3;Zebrafish;1208;1268;1469;1386;1,0,1,0;0;;
Vid1_0999.png;1;Zebrafish;1234;1346;1588;1485;1,0,1,0;0;;
Vid1_0999.png;2;Zebrafish;1121;1353;1380;1485;1,0,1,0;0;;
Vid1_1000.png;3;Zebrafish;1244;1252;1504;1368;1,0,0,0;0;;
Vid1_1000.png;1;Zebrafish;1236;1350;1592;1488;1,0,1,0;0;;
Vid1_1000.png;2;Zebrafish;1121;1357;1407;1480;1,0,1,0;0;;
Vid1_1001.png;1;Zebrafish;1240;1355;1595;1492;1,0,1,0;0;;
Vid1_1001.png;2;Zebrafish;1113;1361;1406;1482;1,0,1,0;0;;
Vid1_1002.png;1;Zebrafish;1254;1358;1597;1495;1,0,1,0;0;;
Vid1_1002.png;2;Zebrafish;1123;1367;1409;1480;1,0,1,0;0;;
Vid1_1003.png;1;Zebrafish;1246;1358;1598;1494;1,0,1,0;0;;
Vid1_1003.png;2;Zebrafish;1129;1368;1417;1481;1,0,1,0;0;;
Vid1_1004.png;1;Zebrafish;1247;1360;1601;1504;1,0,1,0;0;;
Vid1_1004.png;2;Zebrafish;1139;1371;1421;1489;1,0,1,0;0;;
Vid1_1005.png;1;Zebrafish;1258;1361;1605;1513;1,0,1,0;0;;
Vid1_1005.png;2;Zebrafish;1153;1374;1429;1503;1,0,1,0;0;;
Vid1_1006.png;1;Zebrafish;1255;1364;1608;1502;1,0,1,0;0;;
Vid1_1006.png;2;Zebrafish;1171;1374;1443;1501;1,0,1,0;0;;
Vid1_1007.png;1;Zebrafish;1256;1368;1609;1501;1,0,1,0;0;;
Vid1_1007.png;2;Zebrafish;1184;1375;1455;1495;1,0,1,0;0;;
Vid1_1008.png;3;Zebrafish;1537;1170;1821;1263;1,0,0,1;0;;
Vid1_1008.png;1;Zebrafish;1261;1368;1615;1506;1,0,1,0;0;;
Vid1_1008.png;2;Zebrafish;1208;1373;1477;1501;1,0,1,0;0;;
Vid1_1009.png;3;Zebrafish;1590;1164;1870;1266;1,0,0,0;0;;
Vid1_1009.png;1;Zebrafish;1274;1368;1617;1507;1,0,1,0;0;;
Vid1_1009.png;2;Zebrafish;1232;1367;1501;1496;1,0,1,0;0;;
Vid1_1010.png;1;Zebrafish;1278;1368;1623;1507;1,0,1,0;0;;
Vid1_1010.png;2;Zebrafish;1263;1361;1548;1496;1,0,1,0;0;;
Vid1_1011.png;1;Zebrafish;1278;1368;1623;1507;1,0,1,0;0;;
Vid1_1011.png;2;Zebrafish;1261;1362;1541;1496;1,0,1,0;0;;
Vid1_1012.png;1;Zebrafish;1278;1368;1632;1507;1,0,1,0;0;;
Vid1_1012.png;2;Zebrafish;1332;1342;1592;1502;1,0,1,0;0;;
Vid1_1013.png;3;Zebrafish;1747;1116;1891;1221;1,1,0,0;0;;
Vid1_1013.png;1;Zebrafish;1279;1368;1634;1513;1,0,1,0;0;;
Vid1_1013.png;2;Zebrafish;1349;1328;1634;1488;1,0,1,0;0;;
Vid1_1014.png;3;Zebrafish;1722;1118;1895;1221;1,1,0,0;0;;
Vid1_1014.png;1;Zebrafish;1279;1368;1634;1513;1,0,1,0;0;;
Vid1_1014.png;2;Zebrafish;1349;1328;1634;1488;1,0,1,0;0;;
Vid1_1015.png;3;Zebrafish;1802;1108;1881;1201;0,1,0,0;0;;
Vid1_1015.png;1;Zebrafish;1279;1368;1634;1513;1,0,1,0;0;;
Vid1_1015.png;2;Zebrafish;1477;1300;1689;1383;1,0,1,0;0;;
Vid1_1016.png;3;Zebrafish;1794;1101;1872;1190;0,1,0,0;0;;
Vid1_1016.png;1;Zebrafish;1289;1368;1643;1507;1,0,1,0;0;;
Vid1_1016.png;2;Zebrafish;1526;1280;1735;1378;1,0,1,0;0;;
Vid1_1017.png;3;Zebrafish;1794;1101;1872;1190;0,1,0,0;0;;
Vid1_1017.png;1;Zebrafish;1289;1368;1643;1506;1,0,1,0;0;;
Vid1_1017.png;2;Zebrafish;1521;1281;1729;1377;1,0,1,0;0;;
Vid1_1018.png;3;Zebrafish;1789;1097;1863;1192;0,1,0,0;0;;
Vid1_1018.png;1;Zebrafish;1293;1364;1646;1510;1,0,1,0;0;;
Vid1_1018.png;2;Zebrafish;1555;1261;1775;1374;1,0,1,0;0;;
Vid1_1019.png;3;Zebrafish;1780;1094;1864;1218;1,1,0,0;0;;
Vid1_1019.png;1;Zebrafish;1296;1359;1651;1506;1,0,1,0;0;;
Vid1_1019.png;2;Zebrafish;1579;1252;1800;1381;1,0,1,0;0;;
Vid1_1020.png;3;Zebrafish;1743;1086;1868;1249;1,1,0,0;0;;
Vid1_1020.png;1;Zebrafish;1304;1355;1652;1505;1,0,1,0;0;;
Vid1_1020.png;2;Zebrafish;1593;1247;1817;1385;1,0,1,0;0;;
Vid1_1021.png;3;Zebrafish;1757;1087;1869;1246;1,1,0,0;0;;
Vid1_1021.png;1;Zebrafish;1304;1355;1651;1504;1,0,1,0;0;;
Vid1_1021.png;2;Zebrafish;1594;1249;1815;1387;1,0,1,0;0;;
Vid1_1022.png;3;Zebrafish;1731;1138;1884;1302;1,1,1,0;0;;
Vid1_1022.png;1;Zebrafish;1308;1353;1661;1512;1,0,1,0;0;;
Vid1_1022.png;2;Zebrafish;1622;1248;1836;1385;1,0,1,1;0;;
Vid1_1023.png;3;Zebrafish;1767;1192;1902;1346;1,1,1,0;0;;
Vid1_1023.png;1;Zebrafish;1312;1352;1664;1509;1,0,1,0;0;;
Vid1_1023.png;2;Zebrafish;1627;1253;1827;1385;1,0,1,0;0;;
Vid1_1024.png;3;Zebrafish;1790;1219;1895;1355;1,1,1,0;0;;
Vid1_1024.png;1;Zebrafish;1315;1352;1665;1510;1,0,1,0;0;;
Vid1_1024.png;2;Zebrafish;1631;1254;1857;1386;1,0,1,0;0;;
Vid1_1025.png;3;Zebrafish;1806;1225;1905;1377;1,1,1,0;0;;
Vid1_1025.png;1;Zebrafish;1321;1352;1669;1507;1,0,1,0;0;;
Vid1_1025.png;2;Zebrafish;1635;1256;1865;1385;1,0,1,0;0;;
Vid1_1026.png;3;Zebrafish;1767;1299;1920;1399;1,1,1,0;0;;
Vid1_1026.png;1;Zebrafish;1326;1353;1673;1508;1,0,1,0;0;;
Vid1_1026.png;2;Zebrafish;1638;1249;1851;1388;1,0,1,0;0;;
Vid1_1027.png;3;Zebrafish;1758;1320;1929;1418;1,1,1,0;0;;
Vid1_1027.png;1;Zebrafish;1326;1354;1678;1509;1,0,1,0;0;;
Vid1_1027.png;2;Zebrafish;1629;1247;1834;1384;1,0,1,0;0;;
Vid1_1028.png;3;Zebrafish;1749;1321;1928;1417;1,1,1,0;0;;
Vid1_1028.png;1;Zebrafish;1326;1354;1678;1510;1,0,1,0;0;;
Vid1_1028.png;2;Zebrafish;1630;1247;1838;1383;1,0,1,0;0;;
Vid1_1029.png;3;Zebrafish;1814;1319;1953;1415;1,1,0,0;0;;
Vid1_1029.png;1;Zebrafish;1335;1360;1683;1513;1,0,1,0;0;;
Vid1_1029.png;2;Zebrafish;1569;1248;1830;1388;1,1,1,0;0;;
Vid1_1030.png;3;Zebrafish;1849;1318;1956;1424;0,1,0,0;0;;
Vid1_1030.png;1;Zebrafish;1335;1360;1683;1513;1,0,1,0;0;;
Vid1_1030.png;2;Zebrafish;1624;1261;1803;1391;0,1,1,0;0;;
Vid1_1031.png;3;Zebrafish;1796;1324;1946;1436;0,1,0,0;0;;
Vid1_1031.png;2;Zebrafish;1609;1254;1814;1375;0,1,0,0;0;;
Vid1_1032.png;1;Zebrafish;1336;1365;1688;1506;1,0,1,0;0;;
Vid1_1032.png;3;Zebrafish;1775;1341;1977;1442;0,1,0,0;0;;
Vid1_1032.png;2;Zebrafish;1570;1257;1841;1371;0,1,1,0;0;;
Vid1_1033.png;1;Zebrafish;1349;1370;1690;1510;1,0,1,0;0;;
Vid1_1033.png;3;Zebrafish;1722;1373;1938;1465;0,0,0,0;0;;
Vid1_1033.png;2;Zebrafish;1487;1294;1780;1391;0,0,1,0;0;;
Vid1_1034.png;1;Zebrafish;1388;1365;1701;1485;1,0,1,0;0;;
Vid1_1034.png;3;Zebrafish;1684;1373;1915;1460;0,0,1,0;0;;
Vid1_1034.png;2;Zebrafish;1451;1304;1779;1400;0,0,1,1;0;;
Vid1_1035.png;1;Zebrafish;1389;1361;1716;1481;1,0,1,0;0;;
Vid1_1035.png;3;Zebrafish;1657;1362;1892;1462;0,0,1,0;0;;
Vid1_1035.png;2;Zebrafish;1425;1319;1740;1415;0,0,1,0;0;;
Vid1_1036.png;1;Zebrafish;1396;1356;1734;1477;1,0,1,0;0;;
Vid1_1036.png;3;Zebrafish;1614;1362;1851;1455;0,0,1,0;0;;
Vid1_1036.png;2;Zebrafish;1396;1331;1707;1425;0,0,1,0;0;;
Vid1_1037.png;1;Zebrafish;1419;1352;1751;1471;1,0,1,0;0;;
Vid1_1037.png;3;Zebrafish;1568;1351;1813;1451;0,0,1,0;0;;
Vid1_1037.png;2;Zebrafish;1368;1344;1576;1437;0,0,1,0;0;;
Vid1_1038.png;1;Zebrafish;1437;1352;1764;1472;1,0,1,0;0;;
Vid1_1038.png;3;Zebrafish;1527;1356;1780;1454;0,0,1,0;0;;
Vid1_1038.png;2;Zebrafish;1350;1357;1559;1448;0,0,1,0;0;;
Vid1_1039.png;1;Zebrafish;1447;1346;1779;1471;1,0,1,0;0;;
Vid1_1039.png;3;Zebrafish;1474;1372;1733;1466;0,0,1,0;0;;
Vid1_1039.png;2;Zebrafish;1331;1367;1545;1452;0,0,1,0;0;;
Vid1_1040.png;1;Zebrafish;1453;1341;1792;1426;1,0,1,0;0;;
Vid1_1040.png;3;Zebrafish;1416;1393;1676;1477;0,0,1,0;0;;
Vid1_1040.png;2;Zebrafish;1313;1386;1621;1484;0,0,1,0;0;;
Vid1_1041.png;1;Zebrafish;1506;1339;1804;1441;1,0,1,0;0;;
Vid1_1041.png;3;Zebrafish;1348;1403;1617;1492;0,0,1,0;0;;
Vid1_1041.png;2;Zebrafish;1300;1387;1599;1498;0,0,1,0;0;;
Vid1_1042.png;1;Zebrafish;1491;1336;1813;1471;1,0,1,0;0;;
Vid1_1042.png;3;Zebrafish;1310;1402;1586;1491;0,0,1,0;0;;
Vid1_1042.png;2;Zebrafish;1287;1385;1580;1500;0,0,1,0;0;;
Vid1_1043.png;1;Zebrafish;1491;1334;1826;1474;1,0,1,0;0;;
Vid1_1043.png;3;Zebrafish;1268;1396;1558;1490;0,0,1,0;0;;
Vid1_1043.png;2;Zebrafish;1266;1380;1495;1464;0,0,1,0;0;;
Vid1_1044.png;1;Zebrafish;1487;1333;1825;1469;1,0,1,0;0;;
Vid1_1044.png;3;Zebrafish;1273;1394;1558;1492;0,0,1,0;0;;
Vid1_1044.png;2;Zebrafish;1267;1380;1496;1464;0,0,1,0;0;;
Vid1_1045.png;1;Zebrafish;1519;1328;1841;1472;1,0,1,0;0;;
Vid1_1045.png;3;Zebrafish;1204;1394;1455;1484;0,0,1,0;0;;
Vid1_1045.png;2;Zebrafish;1242;1366;1535;1497;0,0,1,0;0;;
Vid1_1046.png;3;Zebrafish;1140;1390;1415;1475;0,0,1,0;0;;
Vid1_1046.png;2;Zebrafish;1210;1355;1500;1488;0,0,1,0;0;;
Vid1_1047.png;3;Zebrafish;1146;1391;1421;1475;0,0,1,0;0;;
Vid1_1047.png;2;Zebrafish;1214;1358;1503;1491;0,0,1,0;0;;
Vid1_1048.png;3;Zebrafish;1083;1378;1332;1470;0,0,1,0;0;;
Vid1_1048.png;2;Zebrafish;1173;1334;1470;1496;0,0,1,0;0;;
Vid1_1049.png;3;Zebrafish;1004;1331;1263;1458;0,0,1,0;0;;
Vid1_1049.png;2;Zebrafish;1143;1325;1439;1487;0,0,1,0;0;;
Vid1_1050.png;3;Zebrafish;934;1299;1196;1432;0,0,1,0;0;;
Vid1_1050.png;2;Zebrafish;1124;1320;1425;1486;0,0,1,0;0;;
Vid1_1051.png;3;Zebrafish;943;1303;1206;1432;0,0,1,0;0;;
Vid1_1051.png;2;Zebrafish;1126;1321;1426;1486;0,0,1,0;0;;
Vid1_1052.png;3;Zebrafish;839;1262;1112;1372;0,0,1,0;0;;
Vid1_1052.png;2;Zebrafish;1108;1316;1404;1486;0,0,1,0;0;;
Vid1_1056.png;1;Zebrafish;1611;1319;1918;1462;1,0,0,1;0;;
Vid1_1056.png;2;Zebrafish;1069;1333;1369;1490;0,0,0,1;0;;
Vid1_1057.png;1;Zebrafish;1674;1317;1877;1440;1,1,0,0;0;;
Vid1_1058.png;1;Zebrafish;1695;1320;1890;1431;0,1,0,0;0;;
Vid1_1059.png;1;Zebrafish;1688;1321;1892;1428;0,1,0,0;0;;
Vid1_1060.png;1;Zebrafish;1612;1317;1926;1409;0,0,0,0;0;;
Vid1_1074.png;3;Zebrafish;114;1067;317;1202;0,1,0,0;0;;
Vid1_1075.png;3;Zebrafish;118;1035;219;1176;1,1,0,0;0;;
Vid1_1076.png;3;Zebrafish;93;1012;239;1151;1,1,0,0;0;;
Vid1_1077.png;3;Zebrafish;147;996;301;1108;1,1,0,0;0;;
Vid1_1084.png;2;Zebrafish;355;1140;595;1347;0,0,0,0;0;;
Vid1_1085.png;2;Zebrafish;375;1139;574;1306;0,1,0,0;0;;
Vid1_1086.png;1;Zebrafish;1067;1156;1395;1348;0,0,0,1;0;;
Vid1_1086.png;2;Zebrafish;360;1146;529;1300;1,1,0,1;0;;
Vid2_0003.png;4;Zebrafish;1113;920;1436;1029;1,0,0,0;0;;
Vid2_0004.png;4;Zebrafish;1119;918;1444;1023;1,0,0,0;0;;
Vid2_0005.png;4;Zebrafish;1151;909;1477;1013;1,0,0,0;0;;
Vid2_0006.png;4;Zebrafish;1157;907;1482;1013;1,0,0,0;0;;
Vid2_0007.png;4;Zebrafish;1218;904;1540;1019;1,0,0,0;0;;
Vid2_0008.png;4;Zebrafish;1234;910;1568;1022;1,0,0,0;0;;
Vid2_0009.png;4;Zebrafish;1250;917;1590;1028;1,0,0,0;0;;
Vid2_0010.png;4;Zebrafish;1274;920;1613;1033;1,0,0,0;0;;
Vid2_0011.png;4;Zebrafish;1270;920;1609;1032;1,0,0,0;0;;
Vid2_0012.png;4;Zebrafish;1310;928;1644;1044;1,0,0,0;0;;
Vid2_0014.png;4;Zebrafish;1375;939;1670;1057;1,0,0,0;0;;
Vid2_0015.png;4;Zebrafish;1391;943;1699;1060;1,0,0,0;0;;
Vid2_0016.png;4;Zebrafish;1413;953;1708;1071;1,0,0,0;0;;
Vid2_0017.png;4;Zebrafish;1462;943;1732;1086;1,0,0,0;0;;
Vid2_0019.png;4;Zebrafish;1522;948;1785;1121;1,0,0,0;0;;
Vid2_0024.png;4;Zebrafish;1513;1036;1799;1157;0,0,0,0;0;;
Vid2_0025.png;4;Zebrafish;1486;1042;1757;1153;0,0,0,0;0;;
Vid2_0026.png;4;Zebrafish;1459;1048;1769;1150;0,0,0,0;0;;
Vid2_0027.png;4;Zebrafish;1436;1046;1764;1147;0,0,0,0;0;;
Vid2_0028.png;4;Zebrafish;1425;1045;1755;1146;0,0,0,0;0;;
Vid2_0029.png;4;Zebrafish;1388;1033;1688;1160;0,0,0,0;0;;
Vid2_0030.png;4;Zebrafish;1338;1042;1673;1150;0,0,0,0;0;;
Vid2_0031.png;4;Zebrafish;1346;1043;1672;1149;0,0,0,0;0;;
Vid2_0032.png;4;Zebrafish;1294;1055;1643;1152;0,0,0,0;0;;
Vid2_0033.png;4;Zebrafish;1287;1055;1631;1157;0,0,0,0;0;;
Vid2_0034.png;4;Zebrafish;1190;1060;1531;1163;0,0,0,0;0;;
Vid2_0035.png;4;Zebrafish;1132;1060;1467;1173;0,0,0,0;0;;
Vid2_0037.png;4;Zebrafish;1026;1080;1376;1180;0,0,0,0;0;;
Vid2_0038.png;4;Zebrafish;977;1084;1328;1187;0,0,0,0;0;;
Vid2_0039.png;4;Zebrafish;941;1091;1292;1193;0,0,0,0;0;;
Vid2_0040.png;4;Zebrafish;900;1103;1249;1201;0,0,0,0;0;;
Vid2_0041.png;4;Zebrafish;867;1106;1211;1208;0,0,0,0;0;;
Vid2_0042.png;4;Zebrafish;831;1108;1183;1216;0,0,0,0;0;;
Vid2_0044.png;4;Zebrafish;780;1124;1132;1235;0,0,0,0;0;;
Vid2_0045.png;4;Zebrafish;756;1136;1103;1249;0,0,0,0;0;;
Vid2_0046.png;4;Zebrafish;760;1134;1106;1245;0,0,0,0;0;;
Vid2_0047.png;4;Zebrafish;720;1155;1070;1259;0,0,0,0;0;;
Vid2_0048.png;4;Zebrafish;713;1157;1057;1261;0,0,0,0;0;;
Vid2_0049.png;4;Zebrafish;708;1158;1052;1262;0,0,0,0;0;;
Vid2_0050.png;4;Zebrafish;672;1176;1022;1277;0,0,0,0;0;;
Vid2_0051.png;4;Zebrafish;655;1184;1003;1282;0,0,0,0;0;;
Vid2_0052.png;4;Zebrafish;637;1192;983;1292;0,0,0,0;0;;
Vid2_0053.png;4;Zebrafish;637;1192;983;1292;0,0,0,0;0;;
Vid2_0054.png;4;Zebrafish;633;1193;979;1294;0,0,0,0;0;;
Vid2_0055.png;4;Zebrafish;601;1205;945;1306;0,0,0,0;0;;
Vid2_0056.png;4;Zebrafish;586;1213;931;1313;0,0,0,0;0;;
Vid2_0057.png;4;Zebrafish;569;1222;913;1320;0,0,0,0;0;;
Vid2_0058.png;4;Zebrafish;552;1227;893;1329;0,0,0,0;0;;
Vid2_0059.png;4;Zebrafish;552;1227;893;1329;0,0,0,0;0;;
Vid2_0060.png;4;Zebrafish;549;1228;890;1331;0,0,0,0;0;;
Vid2_0061.png;4;Zebrafish;529;1239;817;1342;0,0,0,0;0;;
Vid2_0062.png;4;Zebrafish;500;1244;795;1335;0,0,0,0;0;;
Vid2_0063.png;4;Zebrafish;471;1242;772;1340;0,0,0,0;0;;
Vid2_0064.png;4;Zebrafish;475;1242;776;1340;0,0,0,0;0;;
Vid2_0068.png;4;Zebrafish;481;1189;774;1315;1,0,0,0;0;;
Vid2_0069.png;4;Zebrafish;504;1188;834;1298;1,0,0,0;0;;
Vid2_0070.png;4;Zebrafish;542;1185;881;1281;1,0,0,0;0;;
Vid2_0071.png;4;Zebrafish;587;1178;929;1277;1,0,0,0;0;;
Vid2_0072.png;4;Zebrafish;629;1172;971;1273;1,0,0,0;0;;
Vid2_0073.png;4;Zebrafish;659;1167;1003;1272;1,0,0,0;0;;
Vid2_0074.png;4;Zebrafish;659;1167;1003;1272;1,0,0,0;0;;
Vid2_0075.png;4;Zebrafish;667;1167;1009;1271;1,0,0,0;0;;
Vid2_0076.png;4;Zebrafish;695;1163;1036;1271;1,0,0,0;0;;
Vid2_0077.png;4;Zebrafish;700;1162;1041;1271;1,0,0,0;0;;
Vid2_0078.png;4;Zebrafish;728;1159;1066;1271;1,0,0,0;0;;
Vid2_0079.png;4;Zebrafish;733;1159;1071;1271;1,0,0,0;0;;
Vid2_0080.png;4;Zebrafish;766;1154;1093;1273;1,0,0,0;0;;
Vid2_0086.png;4;Zebrafish;966;1067;1301;1205;1,0,0,0;0;;
Vid2_0087.png;4;Zebrafish;966;1067;1301;1205;1,0,0,0;0;;
Vid2_0088.png;4;Zebrafish;972;1065;1306;1203;1,0,0,0;0;;
Vid2_0089.png;4;Zebrafish;997;1058;1331;1194;1,0,0,0;0;;
Vid2_0090.png;4;Zebrafish;1002;1056;1336;1191;1,0,0,0;0;;
Vid2_0100.png;4;Zebrafish;1344;918;1663;1073;1,0,0,0;0;;
Vid2_0101.png;4;Zebrafish;1386;894;1700;1079;1,0,0,0;0;;
Vid2_0098.png;4;Zebrafish;1281;949;1616;1101;1,0,0,0;0;;
Vid2_0102.png;4;Zebrafish;1407;882;1721;1063;1,0,0,0;0;;
Vid2_0103.png;4;Zebrafish;1446;859;1772;1029;1,0,0,0;0;;
Vid2_0104.png;4;Zebrafish;1478;843;1805;1006;1,0,0,0;0;;
Vid2_0106.png;4;Zebrafish;1526;820;1857;977;1,0,0,0;0;;
Vid2_0107.png;4;Zebrafish;1552;812;1882;964;1,0,0,0;0;;
Vid2_0108.png;4;Zebrafish;1563;809;1892;959;1,0,0,0;0;;
Vid2_0109.png;4;Zebrafish;1591;801;1922;947;1,0,0,0;0;;
Vid2_0110.png;4;Zebrafish;1643;799;1951;940;1,0,0,0;0;;
Vid2_0111.png;4;Zebrafish;1663;793;1969;920;1,0,0,0;0;;
Vid2_0112.png;4;Zebrafish;1677;790;2008;903;1,0,0,0;0;;
Vid2_0113.png;4;Zebrafish;1693;791;2020;905;1,0,0,0;0;;
Vid2_0114.png;4;Zebrafish;1700;792;2021;908;1,0,0,0;0;;
Vid2_0125.png;4;Zebrafish;1741;886;2007;1016;1,0,0,0;0;;
Vid2_0137.png;4;Zebrafish;1702;990;1997;1115;0,0,0,0;0;;
Vid2_0146.png;4;Zebrafish;1326;830;1672;950;0,0,0,0;0;;
Vid2_0147.png;4;Zebrafish;1280;821;1622;942;0,0,0,0;0;;
Vid2_0148.png;4;Zebrafish;1259;819;1594;936;0,0,0,0;0;;
Vid2_0149.png;4;Zebrafish;1201;812;1545;927;0,0,0,0;0;;
Vid2_0151.png;4;Zebrafish;1166;799;1503;936;0,0,0,0;0;;
Vid2_0152.png;4;Zebrafish;1075;798;1424;903;0,0,0,0;0;;
Vid2_0153.png;4;Zebrafish;1033;793;1381;899;0,0,0,0;0;;
Vid2_0154.png;4;Zebrafish;1039;795;1389;899;0,0,0,0;0;;
Vid2_0155.png;4;Zebrafish;980;788;1328;894;0,0,0,0;0;;
Vid2_0156.png;4;Zebrafish;952;790;1290;898;0,0,0,0;0;;
Vid2_0157.png;4;Zebrafish;893;794;1229;900;0,0,0,0;0;;
Vid2_0159.png;4;Zebrafish;817;788;1153;885;0,0,0,0;0;;
Vid2_0160.png;4;Zebrafish;781;784;1118;892;0,0,0,0;0;;
Vid2_0161.png;4;Zebrafish;748;785;1085;898;0,0,0,0;0;;
Vid2_0162.png;4;Zebrafish;712;789;1056;893;0,0,0,0;0;;
Vid2_0163.png;4;Zebrafish;697;794;1041;895;0,0,0,0;0;;
Vid2_0164.png;4;Zebrafish;647;793;958;906;0,0,0,0;0;;
Vid2_0165.png;4;Zebrafish;598;802;937;920;0,0,0,0;0;;
Vid2_0166.png;4;Zebrafish;574;805;913;927;0,0,0,0;0;;
Vid2_0167.png;4;Zebrafish;520;827;861;943;0,0,0,0;0;;
Vid2_0168.png;4;Zebrafish;520;827;861;943;0,0,0,0;0;;
Vid2_0169.png;4;Zebrafish;513;830;855;945;0,0,0,0;0;;
Vid2_0170.png;4;Zebrafish;507;832;848;948;0,0,0,0;0;;
Vid2_0171.png;4;Zebrafish;478;843;818;957;0,0,0,0;0;;
Vid2_0172.png;4;Zebrafish;466;847;807;962;0,0,0,0;0;;
Vid2_0173.png;4;Zebrafish;443;866;758;972;0,0,0,0;0;;
Vid2_0175.png;4;Zebrafish;397;848;710;987;0,0,0,0;0;;
Vid2_0176.png;4;Zebrafish;408;856;658;997;0,0,0,0;0;;
Vid2_0177.png;4;Zebrafish;397;860;648;1007;0,0,0,0;0;;
Vid2_0178.png;4;Zebrafish;386;863;633;1011;0,0,0,0;0;;
Vid2_0179.png;4;Zebrafish;359;852;604;1036;0,0,0,0;0;;
Vid2_0185.png;4;Zebrafish;295;957;564;1064;1,0,0,0;0;;
Vid2_0186.png;4;Zebrafish;352;943;619;1070;1,0,0,0;0;;
Vid2_0187.png;4;Zebrafish;345;958;661;1078;1,0,0,0;0;;
Vid2_0218.png;4;Zebrafish;392;1042;712;1153;0,0,0,0;0;;
Vid2_0219.png;4;Zebrafish;372;1048;695;1154;0,0,0,0;0;;
Vid2_0220.png;4;Zebrafish;348;1048;644;1162;0,0,0,0;0;;
Vid2_0221.png;4;Zebrafish;314;1047;628;1153;0,0,0,0;0;;
Vid2_0222.png;4;Zebrafish;279;1037;603;1161;0,0,0,0;0;;
Vid2_0223.png;4;Zebrafish;249;1044;567;1160;0,0,0,0;0;;
Vid2_0225.png;4;Zebrafish;197;1047;534;1163;0,0,0,0;0;;
Vid2_0226.png;4;Zebrafish;174;1045;509;1170;0,0,0,0;0;;
Vid2_0227.png;4;Zebrafish;152;1045;479;1169;0,0,0,0;0;;
Vid2_0228.png;4;Zebrafish;150;1051;477;1170;0,0,0,0;0;;
Vid2_0229.png;4;Zebrafish;133;1041;423;1167;0,0,0,0;0;;
Vid2_0230.png;4;Zebrafish;118;1035;419;1174;0,0,0,0;0;;
Vid2_0237.png;4;Zebrafish;141;1091;444;1199;1,0,0,0;0;;
Vid2_0238.png;4;Zebrafish;201;1070;487;1199;1,0,0,0;0;;
Vid2_0239.png;4;Zebrafish;207;1054;514;1184;1,0,0,0;0;;
Vid2_0240.png;4;Zebrafish;207;1051;519;1181;1,0,0,0;0;;
Vid2_0241.png;4;Zebrafish;259;1026;564;1163;1,0,0,0;0;;
Vid2_0242.png;4;Zebrafish;292;1020;607;1126;1,0,0,0;0;;
Vid2_0243.png;4;Zebrafish;334;999;647;1136;1,0,0,0;0;;
Vid2_0245.png;4;Zebrafish;406;988;737;1095;1,0,0,0;0;;
Vid2_0248.png;4;Zebrafish;529;957;851;1072;1,0,0,0;0;;
Vid2_0249.png;4;Zebrafish;568;948;893;1060;1,0,0,0;0;;
Vid2_0250.png;4;Zebrafish;561;947;886;1063;1,0,0,0;0;;
Vid2_0251.png;4;Zebrafish;632;933;951;1046;1,0,0,0;0;;
Vid2_0252.png;4;Zebrafish;648;926;967;1046;1,0,0,0;0;;
Vid2_0260.png;4;Zebrafish;722;859;1022;991;0,0,0,0;0;;
Vid2_0261.png;4;Zebrafish;672;838;993;974;0,0,0,0;0;;
Vid2_0262.png;4;Zebrafish;631;835;953;959;0,0,0,0;0;;
Vid2_0263.png;4;Zebrafish;592;827;934;941;0,0,0,0;0;;
Vid2_0264.png;4;Zebrafish;571;810;909;940;0,0,0,0;0;;
Vid2_0265.png;4;Zebrafish;508;802;849;915;0,0,0,0;0;;
Vid2_0266.png;4;Zebrafish;470;792;805;916;0,0,0,0;0;;
Vid2_0267.png;4;Zebrafish;448;792;785;920;0,0,0,0;0;;
Vid2_0268.png;4;Zebrafish;412;801;737;898;0,0,0,0;0;;
Vid2_0269.png;4;Zebrafish;410;801;734;897;0,0,0,0;0;;
Vid2_0270.png;4;Zebrafish;396;795;692;906;0,0,0,0;0;;
Vid2_0287.png;4;Zebrafish;634;783;940;886;1,0,0,0;0;;
Vid2_0288.png;4;Zebrafish;662;783;970;889;1,0,0,0;0;;
Vid2_0289.png;4;Zebrafish;666;783;974;889;1,0,0,0;0;;
Vid2_0301.png;4;Zebrafish;1033;850;1375;961;1,0,0,0;0;;
Vid2_0302.png;4;Zebrafish;1085;858;1426;971;1,0,0,0;0;;
Vid2_0304.png;4;Zebrafish;1158;871;1493;986;1,0,0,0;0;;
Vid2_0306.png;4;Zebrafish;1220;872;1553;991;1,0,0,0;0;;
Vid2_0307.png;4;Zebrafish;1261;878;1605;980;1,0,0,0;0;;
Vid2_0316.png;4;Zebrafish;1560;840;1841;975;1,0,0,0;0;;
Vid2_0315.png;4;Zebrafish;1507;841;1820;957;1,0,0,0;0;;
Vid2_0317.png;4;Zebrafish;1567;845;1856;986;1,0,0,0;0;;
Vid2_0323.png;4;Zebrafish;1605;952;1852;1049;0,0,0,0;0;;
Vid2_0324.png;4;Zebrafish;1568;930;1834;1056;0,0,0,0;0;;
Vid2_0326.png;4;Zebrafish;1492;919;1802;1046;0,0,0,0;0;;
Vid2_0327.png;4;Zebrafish;1438;906;1742;1029;0,0,0,0;0;;
Vid2_0328.png;4;Zebrafish;1448;906;1744;1029;0,0,0,0;0;;
Vid2_0329.png;4;Zebrafish;1355;877;1694;1007;0,0,0,0;0;;
Vid2_0330.png;4;Zebrafish;1348;873;1681;1010;0,0,0,0;0;;
Vid2_0333.png;4;Zebrafish;1207;841;1529;979;0,0,0,0;0;;
Vid2_0334.png;4;Zebrafish;1138;842;1486;954;0,0,0,0;0;;
Vid2_0335.png;4;Zebrafish;1092;824;1429;956;0,0,0,0;0;;
Vid2_0336.png;4;Zebrafish;1100;826;1442;953;0,0,0,0;0;;
Vid2_0337.png;4;Zebrafish;1045;828;1382;939;0,0,0,0;0;;
Vid2_0338.png;4;Zebrafish;999;813;1341;934;0,0,0,0;0;;
Vid2_0339.png;4;Zebrafish;959;818;1293;936;0,0,0,0;0;;
Vid2_0340.png;4;Zebrafish;909;799;1234;914;0,0,0,0;0;;
Vid2_0341.png;4;Zebrafish;894;802;1226;907;0,0,0,0;0;;
Vid2_0342.png;4;Zebrafish;856;788;1171;901;0,0,0,0;0;;
Vid2_0343.png;4;Zebrafish;851;789;1165;900;0,0,0,0;0;;
Vid2_0344.png;4;Zebrafish;814;801;1131;909;0,0,0,0;0;;
Vid2_0346.png;4;Zebrafish;772;809;1101;922;0,0,0,0;0;;
Vid2_0347.png;4;Zebrafish;752;813;1079;934;0,0,0,0;0;;
Vid2_0348.png;4;Zebrafish;744;815;1068;938;0,0,0,0;0;;
Vid2_0349.png;4;Zebrafish;738;817;1061;942;0,0,0,0;0;;
Vid2_0360.png;4;Zebrafish;812;1045;1052;1168;1,0,0,0;0;;
Vid2_0361.png;4;Zebrafish;810;1047;1076;1163;1,0,0,0;0;;
Vid2_0362.png;4;Zebrafish;819;1048;1085;1160;1,0,0,0;0;;
Vid2_0363.png;4;Zebrafish;830;1049;1109;1167;1,0,0,0;0;;
Vid2_0365.png;4;Zebrafish;859;1053;1136;1174;1,0,0,0;0;;
Vid2_0366.png;4;Zebrafish;876;1055;1151;1179;1,0,0,0;0;;
Vid2_0367.png;4;Zebrafish;873;1055;1148;1179;1,0,0,0;0;;
Vid2_0368.png;4;Zebrafish;882;1060;1172;1187;1,0,0,0;0;;
Vid2_0369.png;4;Zebrafish;880;1060;1170;1186;1,0,0,0;0;;
Vid2_0370.png;4;Zebrafish;928;1067;1204;1186;1,0,0,0;0;;
Vid2_0371.png;4;Zebrafish;957;1064;1273;1174;1,0,0,0;0;;
Vid2_0372.png;4;Zebrafish;996;1055;1321;1173;1,0,0,0;0;;
Vid2_0373.png;4;Zebrafish;1011;1055;1346;1167;1,0,0,0;0;;
Vid2_0374.png;4;Zebrafish;1031;1058;1375;1164;1,0,0,0;0;;
Vid2_0375.png;4;Zebrafish;1051;1057;1397;1167;1,0,0,0;0;;
Vid2_0376.png;4;Zebrafish;1055;1057;1400;1167;1,0,0,0;0;;
Vid2_0377.png;4;Zebrafish;1093;1051;1424;1172;1,0,0,0;0;;
Vid2_0378.png;4;Zebrafish;1157;1045;1487;1173;1,0,0,0;0;;
Vid2_0379.png;4;Zebrafish;1230;1021;1567;1146;1,0,0,0;0;;
Vid2_0380.png;4;Zebrafish;1268;1006;1600;1129;1,0,0,0;0;;
Vid2_0381.png;4;Zebrafish;1333;987;1683;1100;1,0,0,0;0;;
Vid2_0382.png;4;Zebrafish;1388;981;1733;1088;1,0,0,0;0;;
Vid2_0383.png;4;Zebrafish;1422;975;1770;1096;1,0,0,0;0;;
Vid2_0384.png;4;Zebrafish;1477;963;1811;1077;1,0,0,0;0;;
Vid2_0385.png;4;Zebrafish;1492;959;1829;1074;1,0,0,0;0;;
Vid2_0386.png;4;Zebrafish;1566;922;1879;1112;1,0,0,0;0;;
Vid2_0387.png;4;Zebrafish;1573;919;1886;1115;1,0,0,0;0;;
Vid2_0388.png;4;Zebrafish;1634;949;1939;1156;1,0,0,0;0;;
Vid2_0389.png;4;Zebrafish;1681;990;1985;1190;1,0,0,0;0;;
Vid2_0390.png;4;Zebrafish;1683;995;1989;1196;1,0,0,0;0;;
Vid2_0391.png;4;Zebrafish;1732;1025;2025;1228;1,0,0,0;0;;
Vid2_0406.png;4;Zebrafish;1719;1152;2018;1268;1,0,0,0;0;;
Vid2_0407.png;4;Zebrafish;1720;1154;2017;1270;1,0,0,0;0;;
Vid2_0408.png;4;Zebrafish;1694;1144;2018;1256;1,0,0,0;0;;
Vid2_0409.png;4;Zebrafish;1690;1147;2016;1260;1,0,0,0;0;;
Vid2_0425.png;4;Zebrafish;1347;1365;1685;1470;0,0,0,0;0;;
Vid2_0426.png;4;Zebrafish;1285;1352;1634;1464;0,0,0,0;0;;
Vid2_0427.png;4;Zebrafish;1237;1347;1588;1451;0,0,0,0;0;;
Vid2_0428.png;4;Zebrafish;1185;1342;1536;1444;0,0,0,0;0;;
Vid2_0429.png;4;Zebrafish;1161;1339;1511;1440;0,0,0,0;0;;
Vid2_0430.png;4;Zebrafish;1100;1337;1451;1437;0,0,0,0;0;;
Vid2_0431.png;4;Zebrafish;1059;1336;1409;1435;0,0,0,0;0;;
Vid2_0437.png;4;Zebrafish;758;1314;1105;1416;0,0,0,0;0;;
Vid2_0438.png;4;Zebrafish;697;1311;1041;1413;0,0,0,0;0;;
Vid2_0439.png;4;Zebrafish;637;1305;987;1412;0,0,0,0;0;;
Vid2_0440.png;4;Zebrafish;597;1306;942;1413;0,0,0,0;0;;
Vid2_0441.png;4;Zebrafish;560;1308;899;1415;0,0,0,0;0;;
Vid2_0442.png;4;Zebrafish;525;1313;858;1418;0,0,0,0;0;;
Vid2_0443.png;4;Zebrafish;497;1320;836;1422;0,0,0,0;0;;
Vid2_0447.png;4;Zebrafish;458;1302;777;1438;1,0,0,0;0;;
Vid2_0448.png;4;Zebrafish;534;1299;830;1450;1,0,0,0;0;;
Vid2_0449.png;4;Zebrafish;595;1323;899;1446;1,0,0,0;0;;
Vid2_0450.png;4;Zebrafish;589;1323;888;1446;1,0,0,0;0;;
Vid2_0451.png;4;Zebrafish;663;1322;978;1451;1,0,0,0;0;;
Vid2_0452.png;4;Zebrafish;717;1337;1036;1460;1,0,0,0;0;;
Vid2_0454.png;4;Zebrafish;770;1351;1099;1477;1,0,0,0;0;;
Vid2_0455.png;4;Zebrafish;774;1351;1105;1479;1,0,0,0;0;;
Vid2_0456.png;4;Zebrafish;791;1363;1125;1485;1,0,0,0;0;;
Vid2_0478.png;4;Zebrafish;1469;1329;1805;1477;1,0,0,0;0;;
Vid2_0479.png;4;Zebrafish;1464;1333;1802;1479;1,0,0,0;0;;
Vid2_0480.png;4;Zebrafish;1506;1316;1838;1433;1,0,0,0;0;;
Vid2_0481.png;4;Zebrafish;1526;1321;1860;1428;1,0,0,0;0;;
Vid2_0489.png;4;Zebrafish;1628;1189;1926;1302;0,0,0,0;0;;
Vid2_0490.png;4;Zebrafish;1600;1184;1893;1306;0,0,0,0;0;;
Vid2_0515.png;4;Zebrafish;948;1340;1218;1469;1,0,0,0;0;;
Vid2_0517.png;4;Zebrafish;1015;1368;1290;1483;1,0,0,0;0;;
Vid2_0518.png;4;Zebrafish;1023;1368;1286;1483;1,0,0,0;0;;
Vid2_0519.png;4;Zebrafish;1020;1353;1339;1469;1,0,0,0;0;;
Vid2_0520.png;4;Zebrafish;1061;1339;1374;1459;1,0,0,0;0;;
Vid2_0521.png;4;Zebrafish;1071;1336;1381;1456;1,0,0,0;0;;
Vid2_0554.png;4;Zebrafish;1228;1345;1574;1461;0,0,0,0;0;;
Vid2_0555.png;4;Zebrafish;1163;1338;1508;1453;0,0,0,0;0;;
Vid2_0556.png;4;Zebrafish;1170;1338;1514;1453;0,0,0,0;0;;
Vid2_0557.png;4;Zebrafish;1099;1336;1448;1445;0,0,0,0;0;;
Vid2_0559.png;4;Zebrafish;1025;1335;1371;1448;0,0,0,0;0;;
Vid2_0560.png;4;Zebrafish;994;1337;1338;1449;0,0,0,0;0;;
Vid2_0561.png;4;Zebrafish;981;1337;1324;1450;0,0,0,0;0;;
Vid2_0562.png;4;Zebrafish;928;1335;1236;1451;0,0,0,0;0;;
Vid2_0564.png;4;Zebrafish;811;1321;1156;1439;0,0,0,0;0;;
Vid2_0565.png;4;Zebrafish;760;1312;1099;1428;0,0,0,0;0;;
Vid2_0566.png;4;Zebrafish;767;1313;1109;1430;0,0,0,0;0;;
Vid2_0567.png;4;Zebrafish;690;1300;1029;1419;0,0,0,0;0;;
Vid2_0568.png;4;Zebrafish;637;1292;975;1417;0,0,1,0;0;;
Vid2_0569.png;4;Zebrafish;643;1293;982;1416;0,0,1,0;0;;
Vid2_0570.png;4;Zebrafish;585;1284;921;1411;0,0,0,0;0;;
Vid2_0572.png;4;Zebrafish;553;1278;869;1403;0,0,0,0;0;;
Vid2_0582.png;4;Zebrafish;428;1232;726;1367;1,0,0,0;0;;
Vid2_0583.png;4;Zebrafish;471;1233;750;1356;1,0,0,0;0;;
Vid2_0584.png;4;Zebrafish;461;1229;746;1354;1,0,0,0;0;;
Vid2_0585.png;4;Zebrafish;461;1227;776;1362;1,0,0,0;0;;
Vid2_0586.png;4;Zebrafish;479;1233;800;1374;1,0,0,0;0;;
Vid2_0587.png;4;Zebrafish;551;1253;842;1400;1,0,0,0;0;;
Vid2_0588.png;4;Zebrafish;574;1253;890;1431;1,0,0,0;0;;
Vid2_0589.png;4;Zebrafish;567;1253;886;1429;1,0,0,0;0;;
Vid2_0590.png;4;Zebrafish;630;1278;945;1453;1,0,0,0;0;;
Vid2_0591.png;4;Zebrafish;669;1307;994;1468;1,0,0,0;0;;
Vid2_0592.png;4;Zebrafish;692;1332;1018;1475;1,0,0,0;0;;
Vid2_0593.png;4;Zebrafish;706;1346;1033;1480;1,0,0,0;0;;
Vid2_0599.png;4;Zebrafish;882;1327;1198;1474;1,0,0,0;0;;
Vid2_0600.png;4;Zebrafish;895;1322;1220;1460;1,0,0,0;0;;
Vid2_0601.png;4;Zebrafish;931;1320;1263;1443;1,0,0,0;0;;
Vid2_0603.png;4;Zebrafish;979;1314;1307;1430;1,0,0,0;0;;
Vid2_0604.png;4;Zebrafish;982;1314;1310;1428;1,0,0,0;0;;
Vid2_0605.png;4;Zebrafish;1033;1323;1348;1428;1,0,0,0;0;;
Vid2_0606.png;4;Zebrafish;1063;1324;1393;1429;1,0,0,0;0;;
Vid2_0607.png;4;Zebrafish;1083;1318;1413;1430;1,0,0,0;0;;
Vid2_0608.png;4;Zebrafish;1147;1319;1462;1424;1,0,0,0;0;;
Vid2_0609.png;4;Zebrafish;1169;1314;1506;1412;1,0,0,0;0;;
Vid2_0610.png;4;Zebrafish;1207;1305;1546;1409;1,0,0,0;0;;
Vid2_0611.png;4;Zebrafish;1199;1306;1540;1410;1,0,0,0;0;;
Vid2_0612.png;4;Zebrafish;1277;1304;1611;1411;1,0,0,0;0;;
Vid2_0613.png;4;Zebrafish;1305;1306;1641;1412;1,0,0,0;0;;
Vid2_0614.png;4;Zebrafish;1300;1306;1635;1412;1,0,0,0;0;;
Vid2_0615.png;4;Zebrafish;1356;1313;1689;1418;1,0,0,0;0;;
Vid2_0616.png;4;Zebrafish;1351;1312;1685;1417;1,0,0,0;0;;
Vid2_0617.png;4;Zebrafish;1405;1316;1726;1435;1,0,0,0;0;;
Vid2_0619.png;4;Zebrafish;1469;1297;1768;1446;1,0,0,0;0;;
Vid2_0620.png;4;Zebrafish;1473;1295;1769;1448;1,0,0,0;0;;
Vid2_0621.png;4;Zebrafish;1496;1283;1772;1425;1,0,0,0;0;;
Vid2_0622.png;4;Zebrafish;1550;1261;1802;1419;1,0,0,0;0;;
Vid2_0623.png;4;Zebrafish;1563;1240;1818;1378;1,0,0,0;0;;
Vid2_0624.png;4;Zebrafish;1565;1244;1815;1382;1,0,0,0;0;;
Vid2_0625.png;4;Zebrafish;1607;1213;1832;1381;1,0,0,0;0;;
Vid2_0630.png;4;Zebrafish;1535;1133;1850;1281;0,0,0,0;0;;
Vid2_0631.png;4;Zebrafish;1528;1129;1850;1278;0,0,0,0;0;;
Vid2_0632.png;4;Zebrafish;1428;1087;1755;1253;0,0,0,0;0;;
Vid2_0633.png;4;Zebrafish;1436;1091;1762;1257;0,0,0,0;0;;
Vid2_0634.png;4;Zebrafish;1350;1048;1667;1208;0,0,0,0;0;;
Vid2_0635.png;4;Zebrafish;1267;1002;1594;1182;0,0,0,0;0;;
Vid2_0636.png;4;Zebrafish;1280;1007;1602;1182;0,0,0,0;0;;
Vid2_0641.png;4;Zebrafish;944;885;1282;1035;0,0,0,0;0;;
Vid2_0642.png;4;Zebrafish;936;882;1272;1034;0,0,0,0;0;;
Vid2_0643.png;4;Zebrafish;900;875;1238;1018;0,0,0,0;0;;
Vid2_0644.png;4;Zebrafish;806;854;1148;992;0,0,0,0;0;;
Vid2_0645.png;4;Zebrafish;765;844;1090;980;0,0,0,0;0;;
Vid2_0646.png;4;Zebrafish;771;845;1097;981;0,0,0,0;0;;
Vid2_0647.png;4;Zebrafish;684;828;1029;963;0,0,0,0;0;;
Vid2_0648.png;4;Zebrafish;665;825;1011;960;0,0,0,0;0;;
Vid2_0649.png;4;Zebrafish;618;818;964;953;0,0,0,0;0;;
Vid2_0650.png;4;Zebrafish;588;814;933;949;0,0,0,0;0;;
Vid2_0651.png;4;Zebrafish;584;813;928;949;0,0,0,0;0;;
Vid2_0652.png;4;Zebrafish;537;806;856;937;0,0,0,0;0;;
Vid2_0653.png;4;Zebrafish;511;800;845;925;0,0,0,0;0;;
Vid2_0654.png;4;Zebrafish;468;788;806;904;0,0,0,0;0;;
Vid2_0655.png;4;Zebrafish;401;790;734;910;0,0,0,0;0;;
Vid2_0656.png;4;Zebrafish;343;804;678;927;0,0,0,0;0;;
Vid2_0657.png;4;Zebrafish;310;817;644;940;0,0,0,0;0;;
Vid2_0658.png;4;Zebrafish;290;833;622;950;0,0,0,0;0;;
Vid2_0659.png;4;Zebrafish;278;830;595;959;0,0,0,0;0;;
Vid2_0660.png;4;Zebrafish;245;830;576;979;0,0,0,0;0;;
Vid2_0661.png;4;Zebrafish;229;835;553;989;0,0,0,0;0;;
Vid2_0669.png;4;Zebrafish;214;899;504;999;1,0,0,0;0;;
Vid2_0670.png;4;Zebrafish;211;899;498;999;1,0,0,0;0;;
Vid2_0671.png;4;Zebrafish;285;888;554;1007;1,0,0,0;0;;
Vid2_0673.png;4;Zebrafish;339;887;631;1005;1,0,0,0;0;;
Vid2_0674.png;4;Zebrafish;364;892;653;1001;1,0,0,0;0;;
Vid2_0675.png;4;Zebrafish;383;899;710;1009;1,0,0,0;0;;
Vid2_0676.png;4;Zebrafish;424;906;749;1013;1,0,0,0;0;;
Vid2_0678.png;4;Zebrafish;488;902;794;1028;1,0,0,0;0;;
Vid2_0679.png;4;Zebrafish;571;918;912;1022;1,0,0,0;0;;
Vid2_0681.png;4;Zebrafish;718;907;1050;1019;1,0,0,0;0;;
Vid2_0682.png;4;Zebrafish;774;900;1104;1021;1,0,0,0;0;;
Vid2_0683.png;4;Zebrafish;768;900;1094;1020;1,0,0,0;0;;
Vid2_0684.png;4;Zebrafish;887;880;1208;1002;1,0,0,0;0;;
Vid2_0685.png;4;Zebrafish;877;882;1199;1005;1,0,0,0;0;;
Vid2_0686.png;4;Zebrafish;960;855;1289;998;1,0,0,0;0;;
Vid2_0687.png;4;Zebrafish;1042;838;1361;976;1,0,0,0;0;;
Vid2_0688.png;4;Zebrafish;1057;831;1387;967;1,0,0,0;0;;
Vid2_0689.png;4;Zebrafish;1114;817;1450;956;1,0,0,0;0;;
Vid2_0690.png;4;Zebrafish;1122;816;1457;954;1,0,0,0;0;;
Vid2_0691.png;4;Zebrafish;1149;811;1485;947;1,0,0,0;0;;
Vid2_0692.png;4;Zebrafish;1244;799;1566;933;1,0,0,0;0;;
Vid2_0694.png;4;Zebrafish;1325;788;1664;896;1,0,0,0;0;;
Vid2_0695.png;4;Zebrafish;1373;788;1713;881;1,0,0,0;0;;
Vid2_0696.png;4;Zebrafish;1365;788;1705;881;1,0,0,0;0;;
Vid2_0706.png;4;Zebrafish;1749;809;2025;956;1,0,0,0;0;;
Vid2_0710.png;4;Zebrafish;1767;979;2025;1120;1,0,0,0;0;;
Vid2_0711.png;4;Zebrafish;1762;987;2026;1124;1,0,0,0;0;;
Vid2_0712.png;4;Zebrafish;1737;974;2013;1133;1,0,0,0;0;;
Vid2_0718.png;4;Zebrafish;1713;955;1974;1109;0,0,0,0;0;;
Vid2_0719.png;4;Zebrafish;1649;925;1909;1080;0,0,0,0;0;;
Vid2_0720.png;4;Zebrafish;1641;921;1917;1080;0,0,0,0;0;;
Vid2_0721.png;4;Zebrafish;1568;897;1866;1040;0,0,0,0;0;;
Vid2_0722.png;4;Zebrafish;1504;873;1846;999;0,0,0,0;0;;
Vid2_0723.png;4;Zebrafish;1482;863;1820;990;0,0,0,0;0;;
Vid2_0730.png;4;Zebrafish;1256;808;1595;924;0,0,0,0;0;;
Vid2_0731.png;4;Zebrafish;1236;806;1575;921;0,0,0,0;0;;
Vid2_0732.png;4;Zebrafish;1207;806;1546;921;0,0,0,0;0;;
Vid2_0733.png;4;Zebrafish;1195;806;1536;923;0,0,0,0;0;;
Vid2_0734.png;4;Zebrafish;1169;809;1506;927;0,0,0,0;0;;
Vid2_0735.png;4;Zebrafish;1151;812;1487;933;0,0,0,0;0;;
Vid2_0736.png;4;Zebrafish;1142;814;1479;936;0,0,0,0;0;;
Vid2_0737.png;4;Zebrafish;1121;818;1460;947;0,0,0,0;0;;
Vid2_0738.png;4;Zebrafish;1106;823;1449;956;0,0,0,0;0;;
Vid2_0739.png;4;Zebrafish;1109;822;1449;954;0,0,0,0;0;;
Vid2_0740.png;4;Zebrafish;1081;826;1421;957;0,0,0,0;0;;
Vid2_0741.png;4;Zebrafish;1070;825;1406;950;0,0,0,0;0;;
Vid2_0742.png;4;Zebrafish;1046;832;1382;938;0,0,0,0;0;;
Vid2_0743.png;4;Zebrafish;1024;838;1374;937;0,0,0,0;0;;
Vid2_0744.png;4;Zebrafish;1022;839;1370;938;0,0,0,0;0;;
Vid2_0745.png;4;Zebrafish;1012;844;1360;942;0,0,0,0;0;;
Vid2_0746.png;4;Zebrafish;982;858;1331;958;0,0,0,0;0;;
Vid2_0747.png;4;Zebrafish;980;860;1328;960;0,0,0,0;0;;
Vid2_0748.png;4;Zebrafish;955;867;1277;976;0,0,0,0;0;;
Vid2_0749.png;4;Zebrafish;906;880;1249;983;0,0,0,0;0;;
Vid2_0750.png;4;Zebrafish;887;880;1233;989;0,0,0,0;0;;
Vid2_0751.png;4;Zebrafish;840;882;1187;987;0,0,0,0;0;;
Vid2_0753.png;4;Zebrafish;772;875;1108;987;0,0,0,0;0;;
Vid2_0754.png;4;Zebrafish;733;880;1074;973;0,0,0,0;0;;
Vid2_0755.png;4;Zebrafish;715;880;1060;973;0,0,0,0;0;;
Vid2_0756.png;4;Zebrafish;669;877;1012;979;0,0,0,0;0;;
Vid2_0758.png;4;Zebrafish;643;878;987;984;0,0,0,0;0;;
Vid2_0759.png;4;Zebrafish;599;881;934;994;0,0,0,0;0;;
Vid2_0760.png;4;Zebrafish;568;900;913;999;0,0,0,0;0;;
Vid2_0762.png;4;Zebrafish;530;904;868;999;0,0,0,0;0;;
Vid2_0763.png;4;Zebrafish;511;906;858;1006;0,0,0,0;0;;
Vid2_0764.png;4;Zebrafish;508;907;855;1007;0,0,0,0;0;;
Vid2_0765.png;4;Zebrafish;486;911;822;1020;0,0,0,0;0;;
Vid2_0767.png;4;Zebrafish;437;895;753;1043;0,0,0,0;0;;
Vid2_0768.png;4;Zebrafish;409;894;736;1061;0,0,0,0;0;;
Vid2_0769.png;4;Zebrafish;414;894;741;1058;0,0,0,0;0;;
Vid2_0770.png;4;Zebrafish;368;918;696;1081;0,0,0,0;0;;
Vid2_0772.png;4;Zebrafish;323;961;618;1115;0,0,0,0;0;;
Vid2_0773.png;4;Zebrafish;290;980;587;1139;0,0,0,0;0;;
Vid2_0774.png;4;Zebrafish;294;979;591;1135;0,0,0,0;0;;
Vid2_0775.png;4;Zebrafish;248;1005;527;1174;0,0,0,0;0;;
Vid2_0776.png;4;Zebrafish;245;1003;534;1172;0,0,0,0;0;;
Vid2_0781.png;4;Zebrafish;199;1114;500;1289;1,0,0,0;0;;
Vid2_0782.png;4;Zebrafish;220;1140;528;1300;1,0,0,0;0;;
Vid2_0783.png;4;Zebrafish;265;1158;562;1315;1,0,0,0;0;;
Vid2_0784.png;4;Zebrafish;282;1160;599;1332;1,0,0,0;0;;
Vid2_0785.png;4;Zebrafish;303;1174;624;1344;1,0,0,0;0;;
Vid2_0786.png;4;Zebrafish;327;1183;642;1351;1,0,0,0;0;;
Vid2_0787.png;4;Zebrafish;381;1204;699;1377;1,0,0,0;0;;
Vid2_0788.png;4;Zebrafish;434;1244;755;1400;1,0,0,0;0;;
Vid2_0789.png;4;Zebrafish;467;1253;781;1409;1,0,0,0;0;;
Vid2_0790.png;4;Zebrafish;523;1278;846;1424;1,0,0,0;0;;
Vid2_0791.png;4;Zebrafish;575;1310;901;1438;1,0,0,0;0;;
Vid2_0792.png;4;Zebrafish;621;1333;948;1449;1,0,0,0;0;;
Vid2_0793.png;4;Zebrafish;661;1342;986;1458;1,0,0,0;0;;
Vid2_0794.png;4;Zebrafish;712;1341;1029;1468;1,0,0,0;0;;
Vid2_0795.png;4;Zebrafish;766;1347;1082;1478;1,0,0,0;0;;
Vid2_0804.png;4;Zebrafish;1089;1346;1408;1482;1,0,0,0;0;;
Vid2_0805.png;4;Zebrafish;1126;1335;1445;1468;1,0,0,0;0;;
Vid2_0806.png;4;Zebrafish;1152;1331;1478;1459;1,0,0,0;0;;
Vid2_0807.png;4;Zebrafish;1170;1333;1504;1455;1,0,0,0;0;;
Vid2_0808.png;4;Zebrafish;1173;1333;1511;1455;1,0,0,0;0;;
Vid2_0809.png;4;Zebrafish;1196;1337;1536;1452;1,0,0,0;0;;
Vid2_0810.png;4;Zebrafish;1253;1342;1575;1454;1,0,0,0;0;;
Vid2_0811.png;4;Zebrafish;1288;1333;1620;1465;1,0,0,0;0;;
Vid2_0812.png;4;Zebrafish;1279;1331;1614;1463;1,0,0,0;0;;
Vid2_0813.png;4;Zebrafish;1363;1338;1674;1480;1,0,0,0;0;;
Vid2_0814.png;4;Zebrafish;1432;1333;1732;1501;1,0,0,0;0;;
Vid2_0815.png;4;Zebrafish;1473;1354;1787;1502;1,0,0,0;0;;
Vid2_0816.png;4;Zebrafish;1500;1369;1818;1498;1,0,0,0;0;;
Vid2_0817.png;4;Zebrafish;1528;1362;1850;1493;1,0,0,0;0;;
Vid2_0819.png;4;Zebrafish;1585;1365;1882;1491;1,0,0,0;0;;
Vid2_0835.png;4;Zebrafish;1334;1332;1668;1437;0,0,0,0;0;;
Vid2_0836.png;4;Zebrafish;1285;1327;1625;1432;0,0,0,0;0;;
Vid2_0837.png;4;Zebrafish;1292;1328;1632;1432;0,0,0,0;0;;
Vid2_0838.png;4;Zebrafish;1220;1331;1558;1432;0,0,0,0;0;;
Vid2_0845.png;4;Zebrafish;827;1353;1166;1460;0,0,0,0;0;;
Vid2_0846.png;4;Zebrafish;833;1350;1175;1459;0,0,0,0;0;;
Vid2_0866.png;4;Zebrafish;1193;1400;1531;1503;1,0,0,0;0;;
Vid2_0867.png;4;Zebrafish;1217;1397;1553;1503;1,0,0,0;0;;
Vid2_0868.png;4;Zebrafish;1269;1388;1605;1505;1,0,0,0;0;;
Vid2_0869.png;4;Zebrafish;1352;1371;1633;1510;1,0,0,0;0;;
Vid2_0870.png;4;Zebrafish;1362;1369;1660;1510;1,0,0,0;0;;
Vid2_0871.png;4;Zebrafish;1401;1345;1678;1498;1,0,0,0;0;;
Vid2_0873.png;4;Zebrafish;1471;1329;1704;1493;1,0,0,0;0;;
Vid2_0874.png;4;Zebrafish;1487;1310;1717;1495;1,0,0,0;0;;
Vid2_0879.png;4;Zebrafish;1517;1374;1785;1496;0,0,0,0;0;;
Vid2_0880.png;4;Zebrafish;1503;1378;1785;1501;0,0,0,0;0;;
Vid2_0881.png;4;Zebrafish;1484;1376;1737;1501;0,0,0,0;0;;
Vid2_0882.png;4;Zebrafish;1478;1377;1745;1502;0,0,0,0;0;;
Vid2_0883.png;4;Zebrafish;1417;1379;1692;1511;0,0,0,0;0;;
Vid2_0884.png;4;Zebrafish;1369;1387;1696;1509;0,0,0,0;0;;
Vid2_0885.png;4;Zebrafish;1343;1387;1682;1509;0,0,0,0;0;;
Vid2_0886.png;4;Zebrafish;1338;1389;1677;1509;0,0,0,0;0;;
Vid2_0887.png;4;Zebrafish;1302;1396;1642;1512;0,0,0,0;0;;
Vid2_0888.png;4;Zebrafish;1269;1397;1593;1514;0,0,0,0;0;;
Vid2_0889.png;4;Zebrafish;1273;1401;1614;1511;0,0,0,0;0;;
Vid2_0890.png;4;Zebrafish;1183;1410;1521;1510;0,0,0,0;0;;
Vid2_0891.png;4;Zebrafish;1168;1406;1495;1510;0,0,0,0;0;;
Vid2_0899.png;4;Zebrafish;1192;1377;1530;1511;1,0,0,0;0;;
Vid2_0900.png;4;Zebrafish;1250;1386;1584;1510;1,0,0,0;0;;
Vid2_0901.png;4;Zebrafish;1302;1387;1607;1509;1,0,0,0;0;;
Vid2_0902.png;4;Zebrafish;1349;1403;1682;1512;1,0,0,0;0;;
Vid2_0903.png;4;Zebrafish;1408;1403;1737;1508;1,0,0,0;0;;
Vid2_0904.png;4;Zebrafish;1457;1401;1790;1511;1,0,0,0;0;;
Vid2_0905.png;4;Zebrafish;1498;1401;1829;1509;1,0,0,0;0;;
Vid2_0906.png;4;Zebrafish;1529;1395;1870;1514;1,0,0,0;0;;
Vid2_0907.png;4;Zebrafish;1525;1397;1865;1512;1,0,0,0;0;;
Vid2_0908.png;4;Zebrafish;1606;1401;1936;1507;1,0,0,0;0;;
Vid2_0914.png;4;Zebrafish;1749;1352;2009;1483;1,0,0,0;0;;
Vid2_0934.png;4;Zebrafish;1634;1218;1967;1357;0,0,0,0;0;;
Vid2_0935.png;4;Zebrafish;1609;1229;1936;1361;0,0,0,0;0;;
Vid2_0936.png;4;Zebrafish;1575;1249;1906;1369;0,0,0,0;0;;
Vid2_0937.png;4;Zebrafish;1579;1246;1910;1369;0,0,0,0;0;;
Vid2_0938.png;4;Zebrafish;1520;1257;1824;1387;0,0,0,0;0;;
Vid2_0940.png;4;Zebrafish;1388;1291;1723;1394;0,0,0,0;0;;
Vid2_0941.png;4;Zebrafish;1335;1295;1673;1403;0,0,0,0;0;;
Vid2_0942.png;4;Zebrafish;1289;1299;1631;1411;0,0,0,0;0;;
Vid2_0943.png;4;Zebrafish;1253;1301;1595;1413;0,0,0,0;0;;
Vid2_0944.png;4;Zebrafish;1217;1301;1557;1419;0,0,0,0;0;;
Vid2_0945.png;4;Zebrafish;1181;1301;1525;1425;0,0,0,0;0;;
Vid2_0946.png;4;Zebrafish;1134;1302;1442;1411;0,0,0,0;0;;
Vid2_0947.png;4;Zebrafish;1123;1302;1442;1411;0,0,0,0;0;;
Vid2_0949.png;4;Zebrafish;938;1303;1273;1430;0,0,0,0;0;;
Vid2_0950.png;4;Zebrafish;882;1314;1214;1443;0,0,0,0;0;;
Vid2_0951.png;4;Zebrafish;821;1328;1141;1454;0,0,0,0;0;;
Vid2_0952.png;4;Zebrafish;833;1317;1157;1453;0,0,0,0;0;;
Vid2_0953.png;4;Zebrafish;695;1355;1030;1465;0,0,0,0;0;;
Vid2_0954.png;4;Zebrafish;644;1361;983;1468;0,0,0,0;0;;
Vid2_0955.png;4;Zebrafish;635;1362;973;1468;0,0,0,0;0;;
Vid2_0956.png;4;Zebrafish;537;1375;877;1483;0,0,0,0;0;;
Vid2_0957.png;4;Zebrafish;545;1374;885;1481;0,0,0,0;0;;
Vid2_0958.png;4;Zebrafish;469;1384;811;1493;0,0,0,0;0;;
Vid2_0964.png;4;Zebrafish;427;1329;691;1453;1,0,0,0;0;;
Vid2_0966.png;4;Zebrafish;514;1330;776;1457;1,0,0,0;0;;
Vid2_0967.png;4;Zebrafish;494;1339;828;1467;1,0,0,0;0;;
Vid2_0968.png;4;Zebrafish;533;1366;873;1470;1,0,0,0;0;;
Vid2_0969.png;4;Zebrafish;567;1366;905;1475;1,0,0,0;0;;
Vid2_0970.png;4;Zebrafish;604;1367;940;1476;1,0,0,0;0;;
Vid2_0971.png;4;Zebrafish;643;1365;967;1485;1,0,0,0;0;;
Vid2_0972.png;4;Zebrafish;695;1355;1027;1475;1,0,0,0;0;;
Vid2_0973.png;4;Zebrafish;748;1359;1088;1464;1,0,0,0;0;;
Vid2_0974.png;4;Zebrafish;806;1351;1146;1454;1,0,0,0;0;;
Vid2_0975.png;4;Zebrafish;855;1346;1189;1463;1,0,0,0;0;;
Vid2_0976.png;4;Zebrafish;864;1349;1197;1460;1,0,0,0;0;;
Vid2_0977.png;4;Zebrafish;914;1352;1244;1463;1,0,0,0;0;;
Vid2_0978.png;4;Zebrafish;949;1343;1276;1465;1,0,0,0;0;;
Vid2_0987.png;4;Zebrafish;1061;1194;1397;1295;0,0,0,0;0;;
Vid2_0988.png;4;Zebrafish;1016;1183;1335;1312;0,0,0,0;0;;
Vid2_0989.png;4;Zebrafish;1008;1184;1320;1307;0,0,0,0;0;;
Vid2_0990.png;4;Zebrafish;932;1196;1277;1294;0,0,0,0;0;;
Vid2_0991.png;4;Zebrafish;861;1188;1209;1297;0,0,0,0;0;;
Vid2_1000.png;4;Zebrafish;524;1270;854;1402;0,0,0,0;0;;
Vid2_1001.png;4;Zebrafish;480;1292;810;1404;0,0,0,0;0;;
Vid2_1002.png;4;Zebrafish;488;1291;811;1402;0,0,0,0;0;;
Vid2_1003.png;4;Zebrafish;438;1309;781;1413;0,0,0,0;0;;
Vid2_1005.png;4;Zebrafish;367;1315;675;1441;0,0,0,0;0;;
Vid2_1006.png;4;Zebrafish;361;1312;676;1444;0,0,0,0;0;;
Vid2_1007.png;4;Zebrafish;354;1307;650;1424;0,0,0,0;0;;
Vid2_1008.png;4;Zebrafish;343;1283;582;1401;0,0,0,0;0;;
Vid2_1018.png;4;Zebrafish;216;1112;480;1226;1,0,0,0;0;;
Vid2_1019.png;4;Zebrafish;275;1098;533;1228;1,0,0,0;0;;
Vid2_1028.png;4;Zebrafish;650;919;989;1072;1,0,0,0;0;;
Vid2_1029.png;4;Zebrafish;699;909;1037;1053;1,0,0,0;0;;
Vid2_1030.png;4;Zebrafish;690;910;1029;1056;1,0,0,0;0;;
Vid2_1031.png;4;Zebrafish;766;897;1099;1029;1,0,0,0;0;;
Vid2_1032.png;4;Zebrafish;810;891;1148;1014;1,0,0,0;0;;
Vid2_1033.png;4;Zebrafish;805;891;1143;1015;1,0,0,0;0;;
Vid2_1035.png;4;Zebrafish;904;881;1232;1004;1,0,0,0;0;;
Vid2_1036.png;4;Zebrafish;1007;858;1353;982;1,0,0,0;0;;
Vid2_1037.png;4;Zebrafish;1058;850;1406;967;1,0,0,0;0;;
Vid2_1038.png;4;Zebrafish;1129;836;1478;954;1,0,0,0;0;;
Vid2_1041.png;4;Zebrafish;1222;825;1567;941;1,0,0,0;0;;
Vid2_1042.png;4;Zebrafish;1272;814;1616;945;1,0,0,0;0;;
Vid2_1043.png;4;Zebrafish;1270;816;1614;945;1,0,0,0;0;;
Vid2_1044.png;4;Zebrafish;1302;806;1646;941;1,0,0,0;0;;
Vid2_1057.png;4;Zebrafish;1588;795;1861;918;1,0,0,0;0;;
Vid2_1058.png;4;Zebrafish;1644;789;1891;891;1,0,0,0;0;;
Vid2_1060.png;4;Zebrafish;1681;789;1905;896;1,0,0,0;0;;
Vid2_1061.png;4;Zebrafish;1692;792;1915;905;1,0,0,0;0;;
Vid2_1062.png;4;Zebrafish;1717;792;1923;921;1,0,0,0;0;;
Vid2_1063.png;4;Zebrafish;1713;793;1928;921;1,0,0,0;0;;
Vid2_1065.png;4;Zebrafish;1689;793;1986;921;1,0,0,0;0;;
Vid2_1066.png;4;Zebrafish;1687;811;2010;934;1,0,0,0;0;;
Vid2_1067.png;4;Zebrafish;1714;805;2026;948;1,0,0,0;0;;
Vid2_1068.png;4;Zebrafish;1713;818;2022;953;1,0,0,0;0;;
Vid2_1069.png;4;Zebrafish;1762;828;2017;959;1,0,0,0;0;;
Vid2_1070.png;4;Zebrafish;1750;833;2013;980;1,0,0,0;0;;
Vid2_1075.png;4;Zebrafish;1702;823;2016;956;1,0,0,0;0;;
Vid2_1074.png;4;Zebrafish;1743;826;2023;954;1,0,0,0;0;;
Vid2_1073.png;4;Zebrafish;1753;829;2022;956;1,0,0,0;0;;
Vid2_1076.png;4;Zebrafish;1678;832;1999;958;1,0,0,0;0;;
Vid2_1077.png;4;Zebrafish;1677;834;1996;958;1,0,0,0;0;;
Vid2_1078.png;4;Zebrafish;1658;842;1978;965;1,0,0,0;0;;
Vid2_1084.png;4;Zebrafish;1660;814;1910;935;0,0,0,0;0;;
Vid2_1085.png;4;Zebrafish;1602;810;1851;927;0,0,0,0;0;;
Vid2_1086.png;4;Zebrafish;1528;789;1857;917;0,0,0,0;0;;
Vid2_1087.png;4;Zebrafish;1437;787;1780;882;0,0,0,0;0;;
Vid2_1088.png;4;Zebrafish;1378;787;1729;878;0,0,0,0;0;;
Vid2_1089.png;4;Zebrafish;1387;787;1739;878;0,0,0,0;0;;
Vid2_1090.png;4;Zebrafish;1299;788;1649;883;0,0,0,0;0;;
Vid2_1091.png;4;Zebrafish;1238;791;1587;890;0,0,0,0;0;;
Vid2_1092.png;4;Zebrafish;1204;793;1556;892;0,0,0,0;0;;
Vid2_1093.png;4;Zebrafish;1169;795;1521;900;0,0,0,0;0;;
Vid2_1094.png;4;Zebrafish;1137;796;1487;906;0,0,0,0;0;;
Vid2_1095.png;4;Zebrafish;1123;797;1472;909;0,0,0,0;0;;
Vid2_1096.png;4;Zebrafish;1109;797;1457;912;0,0,0,0;0;;
Vid2_1097.png;4;Zebrafish;1039;795;1374;922;0,0,0,0;0;;
Vid2_1098.png;4;Zebrafish;1016;793;1354;914;0,0,0,0;0;;
Vid2_1099.png;4;Zebrafish;958;790;1306;904;0,0,0,0;0;;
Vid2_1100.png;4;Zebrafish;918;788;1266;899;0,0,0,0;0;;
Vid2_1101.png;4;Zebrafish;900;787;1244;897;0,0,0,0;0;;
Vid2_1102.png;4;Zebrafish;882;787;1224;897;0,0,0,0;0;;
Vid2_1103.png;4;Zebrafish;822;790;1163;903;0,0,0,0;0;;
Vid2_1104.png;4;Zebrafish;806;791;1146;906;0,0,0,0;0;;
Vid2_1105.png;4;Zebrafish;775;794;1116;915;0,0,0,0;0;;
Vid2_1106.png;4;Zebrafish;730;795;1043;921;0,0,0,0;0;;
Vid2_1107.png;4;Zebrafish;724;796;1047;921;0,0,0,0;0;;
Vid2_1108.png;4;Zebrafish;664;794;1011;904;0,0,0,0;0;;
Vid2_1109.png;4;Zebrafish;611;796;956;896;0,0,0,0;0;;
Vid2_1110.png;4;Zebrafish;574;794;918;894;0,0,0,0;0;;
Vid2_1111.png;4;Zebrafish;557;795;901;895;0,0,0,0;0;;
Vid2_1112.png;4;Zebrafish;516;795;858;905;0,0,0,0;0;;
Vid2_1113.png;4;Zebrafish;480;806;789;910;0,0,0,0;0;;
Vid2_1114.png;4;Zebrafish;485;802;803;909;0,0,0,0;0;;
Vid2_1115.png;4;Zebrafish;426;806;753;904;0,0,0,0;0;;
Vid2_1116.png;4;Zebrafish;386;800;704;910;0,0,0,0;0;;
Vid2_1122.png;4;Zebrafish;494;844;826;981;1,0,0,0;0;;
Vid2_1123.png;4;Zebrafish;524;854;857;990;1,0,0,0;0;;
Vid2_1125.png;4;Zebrafish;705;905;1031;1039;1,0,0,0;0;;
Vid2_1126.png;4;Zebrafish;716;909;1042;1042;1,0,0,0;0;;
Vid2_1127.png;4;Zebrafish;782;947;1122;1064;1,0,0,0;0;;
Vid2_1128.png;4;Zebrafish;853;977;1194;1084;1,0,0,0;0;;
Vid2_1129.png;4;Zebrafish;862;981;1201;1087;1,0,0,0;0;;
Vid2_1130.png;4;Zebrafish;901;996;1240;1097;1,0,0,0;0;;
Vid2_1131.png;4;Zebrafish;970;1022;1311;1123;1,0,0,0;0;;
Vid2_1132.png;4;Zebrafish;1000;1033;1343;1135;1,0,0,0;0;;
Vid2_1133.png;4;Zebrafish;1062;1047;1386;1164;1,0,0,0;0;;
Vid2_1134.png;4;Zebrafish;1126;1035;1425;1166;1,0,0,0;0;;
Vid2_0002.png;5;Zebrafish;1180;1029;1515;1127;0,0,0,0;0;;
Vid2_0003.png;5;Zebrafish;1148;1033;1483;1138;0,0,0,0;0;;
Vid2_0004.png;5;Zebrafish;1141;1035;1476;1140;0,0,0,0;0;;
Vid2_0005.png;5;Zebrafish;1112;1042;1447;1153;0,0,0,0;0;;
Vid2_0006.png;5;Zebrafish;1107;1044;1442;1155;0,0,0,0;0;;
Vid2_0007.png;5;Zebrafish;1053;1059;1396;1176;0,0,0,0;0;;
Vid2_0008.png;5;Zebrafish;1028;1069;1370;1183;0,0,0,0;0;;
Vid2_0009.png;5;Zebrafish;1009;1079;1351;1193;0,0,0,0;0;;
Vid2_0021.png;5;Zebrafish;742;1028;1072;1167;0,0,0,0;0;;
Vid2_0022.png;5;Zebrafish;719;1025;1053;1155;0,0,0,0;0;;
Vid2_0023.png;5;Zebrafish;696;1022;1023;1149;0,0,0,0;0;;
Vid2_0024.png;5;Zebrafish;675;1021;1003;1156;0,0,0,0;0;;
Vid2_0025.png;5;Zebrafish;659;1022;987;1157;0,0,0,0;0;;
Vid2_0026.png;5;Zebrafish;644;1024;969;1170;0,0,0,0;0;;
Vid2_0027.png;5;Zebrafish;634;1026;941;1177;0,0,0,0;0;;
Vid2_0028.png;5;Zebrafish;623;1028;930;1176;0,0,0,0;0;;
Vid2_0029.png;5;Zebrafish;588;1032;894;1173;0,0,0,0;0;;
Vid2_0030.png;5;Zebrafish;566;1036;875;1174;0,0,0,0;0;;
Vid2_0031.png;5;Zebrafish;570;1035;874;1173;0,0,0,0;0;;
Vid2_0032.png;5;Zebrafish;550;1039;864;1175;0,0,0,0;0;;
Vid2_0033.png;5;Zebrafish;547;1041;861;1177;0,0,0,0;0;;
Vid2_0034.png;5;Zebrafish;520;1045;808;1193;0,0,0,0;0;;
Vid2_0038.png;5;Zebrafish;474;1018;798;1117;1,0,0,0;0;;
Vid2_0039.png;5;Zebrafish;508;1015;835;1112;1,0,0,0;0;;
Vid2_0040.png;5;Zebrafish;549;1005;869;1110;1,0,0,0;0;;
Vid2_0041.png;5;Zebrafish;561;1011;895;1111;1,0,0,0;0;;
Vid2_0042.png;5;Zebrafish;587;1010;924;1120;1,0,0,0;0;;
Vid2_0043.png;5;Zebrafish;612;1008;947;1121;1,0,0,0;0;;
Vid2_0045.png;5;Zebrafish;684;1008;993;1140;1,0,0,0;0;;
Vid2_0046.png;5;Zebrafish;687;1008;990;1138;1,0,0,0;0;;
Vid2_0047.png;5;Zebrafish;687;1011;1030;1137;1,0,0,0;0;;
Vid2_0048.png;5;Zebrafish;694;1013;1038;1139;1,0,0,0;0;;
Vid2_0049.png;5;Zebrafish;699;1013;1041;1141;1,0,0,0;0;;
Vid2_0050.png;5;Zebrafish;742;1022;1077;1166;1,0,0,0;0;;
Vid2_0051.png;5;Zebrafish;750;1029;1090;1175;1,0,0,0;0;;
Vid2_0052.png;5;Zebrafish;773;1032;1104;1192;1,0,0,0;0;;
Vid2_0053.png;5;Zebrafish;773;1032;1104;1192;1,0,0,0;0;;
Vid2_0054.png;5;Zebrafish;777;1032;1106;1192;1,0,0,0;0;;
Vid2_0055.png;5;Zebrafish;803;1030;1132;1182;1,0,0,0;0;;
Vid2_0056.png;5;Zebrafish;838;1034;1167;1180;1,0,0,0;0;;
Vid2_0057.png;5;Zebrafish;853;1037;1189;1183;1,0,0,0;0;;
Vid2_0058.png;5;Zebrafish;877;1042;1206;1183;1,0,0,0;0;;
Vid2_0059.png;5;Zebrafish;878;1042;1206;1183;1,0,0,0;0;;
Vid2_0060.png;5;Zebrafish;878;1043;1208;1184;1,0,0,0;0;;
Vid2_0062.png;5;Zebrafish;927;1066;1250;1205;1,0,0,0;0;;
Vid2_0063.png;5;Zebrafish;949;1076;1272;1198;1,0,0,0;0;;
Vid2_0064.png;5;Zebrafish;949;1074;1268;1197;1,0,0,0;0;;
Vid2_0065.png;5;Zebrafish;996;1090;1304;1202;1,0,0,0;0;;
Vid2_0067.png;5;Zebrafish;1022;1110;1341;1226;1,0,0,0;0;;
Vid2_0068.png;5;Zebrafish;1036;1119;1356;1242;1,0,0,0;0;;
Vid2_0069.png;5;Zebrafish;1059;1129;1369;1256;1,0,0,0;0;;
Vid2_0070.png;5;Zebrafish;1073;1136;1380;1269;1,0,0,0;0;;
Vid2_0071.png;5;Zebrafish;1070;1147;1391;1290;1,0,0,0;0;;
Vid2_0073.png;5;Zebrafish;1092;1167;1407;1310;1,0,0,0;0;;
Vid2_0074.png;5;Zebrafish;1092;1167;1407;1310;1,0,0,0;0;;
Vid2_0075.png;5;Zebrafish;1093;1169;1408;1312;1,0,0,0;0;;
Vid2_0076.png;5;Zebrafish;1111;1177;1423;1316;1,0,0,0;0;;
Vid2_0077.png;5;Zebrafish;1118;1179;1428;1317;1,0,0,0;0;;
Vid2_0078.png;5;Zebrafish;1154;1184;1458;1313;1,0,0,0;0;;
Vid2_0079.png;5;Zebrafish;1151;1185;1464;1312;1,0,0,0;0;;
Vid2_0080.png;5;Zebrafish;1157;1189;1496;1300;1,0,0,0;0;;
Vid2_0081.png;5;Zebrafish;1220;1197;1559;1305;1,0,0,0;0;;
Vid2_0100.png;5;Zebrafish;996;1072;1334;1195;0,0,0,0;0;;
Vid2_0101.png;5;Zebrafish;970;1074;1305;1204;0,0,0,0;0;;
Vid2_0102.png;5;Zebrafish;959;1074;1286;1205;0,0,0,0;0;;
Vid2_0103.png;5;Zebrafish;930;1077;1258;1214;0,0,0,0;0;;
Vid2_0104.png;5;Zebrafish;916;1067;1219;1215;0,0,0,0;0;;
Vid2_0105.png;5;Zebrafish;901;1062;1211;1220;0,0,0,0;0;;
Vid2_0112.png;5;Zebrafish;623;981;963;1107;0,0,0,0;0;;
Vid2_0113.png;5;Zebrafish;577;976;912;1090;0,0,0,0;0;;
Vid2_0115.png;5;Zebrafish;507;975;844;1091;0,0,0,0;0;;
Vid2_0116.png;5;Zebrafish;474;978;808;1097;0,0,0,0;0;;
Vid2_0117.png;5;Zebrafish;479;977;813;1096;0,0,0,0;0;;
Vid2_0149.png;5;Zebrafish;1219;1016;1557;1135;1,0,0,0;0;;
Vid2_0150.png;5;Zebrafish;1220;1029;1563;1149;1,0,0,0;0;;
Vid2_0151.png;5;Zebrafish;1220;1027;1562;1147;1,0,0,0;0;;
Vid2_0152.png;5;Zebrafish;1233;1054;1573;1177;1,0,0,0;0;;
Vid2_0153.png;5;Zebrafish;1262;1052;1562;1197;1,0,0,0;0;;
Vid2_0154.png;5;Zebrafish;1253;1052;1562;1197;1,0,0,0;0;;
Vid2_0155.png;5;Zebrafish;1297;1045;1606;1186;1,0,0,0;0;;
Vid2_0157.png;5;Zebrafish;1348;1044;1659;1187;1,0,0,0;0;;
Vid2_0159.png;5;Zebrafish;1397;1048;1694;1198;1,0,0,0;0;;
Vid2_0160.png;5;Zebrafish;1431;1050;1712;1207;1,0,0,0;0;;
Vid2_0199.png;5;Zebrafish;257;1022;571;1145;1,0,0,0;0;;
Vid2_0209.png;5;Zebrafish;770;983;1111;1083;1,0,0,0;0;;
Vid2_0211.png;5;Zebrafish;853;1003;1192;1100;1,0,0,0;0;;
Vid2_0212.png;5;Zebrafish;920;1013;1254;1114;1,0,0,0;0;;
Vid2_0213.png;5;Zebrafish;932;1017;1273;1119;1,0,0,0;0;;
Vid2_0214.png;5;Zebrafish;993;1025;1324;1137;1,0,0,0;0;;
Vid2_0215.png;5;Zebrafish;1000;1023;1327;1141;1,0,0,0;0;;
Vid2_0216.png;5;Zebrafish;1028;1015;1357;1142;1,0,0,0;0;;
Vid2_0217.png;5;Zebrafish;1049;1016;1377;1140;1,0,0,0;0;;
Vid2_0239.png;5;Zebrafish;974;1019;1312;1119;0,0,0,0;0;;
Vid2_0240.png;5;Zebrafish;967;1020;1303;1117;0,0,0,0;0;;
Vid2_0241.png;5;Zebrafish;914;1029;1248;1126;0,0,0,0;0;;
Vid2_0242.png;5;Zebrafish;868;1043;1203;1146;0,0,0,0;0;;
Vid2_0243.png;5;Zebrafish;841;1053;1176;1157;0,0,0,0;0;;
Vid2_0245.png;5;Zebrafish;759;1066;1071;1184;0,0,0,0;0;;
Vid2_0246.png;5;Zebrafish;693;1069;1033;1174;0,0,0,0;0;;
Vid2_0248.png;5;Zebrafish;602;1071;938;1195;0,0,0,0;0;;
Vid2_0249.png;5;Zebrafish;560;1072;890;1196;0,0,0,0;0;;
Vid2_0250.png;5;Zebrafish;568;1072;898;1196;0,0,0,0;0;;
Vid2_0251.png;5;Zebrafish;508;1074;833;1208;0,0,0,0;0;;
Vid2_0252.png;5;Zebrafish;493;1075;814;1209;0,0,0,0;0;;
Vid2_0254.png;5;Zebrafish;427;1079;751;1233;0,0,0,0;0;;
Vid2_0255.png;5;Zebrafish;393;1071;684;1219;0,0,0,0;0;;
Vid2_0256.png;5;Zebrafish;347;1060;681;1205;0,0,0,0;0;;
Vid2_0257.png;5;Zebrafish;296;1049;628;1193;0,0,0,0;0;;
Vid2_0258.png;5;Zebrafish;272;1045;604;1187;0,0,0,0;0;;
Vid2_0259.png;5;Zebrafish;227;1035;543;1170;0,0,0,0;0;;
Vid2_0263.png;5;Zebrafish;269;1019;601;1119;1,0,0,0;0;;
Vid2_0264.png;5;Zebrafish;313;1021;660;1117;1,0,0,0;0;;
Vid2_0265.png;5;Zebrafish;358;1024;705;1120;1,0,0,0;0;;
Vid2_0266.png;5;Zebrafish;407;1029;750;1124;1,0,0,0;0;;
Vid2_0268.png;5;Zebrafish;476;1035;823;1149;1,0,0,0;0;;
Vid2_0269.png;5;Zebrafish;483;1037;832;1152;1,0,0,0;0;;
Vid2_0270.png;5;Zebrafish;514;1039;853;1156;1,0,0,0;0;;
Vid2_0271.png;5;Zebrafish;574;1045;909;1169;1,0,0,0;0;;
Vid2_0272.png;5;Zebrafish;597;1049;934;1178;1,0,0,0;0;;
Vid2_0273.png;5;Zebrafish;591;1048;930;1177;1,0,0,0;0;;
Vid2_0274.png;5;Zebrafish;636;1057;971;1185;1,0,0,0;0;;
Vid2_0275.png;5;Zebrafish;640;1059;981;1192;1,0,0,0;0;;
Vid2_0276.png;5;Zebrafish;659;1062;993;1194;1,0,0,0;0;;
Vid2_0277.png;5;Zebrafish;713;1062;1031;1198;1,0,0,0;0;;
Vid2_0279.png;5;Zebrafish;756;1058;1089;1197;1,0,0,0;0;;
Vid2_0280.png;5;Zebrafish;785;1058;1113;1195;1,0,0,0;0;;
Vid2_0281.png;5;Zebrafish;781;1058;1110;1195;1,0,0,0;0;;
Vid2_0282.png;5;Zebrafish;824;1057;1146;1194;1,0,0,0;0;;
Vid2_0283.png;5;Zebrafish;848;1053;1160;1193;1,0,0,0;0;;
Vid2_0284.png;5;Zebrafish;861;1049;1181;1201;1,0,0,0;0;;
Vid2_0285.png;5;Zebrafish;913;1044;1243;1188;1,0,0,0;0;;
Vid2_0286.png;5;Zebrafish;959;1037;1271;1175;1,0,0,0;0;;
Vid2_0287.png;5;Zebrafish;979;1030;1308;1175;1,0,0,0;0;;
Vid2_0288.png;5;Zebrafish;1012;1025;1342;1163;1,0,0,0;0;;
Vid2_0289.png;5;Zebrafish;1017;1025;1346;1161;1,0,0,0;0;;
Vid2_0290.png;5;Zebrafish;1048;1022;1384;1159;1,0,0,0;0;;
Vid2_0291.png;5;Zebrafish;1084;1017;1416;1164;1,0,0,0;0;;
Vid2_0292.png;5;Zebrafish;1142;1010;1438;1162;1,0,0,0;0;;
Vid2_0293.png;5;Zebrafish;1149;1001;1479;1156;1,0,0,0;0;;
Vid2_0294.png;5;Zebrafish;1140;1002;1471;1156;1,0,0,0;0;;
Vid2_0295.png;5;Zebrafish;1204;992;1539;1142;1,0,0,0;0;;
Vid2_0296.png;5;Zebrafish;1220;991;1556;1140;1,0,0,0;0;;
Vid2_0297.png;5;Zebrafish;1267;987;1596;1141;1,0,0,0;0;;
Vid2_0299.png;5;Zebrafish;1325;980;1644;1157;1,0,0,0;0;;
Vid2_0300.png;5;Zebrafish;1331;977;1645;1157;1,0,0,0;0;;
Vid2_0301.png;5;Zebrafish;1353;962;1670;1158;1,0,0,0;0;;
Vid2_0302.png;5;Zebrafish;1388;957;1698;1147;1,0,0,0;0;;
Vid2_0316.png;5;Zebrafish;1215;920;1541;1063;0,0,0,0;0;;
Vid2_0317.png;5;Zebrafish;1192;920;1498;1050;0,0,0,0;0;;
Vid2_0318.png;5;Zebrafish;1110;942;1449;1032;0,0,0,0;0;;
Vid2_0319.png;5;Zebrafish;1057;951;1390;1042;0,0,0,0;0;;
Vid2_0320.png;5;Zebrafish;1047;953;1383;1042;0,0,0,0;0;;
Vid2_0321.png;5;Zebrafish;986;970;1328;1064;0,0,0,0;0;;
Vid2_0322.png;5;Zebrafish;930;967;1245;1099;0,0,0,0;0;;
Vid2_0324.png;5;Zebrafish;772;1003;1108;1091;0,0,0,0;0;;
Vid2_0325.png;5;Zebrafish;696;1015;1041;1106;0,0,0,0;0;;
Vid2_0326.png;5;Zebrafish;640;1022;986;1116;0,0,0,0;0;;
Vid2_0327.png;5;Zebrafish;580;1030;922;1130;0,0,0,0;0;;
Vid2_0328.png;5;Zebrafish;590;1029;932;1125;0,0,0,0;0;;
Vid2_0329.png;5;Zebrafish;488;1045;830;1158;0,0,0,0;0;;
Vid2_0330.png;5;Zebrafish;481;1047;822;1160;0,0,0,0;0;;
Vid2_0331.png;5;Zebrafish;427;1057;763;1177;0,0,0,0;0;;
Vid2_0335.png;5;Zebrafish;370;1052;704;1147;1,0,0,0;0;;
Vid2_0336.png;5;Zebrafish;360;1052;694;1146;1,0,0,0;0;;
Vid2_0337.png;5;Zebrafish;425;1052;767;1151;1,0,0,0;0;;
Vid2_0338.png;5;Zebrafish;469;1046;817;1149;1,0,0,0;0;;
Vid2_0339.png;5;Zebrafish;531;1046;876;1151;1,0,0,0;0;;
Vid2_0340.png;5;Zebrafish;585;1046;926;1149;1,0,0,0;0;;
Vid2_0341.png;5;Zebrafish;604;1048;942;1151;1,0,0,0;0;;
Vid2_0342.png;5;Zebrafish;643;1055;984;1151;1,0,0,0;0;;
Vid2_0343.png;5;Zebrafish;647;1056;989;1151;1,0,0,0;0;;
Vid2_0344.png;5;Zebrafish;686;1060;1027;1165;1,0,0,0;0;;
Vid2_0345.png;5;Zebrafish;724;1066;1059;1182;1,0,0,0;0;;
Vid2_0346.png;5;Zebrafish;736;1070;1074;1191;1,0,0,0;0;;
Vid2_0347.png;5;Zebrafish;764;1077;1095;1199;1,0,0,0;0;;
Vid2_0348.png;5;Zebrafish;784;1086;1113;1213;1,0,0,0;0;;
Vid2_0349.png;5;Zebrafish;783;1084;1110;1211;1,0,0,0;0;;
Vid2_0350.png;5;Zebrafish;798;1095;1130;1231;1,0,0,0;0;;
Vid2_0351.png;5;Zebrafish;826;1110;1148;1246;1,0,0,0;0;;
Vid2_0352.png;5;Zebrafish;829;1116;1153;1256;1,0,0,0;0;;
Vid2_0353.png;5;Zebrafish;839;1128;1165;1269;1,0,0,0;0;;
Vid2_0354.png;5;Zebrafish;862;1146;1179;1286;1,0,0,0;0;;
Vid2_0355.png;5;Zebrafish;871;1153;1183;1294;1,0,0,0;0;;
Vid2_0356.png;5;Zebrafish;870;1168;1192;1318;1,0,0,0;0;;
Vid2_0357.png;5;Zebrafish;872;1187;1202;1342;1,0,0,0;0;;
Vid2_0358.png;5;Zebrafish;880;1209;1210;1361;1,0,0,0;0;;
Vid2_0359.png;5;Zebrafish;881;1207;1209;1359;1,0,0,0;0;;
Vid2_0360.png;5;Zebrafish;892;1239;1217;1392;1,0,0,0;0;;
Vid2_0361.png;5;Zebrafish;894;1256;1218;1411;1,0,0,0;0;;
Vid2_0362.png;5;Zebrafish;895;1265;1219;1419;1,0,0,0;0;;
Vid2_0365.png;5;Zebrafish;1067;1215;1371;1369;1,0,0,0;0;;
Vid2_0366.png;5;Zebrafish;1103;1199;1432;1344;1,0,0,0;0;;
Vid2_0367.png;5;Zebrafish;1100;1201;1423;1348;1,0,0,0;0;;
Vid2_0368.png;5;Zebrafish;1176;1179;1503;1324;1,0,0,0;0;;
Vid2_0369.png;5;Zebrafish;1172;1180;1500;1325;1,0,0,0;0;;
Vid2_0384.png;5;Zebrafish;1309;1127;1649;1247;0,0,0,0;0;;
Vid2_0385.png;5;Zebrafish;1278;1123;1622;1240;0,0,0,0;0;;
Vid2_0386.png;5;Zebrafish;1207;1114;1548;1230;0,0,0,0;0;;
Vid2_0387.png;5;Zebrafish;1199;1114;1540;1229;0,0,0,0;0;;
Vid2_0388.png;5;Zebrafish;1140;1111;1481;1227;0,0,0,0;0;;
Vid2_0389.png;5;Zebrafish;1090;1112;1427;1224;0,0,0,0;0;;
Vid2_0390.png;5;Zebrafish;1084;1113;1421;1225;0,0,0,0;0;;
Vid2_0391.png;5;Zebrafish;1039;1119;1385;1232;0,0,0,0;0;;
Vid2_0393.png;5;Zebrafish;974;1136;1314;1248;0,0,0,0;0;;
Vid2_0394.png;5;Zebrafish;949;1148;1287;1259;0,0,0,0;0;;
Vid2_0395.png;5;Zebrafish;926;1162;1263;1272;0,0,0,0;0;;
Vid2_0396.png;5;Zebrafish;908;1174;1245;1284;0,0,0,0;0;;
Vid2_0397.png;5;Zebrafish;906;1176;1243;1288;0,0,0,0;0;;
Vid2_0398.png;5;Zebrafish;877;1183;1188;1307;0,0,0,0;0;;
Vid2_0399.png;5;Zebrafish;816;1187;1155;1296;0,0,0,0;0;;
Vid2_0400.png;5;Zebrafish;780;1190;1122;1297;0,0,0,0;0;;
Vid2_0401.png;5;Zebrafish;743;1195;1085;1302;0,0,0,0;0;;
Vid2_0402.png;5;Zebrafish;715;1199;1056;1312;0,0,0,0;0;;
Vid2_0403.png;5;Zebrafish;685;1204;1026;1327;0,0,0,0;0;;
Vid2_0404.png;5;Zebrafish;689;1203;1029;1326;0,0,0,0;0;;
Vid2_0405.png;5;Zebrafish;648;1211;977;1350;0,0,0,0;0;;
Vid2_0406.png;5;Zebrafish;620;1217;957;1367;0,0,0,0;0;;
Vid2_0407.png;5;Zebrafish;623;1217;959;1364;0,0,0,0;0;;
Vid2_0408.png;5;Zebrafish;593;1227;929;1385;0,0,0,0;0;;
Vid2_0409.png;5;Zebrafish;573;1237;894;1398;0,0,0,0;0;;
Vid2_0410.png;5;Zebrafish;563;1244;889;1406;0,0,0,0;0;;
Vid2_0411.png;5;Zebrafish;561;1245;887;1407;0,0,0,0;0;;
Vid2_0415.png;5;Zebrafish;614;1227;910;1327;1,0,0,0;0;;
Vid2_0416.png;5;Zebrafish;622;1218;956;1329;1,0,0,0;0;;
Vid2_0418.png;5;Zebrafish;693;1209;1023;1322;1,0,0,0;0;;
Vid2_0419.png;5;Zebrafish;717;1210;1048;1316;1,0,0,0;0;;
Vid2_0420.png;5;Zebrafish;743;1209;1069;1314;1,0,0,0;0;;
Vid2_0421.png;5;Zebrafish;763;1210;1085;1315;1,0,0,0;0;;
Vid2_0422.png;5;Zebrafish;767;1210;1089;1315;1,0,0,0;0;;
Vid2_0423.png;5;Zebrafish;818;1212;1127;1327;1,0,0,0;0;;
Vid2_0424.png;5;Zebrafish;854;1216;1142;1325;1,0,0,0;0;;
Vid2_0425.png;5;Zebrafish;848;1227;1176;1323;1,0,0,0;0;;
Vid2_0426.png;5;Zebrafish;865;1228;1198;1330;1,0,0,0;0;;
Vid2_0427.png;5;Zebrafish;882;1233;1215;1335;1,0,0,0;0;;
Vid2_0428.png;5;Zebrafish;902;1239;1235;1344;1,0,0,0;0;;
Vid2_0429.png;5;Zebrafish;910;1242;1243;1353;1,0,0,0;0;;
Vid2_0447.png;5;Zebrafish;1489;1183;1822;1325;1,0,0,0;0;;
Vid2_0448.png;5;Zebrafish;1500;1174;1837;1323;1,0,0,0;0;;
Vid2_0449.png;5;Zebrafish;1524;1169;1855;1321;1,0,0,0;0;;
Vid2_0450.png;5;Zebrafish;1520;1170;1852;1322;1,0,0,0;0;;
Vid2_0456.png;5;Zebrafish;1509;1139;1835;1283;0,0,0,0;0;;
Vid2_0457.png;5;Zebrafish;1440;1140;1777;1264;0,0,0,0;0;;
Vid2_0458.png;5;Zebrafish;1425;1141;1759;1265;0,0,0,0;0;;
Vid2_0459.png;5;Zebrafish;1391;1146;1720;1264;0,0,0,0;0;;
Vid2_0460.png;5;Zebrafish;1370;1152;1702;1267;0,0,0,0;0;;
Vid2_0461.png;5;Zebrafish;1362;1155;1700;1271;0,0,0,0;0;;
Vid2_0462.png;5;Zebrafish;1337;1165;1679;1282;0,0,0,0;0;;
Vid2_0463.png;5;Zebrafish;1324;1166;1660;1291;0,0,0,0;0;;
Vid2_0464.png;5;Zebrafish;1298;1177;1608;1283;0,0,0,0;0;;
Vid2_0465.png;5;Zebrafish;1247;1185;1573;1274;0,0,0,0;0;;
Vid2_0466.png;5;Zebrafish;1210;1189;1538;1279;0,0,0,0;0;;
Vid2_0467.png;5;Zebrafish;1171;1197;1513;1292;0,0,0,0;0;;
Vid2_0468.png;5;Zebrafish;1177;1196;1517;1291;0,0,0,0;0;;
Vid2_0469.png;5;Zebrafish;1117;1215;1464;1314;0,0,0,0;0;;
Vid2_0470.png;5;Zebrafish;1074;1231;1417;1330;0,0,0,0;0;;
Vid2_0471.png;5;Zebrafish;1051;1241;1393;1342;0,0,0,0;0;;
Vid2_0472.png;5;Zebrafish;1026;1254;1373;1355;0,0,0,0;0;;
Vid2_0473.png;5;Zebrafish;1023;1256;1370;1359;0,0,0,0;0;;
Vid2_0478.png;5;Zebrafish;445;1221;774;1342;0,0,0,0;0;;
Vid2_0479.png;5;Zebrafish;457;1220;786;1343;0,0,0,0;0;;
Vid2_0485.png;5;Zebrafish;391;1190;724;1288;1,0,0,0;0;;
Vid2_0486.png;5;Zebrafish;379;1191;710;1290;1,0,0,0;0;;
Vid2_0487.png;5;Zebrafish;478;1191;817;1296;1,0,0,0;0;;
Vid2_0488.png;5;Zebrafish;542;1192;886;1306;1,0,0,0;0;;
Vid2_0489.png;5;Zebrafish;584;1192;929;1311;1,0,0,0;0;;
Vid2_0490.png;5;Zebrafish;616;1192;962;1312;1,0,0,0;0;;
Vid2_0491.png;5;Zebrafish;651;1192;995;1319;1,0,0,0;0;;
Vid2_0492.png;5;Zebrafish;656;1192;1000;1322;1,0,0,0;0;;
Vid2_0493.png;5;Zebrafish;710;1191;1042;1321;1,0,0,0;0;;
Vid2_0494.png;5;Zebrafish;736;1192;1084;1316;1,0,0,0;0;;
Vid2_0495.png;5;Zebrafish;751;1193;1099;1317;1,0,0,0;0;;
Vid2_0496.png;5;Zebrafish;786;1199;1134;1325;1,0,0,0;0;;
Vid2_0497.png;5;Zebrafish;814;1202;1154;1325;1,0,0,0;0;;
Vid2_0498.png;5;Zebrafish;867;1192;1175;1319;1,0,0,0;0;;
Vid2_0516.png;5;Zebrafish;1319;1146;1620;1253;1,0,0,0;0;;
Vid2_0517.png;5;Zebrafish;1339;1137;1637;1260;1,0,0,0;0;;
Vid2_0518.png;5;Zebrafish;1330;1138;1633;1257;1,0,0,0;0;;
Vid2_0519.png;5;Zebrafish;1354;1133;1664;1254;1,0,0,0;0;;
Vid2_0520.png;5;Zebrafish;1354;1133;1684;1251;1,0,0,0;0;;
Vid2_0521.png;5;Zebrafish;1357;1134;1686;1252;1,0,0,0;0;;
Vid2_0522.png;5;Zebrafish;1381;1132;1697;1266;1,0,0,0;0;;
Vid2_0523.png;5;Zebrafish;1411;1132;1743;1259;1,0,0,0;0;;
Vid2_0536.png;5;Zebrafish;1292;1139;1634;1240;0,0,0,0;0;;
Vid2_0537.png;5;Zebrafish;1272;1148;1599;1269;0,0,0,0;0;;
Vid2_0538.png;5;Zebrafish;1264;1153;1590;1270;0,0,0,0;0;;
Vid2_0539.png;5;Zebrafish;1238;1169;1583;1276;0,0,0,0;0;;
Vid2_0540.png;5;Zebrafish;1236;1171;1578;1277;0,0,0,0;0;;
Vid2_0548.png;5;Zebrafish;1065;1227;1363;1376;0,0,0,0;0;;
Vid2_0549.png;5;Zebrafish;1034;1222;1351;1371;0,0,0,0;0;;
Vid2_0550.png;5;Zebrafish;1030;1221;1347;1371;0,0,0,0;0;;
Vid2_0551.png;5;Zebrafish;1000;1218;1336;1371;0,0,0,0;0;;
Vid2_0552.png;5;Zebrafish;941;1207;1269;1351;0,0,0,0;0;;
Vid2_0553.png;5;Zebrafish;912;1202;1250;1333;0,0,0,0;0;;
Vid2_0554.png;5;Zebrafish;846;1191;1185;1321;0,0,0,0;0;;
Vid2_0555.png;5;Zebrafish;794;1184;1135;1314;0,0,0,0;0;;
Vid2_0556.png;5;Zebrafish;800;1185;1141;1315;0,0,0,0;0;;
Vid2_0557.png;5;Zebrafish;746;1177;1080;1315;0,0,0,0;0;;
Vid2_0558.png;5;Zebrafish;710;1171;1043;1319;0,0,0,0;0;;
Vid2_0559.png;5;Zebrafish;692;1169;1020;1325;0,0,0,0;0;;
Vid2_0560.png;5;Zebrafish;672;1163;987;1322;0,0,0,0;0;;
Vid2_0561.png;5;Zebrafish;657;1161;983;1314;0,0,0,0;0;;
Vid2_0562.png;5;Zebrafish;620;1158;939;1294;0,0,0,0;0;;
Vid2_0563.png;5;Zebrafish;608;1158;935;1289;0,0,0,0;0;;
Vid2_0564.png;5;Zebrafish;579;1157;907;1287;0,0,0,0;0;;
Vid2_0565.png;5;Zebrafish;560;1158;888;1288;0,0,0,0;0;;
Vid2_0566.png;5;Zebrafish;562;1158;889;1288;0,0,0,0;0;;
Vid2_0567.png;5;Zebrafish;533;1161;860;1303;0,0,0,0;0;;
Vid2_0582.png;5;Zebrafish;284;1109;626;1213;1,0,0,0;0;;
Vid2_0583.png;5;Zebrafish;332;1103;673;1211;1,0,0,0;0;;
Vid2_0584.png;5;Zebrafish;325;1104;665;1213;1,0,0,0;0;;
Vid2_0585.png;5;Zebrafish;380;1101;716;1212;1,0,0,0;0;;
Vid2_0586.png;5;Zebrafish;423;1101;756;1218;1,0,0,0;0;;
Vid2_0587.png;5;Zebrafish;462;1103;803;1228;1,0,0,0;0;;
Vid2_0588.png;5;Zebrafish;510;1106;842;1241;1,0,0,0;0;;
Vid2_0589.png;5;Zebrafish;500;1106;837;1242;1,0,0,0;0;;
Vid2_0590.png;5;Zebrafish;555;1111;880;1237;1,0,0,0;0;;
Vid2_0591.png;5;Zebrafish;588;1115;918;1240;1,0,0,0;0;;
Vid2_0592.png;5;Zebrafish;601;1114;937;1230;1,0,0,0;0;;
Vid2_0593.png;5;Zebrafish;618;1114;949;1223;1,0,0,0;0;;
Vid2_0594.png;5;Zebrafish;649;1117;981;1220;1,0,0,0;0;;
Vid2_0595.png;5;Zebrafish;654;1118;990;1222;1,0,0,0;0;;
Vid2_0597.png;5;Zebrafish;676;1128;1020;1245;1,0,0,0;0;;
Vid2_0598.png;5;Zebrafish;691;1135;1035;1261;1,0,0,0;0;;
Vid2_0599.png;5;Zebrafish;716;1139;1042;1283;1,0,0,0;0;;
Vid2_0612.png;5;Zebrafish;1179;1089;1502;1226;1,0,0,0;0;;
Vid2_0613.png;5;Zebrafish;1216;1088;1525;1230;1,0,0,0;0;;
Vid2_0614.png;5;Zebrafish;1209;1088;1519;1230;1,0,0,0;0;;
Vid2_0615.png;5;Zebrafish;1294;1087;1588;1221;1,0,0,0;0;;
Vid2_0616.png;5;Zebrafish;1291;1088;1583;1220;1,0,0,0;0;;
Vid2_0617.png;5;Zebrafish;1326;1082;1617;1225;1,0,0,0;0;;
Vid2_0618.png;5;Zebrafish;1339;1082;1632;1224;1,0,0,0;0;;
Vid2_0625.png;5;Zebrafish;1215;1070;1558;1162;0,0,0,0;0;;
Vid2_0626.png;5;Zebrafish;1154;1085;1488;1185;0,0,0,0;0;;
Vid2_0627.png;5;Zebrafish;1163;1084;1493;1185;0,0,0,0;0;;
Vid2_0628.png;5;Zebrafish;1094;1103;1433;1201;0,0,0,0;0;;
Vid2_0629.png;5;Zebrafish;1064;1114;1403;1213;0,0,0,0;0;;
Vid2_0630.png;5;Zebrafish;1023;1134;1361;1232;0,0,0,0;0;;
Vid2_0631.png;5;Zebrafish;1019;1136;1357;1234;0,0,0,0;0;;
Vid2_0632.png;5;Zebrafish;970;1149;1288;1267;0,0,0,0;0;;
Vid2_0633.png;5;Zebrafish;974;1149;1292;1265;0,0,0,0;0;;
Vid2_0634.png;5;Zebrafish;932;1159;1272;1274;0,0,0,0;0;;
Vid2_0635.png;5;Zebrafish;899;1169;1236;1287;0,0,0,0;0;;
Vid2_0636.png;5;Zebrafish;903;1169;1240;1284;0,0,0,0;0;;
Vid2_0637.png;5;Zebrafish;858;1179;1193;1308;0,0,0,0;0;;
Vid2_0639.png;5;Zebrafish;805;1175;1110;1313;0,0,0,0;0;;
Vid2_0641.png;5;Zebrafish;702;1163;1039;1280;0,0,0,0;0;;
Vid2_0642.png;5;Zebrafish;693;1162;1032;1279;0,0,0,0;0;;
Vid2_0643.png;5;Zebrafish;662;1160;1001;1277;0,0,0,0;0;;
Vid2_0644.png;5;Zebrafish;576;1158;909;1281;0,0,0,0;0;;
Vid2_0645.png;5;Zebrafish;543;1159;873;1285;0,0,0,0;0;;
Vid2_0646.png;5;Zebrafish;547;1158;878;1284;0,0,0,0;0;;
Vid2_0647.png;5;Zebrafish;499;1152;802;1279;0,0,0,0;0;;
Vid2_0649.png;5;Zebrafish;437;1135;735;1267;0,0,0,0;0;;
Vid2_0650.png;5;Zebrafish;409;1128;712;1261;0,0,0,0;0;;
Vid2_0651.png;5;Zebrafish;406;1129;710;1259;0,0,0,0;0;;
Vid2_0652.png;5;Zebrafish;374;1123;679;1260;0,0,0,0;0;;
Vid2_0653.png;5;Zebrafish;358;1120;666;1257;0,0,0,0;0;;
Vid2_0657.png;5;Zebrafish;394;1093;710;1216;1,0,0,0;0;;
Vid2_0658.png;5;Zebrafish;423;1087;766;1205;1,0,0,0;0;;
Vid2_0659.png;5;Zebrafish;444;1085;790;1198;1,0,0,0;0;;
Vid2_0660.png;5;Zebrafish;502;1084;848;1190;1,0,0,0;0;;
Vid2_0661.png;5;Zebrafish;542;1084;886;1187;1,0,0,0;0;;
Vid2_0662.png;5;Zebrafish;577;1086;920;1195;1,0,0,0;0;;
Vid2_0663.png;5;Zebrafish;599;1089;947;1208;1,0,0,0;0;;
Vid2_0664.png;5;Zebrafish;643;1090;977;1211;1,0,0,0;0;;
Vid2_0665.png;5;Zebrafish;637;1090;972;1213;1,0,0,0;0;;
Vid2_0666.png;5;Zebrafish;675;1092;1020;1219;1,0,0,0;0;;
Vid2_0668.png;5;Zebrafish;736;1086;1064;1237;1,0,0,0;0;;
Vid2_0669.png;5;Zebrafish;755;1086;1085;1238;1,0,0,0;0;;
Vid2_0670.png;5;Zebrafish;755;1086;1082;1236;1,0,0,0;0;;
Vid2_0671.png;5;Zebrafish;788;1090;1116;1242;1,0,0,0;0;;
Vid2_0672.png;5;Zebrafish;811;1088;1125;1258;1,0,0,0;0;;
Vid2_0673.png;5;Zebrafish;840;1084;1160;1256;1,0,0,0;0;;
Vid2_0675.png;5;Zebrafish;900;1078;1229;1236;1,0,0,0;0;;
Vid2_0676.png;5;Zebrafish;938;1077;1262;1229;1,0,0,0;0;;
Vid2_0677.png;5;Zebrafish;963;1074;1291;1234;1,0,0,0;0;;
Vid2_0678.png;5;Zebrafish;961;1076;1286;1232;1,0,0,0;0;;
Vid2_0679.png;5;Zebrafish;1029;1049;1346;1229;1,0,0,0;0;;
Vid2_0681.png;5;Zebrafish;1109;1030;1439;1190;1,0,0,0;0;;
Vid2_0682.png;5;Zebrafish;1145;1024;1473;1180;1,0,0,0;0;;
Vid2_0683.png;5;Zebrafish;1142;1026;1467;1182;1,0,0,0;0;;
Vid2_0684.png;5;Zebrafish;1196;1017;1523;1176;1,0,0,0;0;;
Vid2_0685.png;5;Zebrafish;1192;1018;1519;1179;1,0,0,0;0;;
Vid2_0687.png;5;Zebrafish;1272;996;1585;1184;1,0,0,0;0;;
Vid2_0689.png;5;Zebrafish;1322;977;1644;1165;1,0,0,0;0;;
Vid2_0690.png;5;Zebrafish;1328;976;1650;1164;1,0,0,0;0;;
Vid2_0691.png;5;Zebrafish;1348;971;1667;1159;1,0,0,0;0;;
Vid2_0696.png;5;Zebrafish;1405;956;1725;1053;0,0,0,0;0;;
Vid2_0697.png;5;Zebrafish;1334;944;1663;1054;0,0,0,0;0;;
Vid2_0698.png;5;Zebrafish;1288;939;1633;1063;0,0,0,0;0;;
Vid2_0699.png;5;Zebrafish;1263;938;1605;1058;0,0,0,0;0;;
Vid2_0700.png;5;Zebrafish;1235;939;1577;1064;0,0,0,0;0;;
Vid2_0702.png;5;Zebrafish;1182;945;1501;1081;0,0,0,0;0;;
Vid2_0703.png;5;Zebrafish;1147;949;1491;1076;0,0,0,0;0;;
Vid2_0704.png;5;Zebrafish;1113;953;1459;1068;0,0,0,0;0;;
Vid2_0705.png;5;Zebrafish;1097;956;1444;1071;0,0,0,0;0;;
Vid2_0706.png;5;Zebrafish;1058;965;1403;1084;0,0,0,0;0;;
Vid2_0707.png;5;Zebrafish;1034;973;1375;1094;0,0,0,0;0;;
Vid2_0708.png;5;Zebrafish;1015;982;1358;1104;0,0,0,0;0;;
Vid2_0709.png;5;Zebrafish;996;992;1327;1122;0,0,0,0;0;;
Vid2_0710.png;5;Zebrafish;979;1002;1314;1139;0,0,0,0;0;;
Vid2_0711.png;5;Zebrafish;977;1003;1312;1140;0,0,0,0;0;;
Vid2_0712.png;5;Zebrafish;958;1016;1289;1159;0,0,0,0;0;;
Vid2_0713.png;5;Zebrafish;930;1028;1241;1186;0,0,0,0;0;;
Vid2_0714.png;5;Zebrafish;935;1028;1256;1185;0,0,0,0;0;;
Vid2_0715.png;5;Zebrafish;831;1033;1174;1141;0,0,0,0;0;;
Vid2_0716.png;5;Zebrafish;788;1034;1131;1139;0,0,0,0;0;;
Vid2_0717.png;5;Zebrafish;744;1037;1091;1147;0,0,0,0;0;;
Vid2_0718.png;5;Zebrafish;723;1040;1070;1153;0,0,0,0;0;;
Vid2_0719.png;5;Zebrafish;673;1049;1013;1165;0,0,0,0;0;;
Vid2_0720.png;5;Zebrafish;668;1050;1008;1166;0,0,0,0;0;;
Vid2_0721.png;5;Zebrafish;627;1059;968;1183;0,0,0,0;0;;
Vid2_0722.png;5;Zebrafish;594;1068;931;1199;0,0,0,0;0;;
Vid2_0723.png;5;Zebrafish;586;1064;901;1204;0,0,0,0;0;;
Vid2_0724.png;5;Zebrafish;521;1068;845;1192;0,0,0,0;0;;
Vid2_0725.png;5;Zebrafish;513;1068;839;1185;0,0,0,0;0;;
Vid2_0726.png;5;Zebrafish;436;1068;761;1178;0,0,0,0;0;;
Vid2_0727.png;5;Zebrafish;407;1069;730;1192;0,0,0,0;0;;
Vid2_0728.png;5;Zebrafish;377;1070;694;1211;0,0,0,0;0;;
Vid2_0729.png;5;Zebrafish;382;1070;700;1206;0,0,0,0;0;;
Vid2_0730.png;5;Zebrafish;339;1072;650;1223;0,0,0,0;0;;
Vid2_0735.png;5;Zebrafish;364;1049;654;1148;1,0,0,0;0;;
Vid2_0737.png;5;Zebrafish;387;1046;736;1141;1,0,0,0;0;;
Vid2_0738.png;5;Zebrafish;429;1042;775;1140;1,0,0,0;0;;
Vid2_0739.png;5;Zebrafish;423;1042;769;1140;1,0,0,0;0;;
Vid2_0752.png;5;Zebrafish;757;1108;1087;1235;1,0,0,0;0;;
Vid2_0753.png;5;Zebrafish;768;1113;1101;1243;1,0,0,0;0;;
Vid2_0754.png;5;Zebrafish;783;1121;1116;1255;1,0,0,0;0;;
Vid2_0755.png;5;Zebrafish;805;1123;1125;1256;1,0,0,0;0;;
Vid2_0756.png;5;Zebrafish;847;1119;1180;1268;1,0,0,0;0;;
Vid2_0757.png;5;Zebrafish;886;1118;1223;1255;1,0,0,0;0;;
Vid2_0758.png;5;Zebrafish;880;1118;1215;1255;1,0,0,0;0;;
Vid2_0759.png;5;Zebrafish;937;1118;1277;1255;1,0,0,0;0;;
Vid2_0760.png;5;Zebrafish;981;1120;1316;1252;1,0,0,0;0;;
Vid2_0761.png;5;Zebrafish;1010;1122;1341;1256;1,0,0,0;0;;
Vid2_0762.png;5;Zebrafish;1037;1119;1355;1254;1,0,0,0;0;;
Vid2_0763.png;5;Zebrafish;1077;1109;1388;1252;1,0,0,0;0;;
Vid2_0764.png;5;Zebrafish;1080;1108;1393;1253;1,0,0,0;0;;
Vid2_0765.png;5;Zebrafish;1120;1097;1439;1238;1,0,0,0;0;;
Vid2_0767.png;5;Zebrafish;1182;1085;1499;1237;1,0,0,0;0;;
Vid2_0768.png;5;Zebrafish;1224;1073;1528;1223;1,0,0,0;0;;
Vid2_0769.png;5;Zebrafish;1234;1075;1523;1228;1,0,0,0;0;;
Vid2_0770.png;5;Zebrafish;1243;1062;1573;1215;1,0,0,0;0;;
Vid2_0771.png;5;Zebrafish;1281;1056;1606;1215;1,0,0,0;0;;
Vid2_0772.png;5;Zebrafish;1303;1049;1622;1212;1,0,0,0;0;;
Vid2_0773.png;5;Zebrafish;1337;1037;1641;1217;1,0,0,0;0;;
Vid2_0774.png;5;Zebrafish;1328;1039;1638;1215;1,0,0,0;0;;
Vid2_0775.png;5;Zebrafish;1363;1026;1693;1198;1,0,0,0;0;;
Vid2_0776.png;5;Zebrafish;1358;1026;1689;1198;1,0,0,0;0;;
Vid2_0777.png;5;Zebrafish;1410;1022;1734;1187;1,0,0,0;0;;
Vid2_0778.png;5;Zebrafish;1443;1023;1758;1185;1,0,0,0;0;;
Vid2_0779.png;5;Zebrafish;1433;1023;1759;1185;1,0,0,0;0;;
Vid2_0791.png;5;Zebrafish;1016;1113;1356;1213;0,0,0,0;0;;
Vid2_0792.png;5;Zebrafish;979;1118;1323;1223;0,0,0,0;0;;
Vid2_0793.png;5;Zebrafish;952;1125;1285;1235;0,0,0,0;0;;
Vid2_0794.png;5;Zebrafish;921;1133;1250;1243;0,0,0,0;0;;
Vid2_0796.png;5;Zebrafish;870;1153;1206;1272;0,0,0,0;0;;
Vid2_0797.png;5;Zebrafish;866;1154;1202;1273;0,0,0,0;0;;
Vid2_0798.png;5;Zebrafish;832;1159;1134;1281;0,0,0,0;0;;
Vid2_0799.png;5;Zebrafish;777;1174;1121;1268;0,0,0,0;0;;
Vid2_0800.png;5;Zebrafish;724;1186;1065;1286;0,0,0,0;0;;
Vid2_0801.png;5;Zebrafish;706;1195;1044;1293;0,0,0,0;0;;
Vid2_0802.png;5;Zebrafish;660;1213;1007;1320;0,0,0,0;0;;
Vid2_0803.png;5;Zebrafish;629;1227;970;1336;0,0,0,0;0;;
Vid2_0804.png;5;Zebrafish;605;1236;945;1345;0,0,0,0;0;;
Vid2_0805.png;5;Zebrafish;579;1248;920;1361;0,0,0,0;0;;
Vid2_0806.png;5;Zebrafish;556;1260;900;1379;0,0,0,0;0;;
Vid2_0807.png;5;Zebrafish;535;1263;855;1386;0,0,0,0;0;;
Vid2_0808.png;5;Zebrafish;529;1262;846;1387;0,0,0,0;0;;
Vid2_0809.png;5;Zebrafish;482;1254;813;1383;0,0,0,0;0;;
Vid2_0810.png;5;Zebrafish;426;1247;760;1377;0,0,0,0;0;;
Vid2_0811.png;5;Zebrafish;375;1240;713;1383;0,0,0,0;0;;
Vid2_0812.png;5;Zebrafish;382;1240;720;1382;0,0,0,0;0;;
Vid2_0816.png;5;Zebrafish;353;1184;667;1285;1,0,0,0;0;;
Vid2_0817.png;5;Zebrafish;369;1178;709;1274;1,0,0,0;0;;
Vid2_0818.png;5;Zebrafish;389;1173;728;1273;1,0,0,0;0;;
Vid2_0819.png;5;Zebrafish;447;1166;776;1275;1,0,0,0;0;;
Vid2_0820.png;5;Zebrafish;475;1165;804;1278;1,0,0,0;0;;
Vid2_0821.png;5;Zebrafish;473;1165;799;1279;1,0,0,0;0;;
Vid2_0822.png;5;Zebrafish;511;1165;842;1295;1,0,0,0;0;;
Vid2_0823.png;5;Zebrafish;558;1168;870;1310;1,0,0,0;0;;
Vid2_0824.png;5;Zebrafish;553;1168;866;1309;1,0,0,0;0;;
Vid2_0825.png;5;Zebrafish;596;1174;909;1308;1,0,0,0;0;;
Vid2_0826.png;5;Zebrafish;636;1179;964;1295;1,0,0,0;0;;
Vid2_0827.png;5;Zebrafish;669;1183;999;1294;1,0,0,0;0;;
Vid2_0828.png;5;Zebrafish;692;1189;1025;1294;1,0,0,0;0;;
Vid2_0829.png;5;Zebrafish;694;1190;1031;1295;1,0,0,0;0;;
Vid2_0830.png;5;Zebrafish;743;1209;1081;1310;1,0,0,0;0;;
Vid2_0831.png;5;Zebrafish;755;1216;1093;1315;1,0,0,0;0;;
Vid2_0832.png;5;Zebrafish;783;1235;1122;1344;1,0,0,0;0;;
Vid2_0833.png;5;Zebrafish;800;1245;1140;1361;1,0,0,0;0;;
Vid2_0834.png;5;Zebrafish;817;1247;1151;1378;1,0,0,0;0;;
Vid2_0835.png;5;Zebrafish;845;1254;1161;1383;1,0,0,0;0;;
Vid2_0836.png;5;Zebrafish;844;1263;1175;1393;1,0,0,0;0;;
Vid2_0837.png;5;Zebrafish;848;1262;1174;1392;1,0,0,0;0;;
Vid2_0838.png;5;Zebrafish;856;1280;1194;1405;1,0,0,0;0;;
Vid2_0860.png;5;Zebrafish;1347;1183;1689;1291;0,0,0,0;0;;
Vid2_0861.png;5;Zebrafish;1355;1183;1698;1295;0,0,0,0;0;;
Vid2_0862.png;5;Zebrafish;1301;1188;1644;1295;0,0,0,0;0;;
Vid2_0863.png;5;Zebrafish;1256;1197;1580;1302;0,0,0,0;0;;
Vid2_0864.png;5;Zebrafish;1243;1198;1562;1306;0,0,0,0;0;;
Vid2_0865.png;5;Zebrafish;1215;1194;1549;1310;0,0,0,0;0;;
Vid2_0866.png;5;Zebrafish;1191;1198;1508;1320;0,0,0,0;0;;
Vid2_0867.png;5;Zebrafish;1179;1198;1496;1321;0,0,0,0;0;;
Vid2_0868.png;5;Zebrafish;1169;1196;1491;1330;0,0,0,0;0;;
Vid2_0869.png;5;Zebrafish;1150;1198;1469;1335;0,0,0,0;0;;
Vid2_0870.png;5;Zebrafish;1136;1202;1439;1326;0,0,0,0;0;;
Vid2_0871.png;5;Zebrafish;1120;1206;1434;1329;0,0,0,0;0;;
Vid2_0872.png;5;Zebrafish;1112;1210;1427;1338;0,0,0,0;0;;
Vid2_0873.png;5;Zebrafish;1079;1199;1382;1358;0,0,0,0;0;;
Vid2_0883.png;5;Zebrafish;603;1162;940;1262;0,0,0,0;0;;
Vid2_0884.png;5;Zebrafish;546;1166;885;1270;0,0,0,0;0;;
Vid2_0885.png;5;Zebrafish;514;1171;850;1283;0,0,0,0;0;;
Vid2_0886.png;5;Zebrafish;508;1172;844;1283;0,0,0,0;0;;
Vid2_0887.png;5;Zebrafish;462;1178;798;1296;0,0,0,0;0;;
Vid2_0888.png;5;Zebrafish;420;1176;743;1298;0,0,0,0;0;;
Vid2_0889.png;5;Zebrafish;425;1175;742;1298;0,0,0,0;0;;
Vid2_0890.png;5;Zebrafish;372;1176;703;1292;0,0,0,0;0;;
Vid2_0891.png;5;Zebrafish;357;1176;686;1292;0,0,0,0;0;;
Vid2_0892.png;5;Zebrafish;323;1178;656;1297;0,0,0,0;0;;
Vid2_0893.png;5;Zebrafish;290;1181;627;1312;0,0,0,0;0;;
Vid2_0894.png;5;Zebrafish;272;1183;601;1318;0,0,0,0;0;;
Vid2_0895.png;5;Zebrafish;257;1187;578;1327;0,0,0,0;0;;
Vid2_0900.png;5;Zebrafish;351;1212;669;1324;1,0,0,0;0;;
Vid2_0901.png;5;Zebrafish;372;1212;694;1323;1,0,0,0;0;;
Vid2_0902.png;5;Zebrafish;414;1217;756;1330;1,0,0,0;0;;
Vid2_0903.png;5;Zebrafish;449;1221;796;1337;1,0,0,0;0;;
Vid2_0904.png;5;Zebrafish;488;1223;831;1343;1,0,0,0;0;;
Vid2_0905.png;5;Zebrafish;517;1226;862;1349;1,0,0,0;0;;
Vid2_0906.png;5;Zebrafish;551;1229;898;1343;1,0,0,0;0;;
Vid2_0907.png;5;Zebrafish;546;1229;893;1341;1,0,0,0;0;;
Vid2_0908.png;5;Zebrafish;604;1234;946;1349;1,0,0,0;0;;
Vid2_0909.png;5;Zebrafish;640;1240;981;1359;1,0,0,0;0;;
Vid2_0910.png;5;Zebrafish;633;1240;976;1357;1,0,0,0;0;;
Vid2_0912.png;5;Zebrafish;709;1254;1042;1376;1,0,0,0;0;;
Vid2_0913.png;5;Zebrafish;709;1255;1043;1378;1,0,0,0;0;;
Vid2_0914.png;5;Zebrafish;725;1265;1068;1391;1,0,0,0;0;;
Vid2_0915.png;5;Zebrafish;752;1270;1086;1412;1,0,0,0;0;;
Vid2_0916.png;5;Zebrafish;783;1276;1103;1413;1,0,0,0;0;;
Vid2_0917.png;5;Zebrafish;782;1283;1118;1414;1,0,0,0;0;;
Vid2_0918.png;5;Zebrafish;792;1289;1129;1422;1,0,0,0;0;;
Vid2_0919.png;5;Zebrafish;820;1284;1146;1445;1,0,0,0;0;;
Vid2_0920.png;5;Zebrafish;827;1283;1150;1446;1,0,0,0;0;;
Vid2_0921.png;5;Zebrafish;876;1271;1203;1428;1,0,0,0;0;;
Vid2_0922.png;5;Zebrafish;932;1263;1253;1410;1,0,0,0;0;;
Vid2_0923.png;5;Zebrafish;940;1262;1259;1408;1,0,0,0;0;;
Vid2_0924.png;5;Zebrafish;976;1253;1300;1395;1,0,0,0;0;;
Vid2_0925.png;5;Zebrafish;1030;1231;1340;1385;1,0,0,0;0;;
Vid2_0926.png;5;Zebrafish;1031;1233;1335;1386;1,0,0,0;0;;
Vid2_0927.png;5;Zebrafish;1082;1216;1405;1358;1,0,0,0;0;;
Vid2_0928.png;5;Zebrafish;1118;1212;1431;1348;1,0,0,0;0;;
Vid2_0929.png;5;Zebrafish;1130;1210;1443;1346;1,0,0,0;0;;
Vid2_0935.png;5;Zebrafish;1203;1147;1488;1289;0,0,0,0;0;;
Vid2_0936.png;5;Zebrafish;1171;1138;1434;1269;0,0,0,0;0;;
Vid2_0937.png;5;Zebrafish;1177;1139;1446;1273;0,0,0,0;0;;
Vid2_0938.png;5;Zebrafish;1120;1127;1452;1275;0,0,0,0;0;;
Vid2_0939.png;5;Zebrafish;1094;1125;1438;1263;0,0,0,0;0;;
Vid2_0940.png;5;Zebrafish;1057;1122;1389;1248;0,0,0,0;0;;
Vid2_0941.png;5;Zebrafish;1032;1125;1376;1250;0,0,0,0;0;;
Vid2_0942.png;5;Zebrafish;1011;1128;1354;1255;0,0,0,0;0;;
Vid2_0943.png;5;Zebrafish;994;1133;1334;1261;0,0,0,0;0;;
Vid2_0944.png;5;Zebrafish;979;1140;1313;1273;0,0,0,0;0;;
Vid2_0946.png;5;Zebrafish;888;1138;1214;1258;0,0,0,0;0;;
Vid2_0947.png;5;Zebrafish;878;1137;1212;1256;0,0,0,0;0;;
Vid2_0948.png;5;Zebrafish;810;1136;1151;1254;0,0,0,0;0;;
Vid2_0949.png;5;Zebrafish;738;1133;1049;1251;0,0,0,0;0;;
Vid2_0950.png;5;Zebrafish;655;1129;984;1239;0,0,0,0;0;;
Vid2_0951.png;5;Zebrafish;585;1126;926;1238;0,0,0,0;0;;
Vid2_0952.png;5;Zebrafish;595;1126;942;1238;0,0,0,0;0;;
Vid2_0953.png;5;Zebrafish;473;1120;807;1235;0,0,0,0;0;;
Vid2_0954.png;5;Zebrafish;431;1120;756;1235;0,0,0,0;0;;
Vid2_0955.png;5;Zebrafish;425;1120;747;1235;0,0,0,0;0;;
Vid2_0960.png;5;Zebrafish;409;1070;672;1175;1,0,0,0;0;;
Vid2_0961.png;5;Zebrafish;401;1069;733;1176;1,0,0,0;0;;
Vid2_0962.png;5;Zebrafish;430;1066;771;1169;1,0,0,0;0;;
Vid2_0963.png;5;Zebrafish;425;1067;766;1170;1,0,0,0;0;;
Vid2_0964.png;5;Zebrafish;485;1064;828;1165;1,0,0,0;0;;
Vid2_0966.png;5;Zebrafish;544;1070;878;1176;1,0,0,0;0;;
Vid2_0967.png;5;Zebrafish;569;1075;909;1182;1,0,0,0;0;;
Vid2_0968.png;5;Zebrafish;578;1076;922;1185;1,0,0,0;0;;
Vid2_0969.png;5;Zebrafish;612;1077;956;1198;1,0,0,0;0;;
Vid2_0975.png;5;Zebrafish;836;1061;1162;1208;1,0,0,0;0;;
Vid2_0976.png;5;Zebrafish;845;1060;1169;1205;1,0,0,0;0;;
Vid2_0977.png;5;Zebrafish;869;1053;1208;1204;1,0,0,0;0;;
Vid2_0978.png;5;Zebrafish;895;1049;1232;1199;1,0,0,0;0;;
Vid2_0979.png;5;Zebrafish;960;1046;1294;1193;1,0,0,0;0;;
Vid2_0980.png;5;Zebrafish;969;1046;1320;1201;1,0,0,0;0;;
Vid2_0981.png;5;Zebrafish;1010;1044;1343;1198;1,0,0,0;0;;
Vid2_0982.png;5;Zebrafish;1045;1040;1382;1198;1,0,0,0;0;;
Vid2_0983.png;5;Zebrafish;1043;1041;1375;1200;1,0,0,0;0;;
Vid2_0984.png;5;Zebrafish;1107;1036;1442;1177;1,0,0,0;0;;
Vid2_0985.png;5;Zebrafish;1128;1035;1461;1177;1,0,0,0;0;;
Vid2_0987.png;5;Zebrafish;1201;1029;1536;1180;1,0,0,0;0;;
Vid2_0988.png;5;Zebrafish;1239;1025;1560;1181;1,0,0,0;0;;
Vid2_0989.png;5;Zebrafish;1236;1024;1563;1181;1,0,0,0;0;;
Vid2_0990.png;5;Zebrafish;1263;1019;1596;1170;1,0,0,0;0;;
Vid2_0991.png;5;Zebrafish;1305;1019;1628;1169;1,0,0,0;0;;
Vid2_0992.png;5;Zebrafish;1325;1021;1647;1174;1,0,0,0;0;;
Vid2_0993.png;5;Zebrafish;1332;1022;1661;1183;1,0,0,0;0;;
Vid2_1000.png;5;Zebrafish;1254;974;1597;1082;0,0,0,0;0;;
Vid2_1001.png;5;Zebrafish;1196;975;1531;1082;0,0,0,0;0;;
Vid2_1002.png;5;Zebrafish;1206;975;1541;1082;0,0,0,0;0;;
Vid2_1011.png;5;Zebrafish;730;1015;1072;1113;0,0,0,0;0;;
Vid2_1012.png;5;Zebrafish;689;1025;1027;1125;0,0,0,0;0;;
Vid2_1013.png;5;Zebrafish;682;1028;1018;1126;0,0,0,0;0;;
Vid2_1014.png;5;Zebrafish;655;1035;991;1132;0,0,0,0;0;;
Vid2_1015.png;5;Zebrafish;590;1058;925;1169;0,0,0,0;0;;
Vid2_1016.png;5;Zebrafish;562;1069;894;1181;0,0,0,0;0;;
Vid2_1026.png;5;Zebrafish;721;1072;1061;1200;1,0,0,0;0;;
Vid2_1027.png;5;Zebrafish;751;1069;1087;1202;1,0,0,0;0;;
Vid2_1028.png;5;Zebrafish;782;1065;1120;1200;1,0,0,0;0;;
Vid2_1029.png;5;Zebrafish;806;1064;1145;1191;1,0,0,0;0;;
Vid2_1030.png;5;Zebrafish;801;1064;1141;1193;1,0,0,0;0;;
Vid2_1031.png;5;Zebrafish;839;1066;1176;1192;1,0,0,0;0;;
Vid2_1032.png;5;Zebrafish;857;1071;1198;1200;1,0,0,0;0;;
Vid2_1033.png;5;Zebrafish;855;1071;1195;1199;1,0,0,0;0;;
Vid2_1034.png;5;Zebrafish;888;1081;1222;1222;1,0,0,0;0;;
Vid2_1035.png;5;Zebrafish;885;1081;1221;1221;1,0,0,0;0;;
Vid2_1036.png;5;Zebrafish;906;1091;1240;1234;1,0,0,0;0;;
Vid2_1038.png;5;Zebrafish;976;1077;1295;1240;1,0,0,0;0;;
Vid2_1039.png;5;Zebrafish;1014;1067;1334;1224;1,0,0,0;0;;
Vid2_1040.png;5;Zebrafish;1037;1062;1360;1216;1,0,0,0;0;;
Vid2_1041.png;5;Zebrafish;1041;1060;1363;1213;1,0,0,0;0;;
Vid2_1042.png;5;Zebrafish;1091;1050;1404;1211;1,0,0,0;0;;
Vid2_1043.png;5;Zebrafish;1087;1051;1401;1213;1,0,0,0;0;;
Vid2_1044.png;5;Zebrafish;1155;1027;1441;1207;1,0,0,0;0;;
Vid2_1045.png;5;Zebrafish;1175;1009;1478;1186;1,0,0,0;0;;
Vid2_1046.png;5;Zebrafish;1166;1011;1474;1189;1,0,0,0;0;;
Vid2_1047.png;5;Zebrafish;1223;999;1516;1172;1,0,0,0;0;;
Vid2_1048.png;5;Zebrafish;1227;997;1535;1160;1,0,0,0;0;;
Vid2_1049.png;5;Zebrafish;1252;996;1560;1165;1,0,0,0;0;;
Vid2_1050.png;5;Zebrafish;1268;997;1576;1169;1,0,0,0;0;;
Vid2_1051.png;5;Zebrafish;1266;997;1573;1169;1,0,0,0;0;;
Vid2_1058.png;5;Zebrafish;1240;955;1575;1083;0,0,0,0;0;;
Vid2_1060.png;5;Zebrafish;1167;944;1507;1063;0,0,0,0;0;;
Vid2_1061.png;5;Zebrafish;1134;944;1475;1057;0,0,0,0;0;;
Vid2_1062.png;5;Zebrafish;1103;944;1447;1055;0,0,0,0;0;;
Vid2_1064.png;5;Zebrafish;1058;955;1390;1066;0,0,0,0;0;;
Vid2_1065.png;5;Zebrafish;1036;965;1372;1074;0,0,0,0;0;;
Vid2_1066.png;5;Zebrafish;1016;977;1354;1083;0,0,0,0;0;;
Vid2_1067.png;5;Zebrafish;1001;987;1338;1095;0,0,0,0;0;;
Vid2_1068.png;5;Zebrafish;985;998;1319;1115;0,0,0,0;0;;
Vid2_1069.png;5;Zebrafish;972;1009;1304;1134;0,0,0,0;0;;
Vid2_1070.png;5;Zebrafish;962;1018;1288;1154;0,0,0,0;0;;
Vid2_1071.png;5;Zebrafish;948;1029;1278;1176;0,0,0,0;0;;
Vid2_1072.png;5;Zebrafish;938;1034;1252;1190;0,0,0,0;0;;
Vid2_1073.png;5;Zebrafish;889;1042;1217;1171;0,0,0,0;0;;
Vid2_1074.png;5;Zebrafish;881;1043;1217;1172;0,0,0,0;0;;
Vid2_1075.png;5;Zebrafish;829;1051;1174;1170;0,0,0,0;0;;
Vid2_1076.png;5;Zebrafish;787;1062;1127;1180;0,0,0,0;0;;
Vid2_1077.png;5;Zebrafish;782;1064;1122;1180;0,0,0,0;0;;
Vid2_1078.png;5;Zebrafish;747;1076;1087;1208;0,0,0,0;0;;
Vid2_1079.png;5;Zebrafish;681;1079;1007;1202;0,0,0,0;0;;
Vid2_1081.png;5;Zebrafish;577;1082;924;1201;0,0,0,0;0;;
Vid2_1082.png;5;Zebrafish;532;1084;875;1203;0,0,0,0;0;;
Vid2_1083.png;5;Zebrafish;538;1084;881;1203;0,0,0,0;0;;
Vid2_1084.png;5;Zebrafish;491;1086;830;1204;0,0,0,0;0;;
Vid2_1101.png;5;Zebrafish;704;989;1028;1094;1,0,0,0;0;;
Vid2_1102.png;5;Zebrafish;704;989;1028;1094;1,0,0,0;0;;
Vid2_1103.png;5;Zebrafish;779;998;1114;1098;1,0,0,0;0;;
Vid2_1104.png;5;Zebrafish;813;1005;1155;1116;1,0,0,0;0;;
Vid2_1105.png;5;Zebrafish;838;1010;1181;1122;1,0,0,0;0;;
Vid2_1106.png;5;Zebrafish;878;1017;1220;1143;1,0,0,0;0;;
Vid2_1107.png;5;Zebrafish;883;1018;1225;1147;1,0,0,0;0;;
Vid2_1108.png;5;Zebrafish;938;1022;1264;1158;1,0,0,0;0;;
Vid2_1109.png;5;Zebrafish;968;1025;1306;1162;1,0,0,0;0;;
Vid2_1110.png;5;Zebrafish;995;1027;1333;1170;1,0,0,0;0;;
Vid2_1112.png;5;Zebrafish;1062;1008;1395;1176;1,0,0,0;0;;
Vid2_1113.png;5;Zebrafish;1105;995;1441;1152;1,0,0,0;0;;
Vid2_1114.png;5;Zebrafish;1101;997;1433;1155;1,0,0,0;0;;
Vid2_1115.png;5;Zebrafish;1168;980;1499;1128;1,0,0,0;0;;
Vid2_1116.png;5;Zebrafish;1207;971;1539;1124;1,0,0,0;0;;
Vid2_1117.png;5;Zebrafish;1223;967;1551;1121;1,0,0,0;0;;
Vid2_1118.png;5;Zebrafish;1259;951;1578;1121;1,0,0,0;0;;
Vid2_1119.png;5;Zebrafish;1289;942;1607;1113;1,0,0,0;0;;
Vid2_1120.png;5;Zebrafish;1313;936;1633;1105;1,0,0,0;0;;
Vid2_1121.png;5;Zebrafish;1313;937;1629;1106;1,0,0,0;0;;
Vid2_1122.png;5;Zebrafish;1349;930;1668;1098;1,0,0,0;0;;
Vid2_1123.png;5;Zebrafish;1357;929;1678;1097;1,0,0,0;0;;
Vid2_1125.png;5;Zebrafish;1399;930;1717;1106;1,0,0,0;0;;
Vid2_1126.png;5;Zebrafish;1401;930;1719;1106;1,0,0,0;0;;
Vid2_1131.png;5;Zebrafish;1387;938;1719;1034;0,0,0,0;0;;
Vid2_1132.png;5;Zebrafish;1351;940;1695;1038;0,0,0,0;0;;
Vid2_1133.png;5;Zebrafish;1299;937;1628;1052;0,0,0,0;0;;
Vid2_0007.png;6;Zebrafish;601;1033;909;1137;1,0,0,0;0;;
Vid2_0008.png;6;Zebrafish;608;1048;952;1146;1,0,0,0;0;;
Vid2_0009.png;6;Zebrafish;640;1054;985;1154;1,0,0,0;0;;
Vid2_0021.png;6;Zebrafish;965;1168;1308;1275;1,0,0,0;0;;
Vid2_0022.png;6;Zebrafish;1008;1166;1336;1286;1,0,0,0;0;;
Vid2_0023.png;6;Zebrafish;1046;1180;1386;1286;1,0,0,0;0;;
Vid2_0024.png;6;Zebrafish;1092;1180;1433;1290;1,0,0,0;0;;
Vid2_0025.png;6;Zebrafish;1123;1175;1466;1290;1,0,0,0;0;;
Vid2_0026.png;6;Zebrafish;1147;1171;1492;1293;1,0,0,0;0;;
Vid2_0027.png;6;Zebrafish;1170;1165;1516;1289;1,0,0,0;0;;
Vid2_0028.png;6;Zebrafish;1181;1164;1527;1287;1,0,0,0;0;;
Vid2_0029.png;6;Zebrafish;1211;1160;1557;1283;1,0,0,0;0;;
Vid2_0030.png;6;Zebrafish;1232;1159;1576;1286;1,0,0,0;0;;
Vid2_0031.png;6;Zebrafish;1229;1159;1572;1286;1,0,0,0;0;;
Vid2_0032.png;6;Zebrafish;1250;1158;1591;1289;1,0,0,0;0;;
Vid2_0033.png;6;Zebrafish;1253;1158;1594;1289;1,0,0,0;0;;
Vid2_0034.png;6;Zebrafish;1284;1159;1624;1303;1,0,0,0;0;;
Vid2_0036.png;6;Zebrafish;1314;1162;1654;1313;1,0,0,0;0;;
Vid2_0037.png;6;Zebrafish;1324;1164;1664;1320;1,0,0,0;0;;
Vid2_0038.png;6;Zebrafish;1348;1166;1677;1325;1,0,0,0;0;;
Vid2_0039.png;6;Zebrafish;1352;1169;1686;1331;1,0,0,0;0;;
Vid2_0040.png;6;Zebrafish;1360;1171;1692;1333;1,0,0,0;0;;
Vid2_0051.png;6;Zebrafish;1392;974;1705;1096;0,0,0,0;0;;
Vid2_0052.png;6;Zebrafish;1347;962;1677;1073;0,0,0,0;0;;
Vid2_0053.png;6;Zebrafish;1347;962;1677;1073;0,0,0,0;0;;
Vid2_0054.png;6;Zebrafish;1339;960;1671;1069;0,0,0,0;0;;
Vid2_0055.png;6;Zebrafish;1278;935;1584;1060;0,0,0,0;0;;
Vid2_0056.png;6;Zebrafish;1197;937;1553;1049;0,0,0,0;0;;
Vid2_0057.png;6;Zebrafish;1147;935;1501;1044;0,0,0,0;0;;
Vid2_0058.png;6;Zebrafish;1100;935;1456;1044;0,0,0,0;0;;
Vid2_0059.png;6;Zebrafish;1100;935;1456;1044;0,0,0,0;0;;
Vid2_0060.png;6;Zebrafish;1092;935;1448;1045;0,0,0,0;0;;
Vid2_0062.png;6;Zebrafish;989;939;1336;1054;0,0,0,0;0;;
Vid2_0063.png;6;Zebrafish;956;940;1311;1057;0,0,0,0;0;;
Vid2_0064.png;6;Zebrafish;961;940;1315;1056;0,0,0,0;0;;
Vid2_0065.png;6;Zebrafish;911;945;1262;1062;0,0,0,0;0;;
Vid2_0067.png;6;Zebrafish;853;958;1203;1077;0,0,0,0;0;;
Vid2_0068.png;6;Zebrafish;828;964;1175;1085;0,0,0,0;0;;
Vid2_0069.png;6;Zebrafish;805;974;1153;1093;0,0,0,0;0;;
Vid2_0070.png;6;Zebrafish;786;977;1128;1101;0,0,0,0;0;;
Vid2_0071.png;6;Zebrafish;761;984;1105;1096;0,0,0,0;0;;
Vid2_0073.png;6;Zebrafish;718;1004;1066;1108;0,0,0,0;0;;
Vid2_0074.png;6;Zebrafish;718;1004;1066;1107;0,0,0,0;0;;
Vid2_0075.png;6;Zebrafish;715;1006;1062;1108;0,0,0,0;0;;
Vid2_0076.png;6;Zebrafish;698;1014;1043;1117;0,0,0,0;0;;
Vid2_0077.png;6;Zebrafish;694;1016;1039;1119;0,0,0,0;0;;
Vid2_0078.png;6;Zebrafish;677;1025;1019;1130;0,0,0,0;0;;
Vid2_0079.png;6;Zebrafish;674;1027;1015;1131;0,0,0,0;0;;
Vid2_0080.png;6;Zebrafish;658;1038;1002;1143;0,0,0,0;0;;
Vid2_0086.png;6;Zebrafish;576;1100;905;1215;0,0,0,0;0;;
Vid2_0087.png;6;Zebrafish;576;1100;905;1215;0,0,0,0;0;;
Vid2_0088.png;6;Zebrafish;572;1102;900;1216;0,0,0,0;0;;
Vid2_0089.png;6;Zebrafish;556;1110;888;1211;0,0,0,0;0;;
Vid2_0090.png;6;Zebrafish;553;1111;884;1212;0,0,0,0;0;;
Vid2_0091.png;6;Zebrafish;517;1128;850;1228;0,0,0,0;0;;
Vid2_0092.png;6;Zebrafish;508;1132;841;1233;0,0,0,0;0;;
Vid2_0093.png;6;Zebrafish;484;1146;815;1249;0,0,0,0;0;;
Vid2_0095.png;6;Zebrafish;455;1166;781;1282;0,0,0,0;0;;
Vid2_0096.png;6;Zebrafish;455;1166;781;1282;0,0,0,0;0;;
Vid2_0097.png;6;Zebrafish;453;1168;777;1284;0,0,0,0;0;;
Vid2_0102.png;6;Zebrafish;416;1166;750;1275;1,0,0,0;0;;
Vid2_0103.png;6;Zebrafish;486;1163;794;1280;1,0,0,0;0;;
Vid2_0104.png;6;Zebrafish;489;1153;829;1277;1,0,0,0;0;;
Vid2_0105.png;6;Zebrafish;506;1148;845;1276;1,0,0,0;0;;
Vid2_0106.png;6;Zebrafish;542;1138;886;1270;1,0,0,0;0;;
Vid2_0107.png;6;Zebrafish;569;1133;914;1261;1,0,0,0;0;;
Vid2_0108.png;6;Zebrafish;581;1132;925;1258;1,0,0,0;0;;
Vid2_0109.png;6;Zebrafish;615;1131;954;1253;1,0,0,0;0;;
Vid2_0110.png;6;Zebrafish;646;1128;975;1248;1,0,0,0;0;;
Vid2_0111.png;6;Zebrafish;658;1127;984;1249;1,0,0,0;0;;
Vid2_0112.png;6;Zebrafish;667;1127;1010;1246;1,0,0,0;0;;
Vid2_0113.png;6;Zebrafish;680;1128;1026;1247;1,0,0,0;0;;
Vid2_0115.png;6;Zebrafish;792;1083;1119;1238;1,0,0,0;0;;
Vid2_0116.png;6;Zebrafish;843;1059;1175;1223;1,0,0,0;0;;
Vid2_0117.png;6;Zebrafish;836;1063;1166;1226;1,0,0,0;0;;
Vid2_0118.png;6;Zebrafish;906;1030;1248;1185;1,0,0,0;0;;
Vid2_0119.png;6;Zebrafish;961;1010;1303;1162;1,0,0,0;0;;
Vid2_0120.png;6;Zebrafish;993;1001;1334;1151;1,0,0,0;0;;
Vid2_0121.png;6;Zebrafish;993;1001;1334;1151;1,0,0,0;0;;
Vid2_0122.png;6;Zebrafish;999;999;1340;1151;1,0,0,0;0;;
Vid2_0123.png;6;Zebrafish;1025;993;1370;1142;1,0,0,0;0;;
Vid2_0124.png;6;Zebrafish;1030;991;1375;1141;1,0,0,0;0;;
Vid2_0145.png;6;Zebrafish;1494;1019;1843;1141;1,0,0,0;0;;
Vid2_0146.png;6;Zebrafish;1512;1023;1859;1143;1,0,0,0;0;;
Vid2_0147.png;6;Zebrafish;1534;1028;1878;1149;1,0,0,0;0;;
Vid2_0148.png;6;Zebrafish;1542;1031;1886;1153;1,0,0,0;0;;
Vid2_0160.png;6;Zebrafish;1423;910;1767;1042;0,0,0,0;0;;
Vid2_0161.png;6;Zebrafish;1395;906;1738;1035;0,0,0,0;0;;
Vid2_0162.png;6;Zebrafish;1361;900;1704;1025;0,0,0,0;0;;
Vid2_0163.png;6;Zebrafish;1346;900;1690;1019;0,0,0,0;0;;
Vid2_0164.png;6;Zebrafish;1308;900;1656;1017;0,0,0,0;0;;
Vid2_0165.png;6;Zebrafish;1281;901;1632;1018;0,0,0,0;0;;
Vid2_0166.png;6;Zebrafish;1269;904;1619;1019;0,0,1,0;0;;
Vid2_0218.png;6;Zebrafish;759;980;1108;1080;1,0,0,0;0;;
Vid2_0219.png;6;Zebrafish;800;983;1146;1083;1,0,0,0;0;;
Vid2_0220.png;6;Zebrafish;830;990;1179;1086;1,0,0,0;0;;
Vid2_0239.png;6;Zebrafish;1309;1049;1651;1176;1,0,0,0;0;;
Vid2_0240.png;6;Zebrafish;1313;1049;1655;1175;1,0,0,0;0;;
Vid2_0241.png;6;Zebrafish;1355;1041;1695;1170;1,0,0,0;0;;
Vid2_0242.png;6;Zebrafish;1396;1036;1730;1166;1,0,0,0;0;;
Vid2_0243.png;6;Zebrafish;1411;1033;1749;1163;1,0,0,0;0;;
Vid2_0244.png;6;Zebrafish;1420;1032;1761;1160;1,0,0,0;0;;
Vid2_0245.png;6;Zebrafish;1450;1029;1791;1160;1,0,0,0;0;;
Vid2_0246.png;6;Zebrafish;1474;1028;1811;1158;1,0,0,0;0;;
Vid2_0247.png;6;Zebrafish;1482;1028;1820;1158;1,0,0,0;0;;
Vid2_0248.png;6;Zebrafish;1510;1028;1845;1160;1,0,0,0;0;;
Vid2_0249.png;6;Zebrafish;1533;1028;1861;1157;1,0,0,0;0;;
Vid2_0250.png;6;Zebrafish;1532;1028;1859;1157;1,0,0,0;0;;
Vid2_0258.png;6;Zebrafish;1580;944;1922;1077;0,0,0,0;0;;
Vid2_0259.png;6;Zebrafish;1529;929;1868;1053;0,0,0,0;0;;
Vid2_0260.png;6;Zebrafish;1509;920;1831;1042;0,0,0,0;0;;
Vid2_0261.png;6;Zebrafish;1416;888;1736;1047;0,0,0,0;0;;
Vid2_0262.png;6;Zebrafish;1336;865;1661;1029;0,0,0,0;0;;
Vid2_0263.png;6;Zebrafish;1246;845;1587;994;0,0,0,0;0;;
Vid2_0264.png;6;Zebrafish;1204;836;1549;967;0,0,0,0;0;;
Vid2_0265.png;6;Zebrafish;1103;817;1449;950;0,0,0,0;0;;
Vid2_0266.png;6;Zebrafish;1037;807;1382;933;0,0,0,0;0;;
Vid2_0267.png;6;Zebrafish;1006;803;1351;929;0,0,0,0;0;;
Vid2_0268.png;6;Zebrafish;921;799;1255;917;0,0,0,0;0;;
Vid2_0269.png;6;Zebrafish;911;801;1249;914;0,0,0,0;0;;
Vid2_0270.png;6;Zebrafish;868;805;1208;906;0,0,0,0;0;;
Vid2_0271.png;6;Zebrafish;757;827;1104;923;0,0,0,0;0;;
Vid2_0272.png;6;Zebrafish;733;831;1081;927;0,0,0,0;0;;
Vid2_0273.png;6;Zebrafish;718;832;1066;933;0,0,0,0;0;;
Vid2_0274.png;6;Zebrafish;653;830;997;950;0,0,0,0;0;;
Vid2_0275.png;6;Zebrafish;637;827;975;952;0,0,0,0;0;;
Vid2_0276.png;6;Zebrafish;616;824;959;953;0,0,0,0;0;;
Vid2_0303.png;6;Zebrafish;952;981;1303;1085;1,0,0,0;0;;
Vid2_0304.png;6;Zebrafish;977;991;1328;1094;1,0,0,0;0;;
Vid2_0305.png;6;Zebrafish;1006;1004;1358;1105;1,0,0,0;0;;
Vid2_0306.png;6;Zebrafish;1023;1010;1374;1113;1,0,0,0;0;;
Vid2_0307.png;6;Zebrafish;1055;1023;1406;1125;1,0,0,0;0;;
Vid2_0308.png;6;Zebrafish;1092;1043;1444;1154;1,0,0,0;0;;
Vid2_0310.png;6;Zebrafish;1124;1058;1474;1171;1,0,0,0;0;;
Vid2_0311.png;6;Zebrafish;1164;1076;1515;1196;1,0,0,0;0;;
Vid2_0312.png;6;Zebrafish;1171;1081;1527;1205;1,0,0,0;0;;
Vid2_0313.png;6;Zebrafish;1190;1089;1541;1213;1,0,0,0;0;;
Vid2_0314.png;6;Zebrafish;1233;1104;1583;1234;1,0,0,0;0;;
Vid2_0316.png;6;Zebrafish;1268;1113;1616;1251;1,0,0,0;0;;
Vid2_0318.png;6;Zebrafish;1302;1121;1646;1262;1,0,0,0;0;;
Vid2_0319.png;6;Zebrafish;1314;1124;1661;1268;1,0,0,0;0;;
Vid2_0320.png;6;Zebrafish;1317;1125;1664;1269;1,0,0,0;0;;
Vid2_0321.png;6;Zebrafish;1336;1129;1682;1278;1,0,0,0;0;;
Vid2_0322.png;6;Zebrafish;1356;1132;1695;1278;1,0,0,0;0;;
Vid2_0338.png;6;Zebrafish;1412;893;1743;1042;0,0,0,0;0;;
Vid2_0339.png;6;Zebrafish;1371;884;1718;1023;0,0,0,0;0;;
Vid2_0340.png;6;Zebrafish;1332;878;1679;1013;0,0,0,0;0;;
Vid2_0341.png;6;Zebrafish;1320;876;1667;1010;0,0,0,0;0;;
Vid2_0342.png;6;Zebrafish;1288;872;1636;1007;0,0,0,0;0;;
Vid2_0343.png;6;Zebrafish;1284;871;1632;1006;0,0,0,0;0;;
Vid2_0344.png;6;Zebrafish;1255;868;1602;1009;0,0,0,0;0;;
Vid2_0346.png;6;Zebrafish;1217;866;1559;1021;0,0,0,0;0;;
Vid2_0347.png;6;Zebrafish;1187;861;1513;1018;0,0,0,0;0;;
Vid2_0349.png;6;Zebrafish;1149;855;1490;1017;0,0,0,0;0;;
Vid2_0350.png;6;Zebrafish;1100;848;1444;998;0,0,0,0;0;;
Vid2_0351.png;6;Zebrafish;1052;843;1403;990;0,0,0,0;0;;
Vid2_0352.png;6;Zebrafish;1037;843;1387;989;0,0,0,0;0;;
Vid2_0353.png;6;Zebrafish;1012;836;1362;978;0,0,0,0;0;;
Vid2_0354.png;6;Zebrafish;981;834;1335;966;0,0,0,0;0;;
Vid2_0355.png;6;Zebrafish;970;836;1324;964;0,0,0,0;0;;
Vid2_0356.png;6;Zebrafish;948;842;1302;967;0,0,0,0;0;;
Vid2_0357.png;6;Zebrafish;923;850;1276;980;0,0,0,0;0;;
Vid2_0359.png;6;Zebrafish;905;855;1259;993;0,0,0,0;0;;
Vid2_0366.png;6;Zebrafish;1366;1049;1678;1179;1,0,0,0;0;;
Vid2_0367.png;6;Zebrafish;1360;1042;1668;1173;1,0,0,0;0;;
Vid2_0382.png;6;Zebrafish;1595;1197;1891;1313;1,0,0,0;0;;
Vid2_0385.png;6;Zebrafish;1612;1210;1910;1341;1,0,0,0;0;;
Vid2_0386.png;6;Zebrafish;1609;1226;1917;1353;1,0,0,0;0;;
Vid2_0387.png;6;Zebrafish;1609;1227;1917;1353;1,0,0,0;0;;
Vid2_0388.png;6;Zebrafish;1621;1238;1924;1358;1,0,0,0;0;;
Vid2_0389.png;6;Zebrafish;1632;1245;1929;1367;1,0,0,0;0;;
Vid2_0390.png;6;Zebrafish;1632;1246;1929;1368;1,0,0,0;0;;
Vid2_0391.png;6;Zebrafish;1624;1254;1935;1379;1,0,0,0;0;;
Vid2_0392.png;6;Zebrafish;1630;1264;1940;1396;1,0,0,0;0;;
Vid2_0405.png;6;Zebrafish;1666;1346;1984;1484;1,0,0,0;0;;
Vid2_0406.png;6;Zebrafish;1679;1353;1993;1492;1,0,0,0;0;;
Vid2_0407.png;6;Zebrafish;1678;1352;1992;1491;1,0,0,0;0;;
Vid2_0409.png;6;Zebrafish;1720;1327;2014;1473;1,0,0,0;0;;
Vid2_0410.png;6;Zebrafish;1720;1324;2015;1476;1,0,0,0;0;;
Vid2_0411.png;6;Zebrafish;1720;1323;2014;1476;1,0,0,0;0;;
Vid2_0447.png;6;Zebrafish;1121;1285;1470;1405;0,0,0,0;0;;
Vid2_0448.png;6;Zebrafish;1101;1285;1449;1404;0,0,0,0;0;;
Vid2_0449.png;6;Zebrafish;1078;1286;1424;1404;0,0,0,0;0;;
Vid2_0450.png;6;Zebrafish;1081;1286;1427;1404;0,0,0,0;0;;
Vid2_0451.png;6;Zebrafish;1058;1279;1399;1395;0,0,0,0;0;;
Vid2_0459.png;6;Zebrafish;1109;1289;1438;1404;1,0,0,0;0;;
Vid2_0460.png;6;Zebrafish;1136;1295;1471;1409;1,0,0,0;0;;
Vid2_0462.png;6;Zebrafish;1179;1303;1521;1410;1,0,0,0;0;;
Vid2_0463.png;6;Zebrafish;1209;1307;1544;1412;1,0,0,0;0;;
Vid2_0464.png;6;Zebrafish;1231;1308;1563;1412;1,0,0,0;0;;
Vid2_0517.png;6;Zebrafish;978;1223;1326;1331;0,0,0,0;0;;
Vid2_0518.png;6;Zebrafish;981;1223;1329;1331;0,0,0,0;0;;
Vid2_0519.png;6;Zebrafish;962;1229;1309;1334;0,0,0,0;0;;
Vid2_0520.png;6;Zebrafish;950;1233;1295;1337;0,0,0,0;0;;
Vid2_0521.png;6;Zebrafish;950;1234;1295;1338;0,0,0,0;0;;
Vid2_0529.png;6;Zebrafish;958;1259;1302;1348;1,0,0,0;0;;
Vid2_0530.png;6;Zebrafish;985;1259;1326;1349;1,0,0,0;0;;
Vid2_0531.png;6;Zebrafish;1035;1261;1381;1359;1,0,0,0;0;;
Vid2_0532.png;6;Zebrafish;1041;1261;1388;1359;1,0,0,0;0;;
Vid2_0533.png;6;Zebrafish;1085;1262;1437;1368;1,0,0,0;0;;
Vid2_0534.png;6;Zebrafish;1101;1264;1454;1372;1,0,0,0;0;;
Vid2_0535.png;6;Zebrafish;1140;1269;1495;1381;1,0,0,0;0;;
Vid2_0536.png;6;Zebrafish;1179;1276;1533;1390;1,0,0,0;0;;
Vid2_0537.png;6;Zebrafish;1204;1278;1556;1394;1,0,0,0;0;;
Vid2_0538.png;6;Zebrafish;1211;1279;1564;1394;1,0,0,0;0;;
Vid2_0539.png;6;Zebrafish;1234;1281;1586;1398;1,0,0,0;0;;
Vid2_0540.png;6;Zebrafish;1235;1282;1588;1399;1,0,0,0;0;;
Vid2_0554.png;6;Zebrafish;1543;1223;1874;1369;1,0,0,0;0;;
Vid2_0555.png;6;Zebrafish;1583;1222;1895;1358;1,0,0,0;0;;
Vid2_0556.png;6;Zebrafish;1578;1222;1892;1359;1,0,0,0;0;;
Vid2_0557.png;6;Zebrafish;1586;1221;1917;1355;1,0,0,0;0;;
Vid2_0558.png;6;Zebrafish;1611;1211;1932;1345;1,0,0,1;0;;
Vid2_0559.png;6;Zebrafish;1621;1207;1943;1354;1,0,0,0;0;;
Vid2_0560.png;6;Zebrafish;1628;1203;1955;1347;1,0,0,0;0;;
Vid2_0561.png;6;Zebrafish;1636;1201;1960;1346;1,0,0,0;0;;
Vid2_0562.png;6;Zebrafish;1667;1197;1976;1342;1,0,0,0;0;;
Vid2_0563.png;6;Zebrafish;1664;1193;1978;1335;1,0,0,0;0;;
Vid2_0564.png;6;Zebrafish;1662;1184;1982;1334;1,0,0,0;0;;
Vid2_0565.png;6;Zebrafish;1665;1174;1975;1322;1,0,0,0;0;;
Vid2_0566.png;6;Zebrafish;1663;1179;1982;1335;1,0,0,0;0;;
Vid2_0574.png;6;Zebrafish;1642;1067;1929;1183;0,0,0,0;0;;
Vid2_0575.png;6;Zebrafish;1592;1062;1928;1177;0,0,0,0;0;;
Vid2_0576.png;6;Zebrafish;1559;1059;1896;1175;0,0,0,0;0;;
Vid2_0577.png;6;Zebrafish;1544;1059;1880;1174;0,0,0,0;0;;
Vid2_0578.png;6;Zebrafish;1507;1059;1845;1175;0,0,0,0;0;;
Vid2_0579.png;6;Zebrafish;1502;1059;1840;1175;0,0,0,0;0;;
Vid2_0580.png;6;Zebrafish;1469;1061;1812;1173;0,0,0,0;0;;
Vid2_0582.png;6;Zebrafish;1421;1067;1764;1178;0,0,0,0;0;;
Vid2_0583.png;6;Zebrafish;1403;1073;1747;1184;0,0,0,0;0;;
Vid2_0584.png;6;Zebrafish;1406;1072;1750;1183;0,0,0,0;0;;
Vid2_0585.png;6;Zebrafish;1385;1079;1724;1192;0,0,0,0;0;;
Vid2_0586.png;6;Zebrafish;1368;1085;1706;1199;0,0,0,0;0;;
Vid2_0587.png;6;Zebrafish;1342;1085;1659;1204;0,0,0,0;0;;
Vid2_0588.png;6;Zebrafish;1296;1077;1642;1214;0,0,0,0;0;;
Vid2_0589.png;6;Zebrafish;1302;1077;1647;1214;0,0,0,0;0;;
Vid2_0590.png;6;Zebrafish;1249;1073;1592;1205;0,0,0,0;0;;
Vid2_0591.png;6;Zebrafish;1212;1071;1549;1196;0,0,0,0;0;;
Vid2_0592.png;6;Zebrafish;1194;1071;1528;1197;0,0,0,0;0;;
Vid2_0593.png;6;Zebrafish;1182;1071;1520;1199;0,0,0,0;0;;
Vid2_0594.png;6;Zebrafish;1138;1074;1488;1200;0,0,0,0;0;;
Vid2_0595.png;6;Zebrafish;1129;1075;1480;1201;0,0,0,0;0;;
Vid2_0596.png;6;Zebrafish;1113;1076;1460;1210;0,0,0,1;0;;
Vid2_0597.png;6;Zebrafish;1093;1081;1437;1211;0,0,0,0;0;;
Vid2_0598.png;6;Zebrafish;1071;1086;1418;1217;0,0,0,0;0;;
Vid2_0599.png;6;Zebrafish;1053;1091;1395;1218;0,0,0,0;0;;
Vid2_0612.png;6;Zebrafish;822;1160;1167;1280;0,0,0,0;0;;
Vid2_0613.png;6;Zebrafish;805;1164;1154;1288;0,0,0,0;0;;
Vid2_0614.png;6;Zebrafish;807;1164;1156;1288;0,0,0,0;0;;
Vid2_0615.png;6;Zebrafish;776;1167;1103;1292;0,0,0,0;0;;
Vid2_0616.png;6;Zebrafish;779;1167;1111;1292;0,0,0,0;0;;
Vid2_0617.png;6;Zebrafish;745;1167;1081;1286;0,0,0,0;0;;
Vid2_0618.png;6;Zebrafish;729;1168;1068;1291;0,0,0,0;0;;
Vid2_0619.png;6;Zebrafish;706;1169;1042;1297;0,0,0,0;0;;
Vid2_0620.png;6;Zebrafish;703;1170;1038;1298;0,0,0,0;0;;
Vid2_0626.png;6;Zebrafish;659;1091;986;1261;1,0,0,0;0;;
Vid2_0627.png;6;Zebrafish;653;1094;979;1263;1,0,0,0;0;;
Vid2_0628.png;6;Zebrafish;710;1069;1038;1235;1,0,0,0;0;;
Vid2_0629.png;6;Zebrafish;730;1060;1063;1221;1,0,0,0;0;;
Vid2_0625.png;6;Zebrafish;669;1122;931;1277;1,0,0,0;0;;
Vid2_0635.png;6;Zebrafish;919;1034;1231;1168;1,0,0,0;0;;
Vid2_0636.png;6;Zebrafish;910;1034;1223;1170;1,0,0,0;0;;
Vid2_0643.png;6;Zebrafish;1124;1029;1467;1147;1,0,0,0;0;;
Vid2_0644.png;6;Zebrafish;1174;1024;1510;1157;1,0,0,0;0;;
Vid2_0645.png;6;Zebrafish;1193;1024;1525;1164;1,0,0,0;0;;
Vid2_0646.png;6;Zebrafish;1189;1024;1521;1164;1,0,0,0;0;;
Vid2_0647.png;6;Zebrafish;1233;1014;1552;1162;1,0,0,0;0;;
Vid2_0648.png;6;Zebrafish;1237;1012;1558;1161;1,0,0,0;0;;
Vid2_0649.png;6;Zebrafish;1256;996;1571;1169;1,0,0,0;0;;
Vid2_0650.png;6;Zebrafish;1289;982;1586;1162;1,0,0,0;0;;
Vid2_0651.png;6;Zebrafish;1288;980;1588;1163;1,0,0,0;0;;
Vid2_0652.png;6;Zebrafish;1299;966;1606;1160;1,0,0,0;0;;
Vid2_0653.png;6;Zebrafish;1304;963;1613;1158;1,0,0,0;0;;
Vid2_0654.png;6;Zebrafish;1317;958;1624;1152;1,0,0,0;0;;
Vid2_0656.png;6;Zebrafish;1386;913;1641;1152;1,0,0,0;0;;
Vid2_0657.png;6;Zebrafish;1374;894;1655;1136;1,0,0,0;0;;
Vid2_0658.png;6;Zebrafish;1397;880;1670;1122;1,0,0,0;0;;
Vid2_0660.png;6;Zebrafish;1411;855;1683;1092;1,0,0,0;0;;
Vid2_0661.png;6;Zebrafish;1421;849;1697;1083;1,0,0,0;0;;
Vid2_0663.png;6;Zebrafish;1446;830;1742;1041;1,0,0,0;0;;
Vid2_0664.png;6;Zebrafish;1448;822;1760;1028;1,0,0,0;0;;
Vid2_0665.png;6;Zebrafish;1446;824;1758;1030;1,0,0,0;0;;
Vid2_0666.png;6;Zebrafish;1469;814;1784;1010;1,0,0,0;0;;
Vid2_0667.png;6;Zebrafish;1482;811;1801;998;1,0,0,0;0;;
Vid2_0668.png;6;Zebrafish;1499;810;1811;991;1,0,0,0;0;;
Vid2_0669.png;6;Zebrafish;1507;810;1821;987;1,0,0,0;0;;
Vid2_0670.png;6;Zebrafish;1507;810;1820;988;1,0,0,0;0;;
Vid2_0671.png;6;Zebrafish;1511;810;1836;985;1,0,0,0;0;;
Vid2_0672.png;6;Zebrafish;1521;812;1842;985;1,0,0,0;0;;
Vid2_0673.png;6;Zebrafish;1532;817;1852;991;1,0,0,0;0;;
Vid2_0674.png;6;Zebrafish;1530;822;1857;987;1,0,0,0;0;;
Vid2_0675.png;6;Zebrafish;1540;822;1867;959;1,0,0,0;0;;
Vid2_0676.png;6;Zebrafish;1547;823;1875;948;1,0,0,0;0;;
Vid2_0677.png;6;Zebrafish;1549;823;1878;943;1,0,0,0;0;;
Vid2_0678.png;6;Zebrafish;1552;818;1881;942;1,0,0,0;0;;
Vid2_0679.png;6;Zebrafish;1570;812;1892;944;1,0,0,0;0;;
Vid2_0681.png;6;Zebrafish;1644;817;1912;957;1,0,0,0;0;;
Vid2_0682.png;6;Zebrafish;1625;828;1926;966;1,0,0,0;0;;
Vid2_0683.png;6;Zebrafish;1626;828;1923;963;1,0,0,0;0;;
Vid2_0684.png;6;Zebrafish;1623;861;1954;984;1,0,0,0;0;;
Vid2_0685.png;6;Zebrafish;1621;859;1951;981;1,0,0,0;0;;
Vid2_0686.png;6;Zebrafish;1642;876;1975;996;1,0,0,0;0;;
Vid2_0687.png;6;Zebrafish;1653;884;1992;1008;1,0,0,0;0;;
Vid2_0689.png;6;Zebrafish;1669;894;2008;1019;1,0,0,0;0;;
Vid2_0690.png;6;Zebrafish;1667;898;2008;1020;1,0,0,0;0;;
Vid2_0691.png;6;Zebrafish;1669;905;2012;1024;1,0,0,0;0;;
Vid2_0697.png;6;Zebrafish;1684;860;1998;1010;0,0,0,0;0;;
Vid2_0706.png;6;Zebrafish;1448;820;1741;952;0,0,0,0;0;;
Vid2_0707.png;6;Zebrafish;1421;816;1736;952;0,0,0,0;0;;
Vid2_0708.png;6;Zebrafish;1397;815;1733;951;0,0,0,0;0;;
Vid2_0709.png;6;Zebrafish;1370;815;1705;955;0,0,0,0;0;;
Vid2_0710.png;6;Zebrafish;1344;815;1677;953;0,0,0,0;0;;
Vid2_0711.png;6;Zebrafish;1340;816;1674;952;0,0,0,0;0;;
Vid2_0712.png;6;Zebrafish;1310;817;1643;953;0,0,0,0;0;;
Vid2_0713.png;6;Zebrafish;1292;819;1626;953;0,0,0,0;0;;
Vid2_0714.png;6;Zebrafish;1286;820;1620;954;0,0,0,0;0;;
Vid2_0715.png;6;Zebrafish;1256;824;1589;958;0,0,0,0;0;;
Vid2_0716.png;6;Zebrafish;1235;828;1566;960;0,0,0,0;0;;
Vid2_0717.png;6;Zebrafish;1220;834;1555;958;0,0,0,0;0;;
Vid2_0718.png;6;Zebrafish;1213;836;1547;959;0,0,0,0;0;;
Vid2_0719.png;6;Zebrafish;1195;842;1526;963;0,0,0,0;0;;
Vid2_0720.png;6;Zebrafish;1193;844;1524;964;0,0,0,0;0;;
Vid2_0721.png;6;Zebrafish;1175;852;1495;974;0,0,0,0;0;;
Vid2_0722.png;6;Zebrafish;1158;860;1481;986;0,0,0,0;0;;
Vid2_0723.png;6;Zebrafish;1152;863;1481;991;0,0,0,0;0;;
Vid2_0727.png;6;Zebrafish;1062;891;1400;1000;0,0,0,0;0;;
Vid2_0728.png;6;Zebrafish;1032;895;1380;987;0,0,0,0;0;;
Vid2_0729.png;6;Zebrafish;1037;895;1386;989;0,0,0,0;0;;
Vid2_0730.png;6;Zebrafish;992;901;1341;995;0,0,0,0;0;;
Vid2_0731.png;6;Zebrafish;972;909;1322;1001;0,0,0,0;0;;
Vid2_0732.png;6;Zebrafish;943;916;1294;1017;0,0,0,0;0;;
Vid2_0734.png;6;Zebrafish;906;932;1255;1038;0,0,0,0;0;;
Vid2_0735.png;6;Zebrafish;888;939;1237;1051;0,0,0,0;0;;
Vid2_0737.png;6;Zebrafish;841;960;1172;1062;0,0,0,0;0;;
Vid2_0738.png;6;Zebrafish;807;966;1147;1065;0,0,0,0;0;;
Vid2_0739.png;6;Zebrafish;813;964;1154;1061;0,0,0,0;0;;
Vid2_0751.png;6;Zebrafish;452;1058;786;1158;0,0,1,0;0;;
Vid2_0757.png;6;Zebrafish;440;1058;742;1163;1,0,0,0;0;;
Vid2_0758.png;6;Zebrafish;447;1058;737;1165;1,0,0,0;0;;
Vid2_0759.png;6;Zebrafish;434;1072;784;1175;1,0,0,0;0;;
Vid2_0760.png;6;Zebrafish;464;1087;816;1186;1,0,0,0;0;;
Vid2_0761.png;6;Zebrafish;495;1092;838;1200;1,0,0,0;0;;
Vid2_0762.png;6;Zebrafish;522;1111;861;1205;1,0,0,0;0;;
Vid2_0763.png;6;Zebrafish;543;1115;892;1215;1,0,0,0;0;;
Vid2_0764.png;6;Zebrafish;550;1115;897;1217;1,0,0,0;0;;
Vid2_0765.png;6;Zebrafish;586;1117;938;1216;1,0,0,0;0;;
Vid2_0767.png;6;Zebrafish;636;1129;988;1224;1,0,0,0;0;;
Vid2_0768.png;6;Zebrafish;656;1136;1008;1232;1,0,0,0;0;;
Vid2_0769.png;6;Zebrafish;652;1135;1004;1231;1,0,0,0;0;;
Vid2_0770.png;6;Zebrafish;700;1142;1036;1256;1,0,0,0;0;;
Vid2_0771.png;6;Zebrafish;770;1134;1112;1259;1,0,0,0;0;;
Vid2_0772.png;6;Zebrafish;807;1129;1158;1256;1,0,0,0;0;;
Vid2_0773.png;6;Zebrafish;857;1123;1207;1250;1,0,0,0;0;;
Vid2_0774.png;6;Zebrafish;849;1124;1199;1251;1,0,0,0;0;;
Vid2_0775.png;6;Zebrafish;914;1107;1265;1249;1,0,0,0;0;;
Vid2_0776.png;6;Zebrafish;909;1107;1259;1249;1,0,0,0;0;;
Vid2_0777.png;6;Zebrafish;956;1100;1304;1242;1,0,0,0;0;;
Vid2_0778.png;6;Zebrafish;992;1095;1332;1232;1,0,0,0;0;;
Vid2_0779.png;6;Zebrafish;985;1096;1331;1240;1,0,0,0;0;;
Vid2_0780.png;6;Zebrafish;1053;1080;1382;1224;1,0,0,0;0;;
Vid2_0781.png;6;Zebrafish;1095;1073;1431;1208;1,0,0,0;0;;
Vid2_0791.png;6;Zebrafish;1354;1062;1700;1176;1,0,0,0;0;;
Vid2_0792.png;6;Zebrafish;1413;1077;1733;1184;1,0,0,0;0;;
Vid2_0793.png;6;Zebrafish;1451;1082;1766;1199;1,0,0,0;0;;
Vid2_0794.png;6;Zebrafish;1469;1091;1807;1206;1,0,0,0;0;;
Vid2_0796.png;6;Zebrafish;1530;1093;1873;1210;1,0,0,0;0;;
Vid2_0797.png;6;Zebrafish;1534;1093;1877;1211;1,0,0,0;0;;
Vid2_0798.png;6;Zebrafish;1573;1097;1909;1220;1,0,0,0;0;;
Vid2_0799.png;6;Zebrafish;1633;1103;1968;1220;1,0,0,0;0;;
Vid2_0800.png;6;Zebrafish;1703;1120;2022;1236;1,0,0,0;0;;
Vid2_0801.png;6;Zebrafish;1705;1117;2017;1247;1,0,0,0;0;;
Vid2_0802.png;6;Zebrafish;1720;1126;2019;1253;1,0,0,0;0;;
Vid2_0804.png;6;Zebrafish;1700;1133;2016;1260;1,0,0,0;0;;
Vid2_0805.png;6;Zebrafish;1709;1149;2013;1272;1,0,0,0;0;;
Vid2_0806.png;6;Zebrafish;1716;1164;2011;1284;1,0,0,0;0;;
Vid2_0807.png;6;Zebrafish;1711;1167;2010;1292;1,0,0,0;0;;
Vid2_0808.png;6;Zebrafish;1707;1168;2009;1293;1,0,0,0;0;;
Vid2_0809.png;6;Zebrafish;1694;1173;2007;1302;1,0,0,0;0;;
Vid2_0810.png;6;Zebrafish;1749;1188;2015;1317;1,0,0,0;0;;
Vid2_0811.png;6;Zebrafish;1705;1204;2014;1332;1,0,0,0;0;;
Vid2_0812.png;6;Zebrafish;1708;1203;2015;1332;1,0,0,0;0;;
Vid2_0813.png;6;Zebrafish;1684;1221;2013;1345;1,0,0,0;0;;
Vid2_0814.png;6;Zebrafish;1688;1237;2012;1354;1,0,0,0;0;;
Vid2_0815.png;6;Zebrafish;1694;1236;2015;1369;1,0,0,0;0;;
Vid2_0816.png;6;Zebrafish;1700;1250;2015;1372;1,0,0,0;0;;
Vid2_0817.png;6;Zebrafish;1694;1248;2018;1378;1,0,0,0;0;;
Vid2_0842.png;6;Zebrafish;1643;1363;1955;1471;0,0,0,0;0;;
Vid2_0843.png;6;Zebrafish;1657;1358;1945;1470;0,0,0,0;0;;
Vid2_0844.png;6;Zebrafish;1541;1359;1891;1463;0,0,0,0;0;;
Vid2_0845.png;6;Zebrafish;1462;1341;1817;1462;0,0,0,0;0;;
Vid2_0846.png;6;Zebrafish;1471;1344;1827;1463;0,0,0,0;0;;
Vid2_0853.png;6;Zebrafish;1211;1349;1567;1471;0,0,0,0;0;;
Vid2_0854.png;6;Zebrafish;1186;1350;1540;1477;0,0,0,0;0;;
Vid2_0855.png;6;Zebrafish;1182;1351;1536;1478;0,0,0,0;0;;
Vid2_0856.png;6;Zebrafish;1166;1350;1491;1474;0,0,0,0;0;;
Vid2_0866.png;6;Zebrafish;896;1310;1134;1428;0,0,0,0;0;;
Vid2_0867.png;6;Zebrafish;897;1307;1135;1422;0,0,0,0;0;;
Vid2_0868.png;6;Zebrafish;870;1291;1121;1411;0,0,0,0;0;;
Vid2_0869.png;6;Zebrafish;850;1279;1097;1401;0,0,0,0;0;;
Vid2_0883.png;6;Zebrafish;927;1252;1277;1356;1,0,0,0;0;;
Vid2_0884.png;6;Zebrafish;957;1258;1284;1370;1,0,0,0;0;;
Vid2_0885.png;6;Zebrafish;989;1251;1301;1374;1,0,0,0;0;;
Vid2_0886.png;6;Zebrafish;988;1250;1307;1378;1,0,0,0;0;;
Vid2_0887.png;6;Zebrafish;1012;1241;1345;1377;1,0,0,0;0;;
Vid2_0888.png;6;Zebrafish;1042;1234;1378;1367;1,0,0,0;0;;
Vid2_0889.png;6;Zebrafish;1038;1235;1373;1367;1,0,0,0;0;;
Vid2_0890.png;6;Zebrafish;1072;1224;1406;1358;1,0,0,0;0;;
Vid2_0891.png;6;Zebrafish;1087;1222;1414;1358;1,0,0,0;0;;
Vid2_0892.png;6;Zebrafish;1102;1219;1436;1355;1,0,0,0;0;;
Vid2_0897.png;6;Zebrafish;1213;1201;1559;1339;1,0,0,0;0;;
Vid2_0896.png;6;Zebrafish;1200;1207;1523;1355;1,0,0,0;0;;
Vid2_0898.png;6;Zebrafish;1208;1201;1555;1342;1,0,0,0;0;;
Vid2_0899.png;6;Zebrafish;1260;1193;1605;1324;1,0,0,0;0;;
Vid2_0900.png;6;Zebrafish;1291;1185;1632;1314;1,0,0,0;0;;
Vid2_0901.png;6;Zebrafish;1292;1183;1639;1308;1,0,0,0;0;;
Vid2_0902.png;6;Zebrafish;1317;1180;1660;1302;1,0,0,0;0;;
Vid2_0903.png;6;Zebrafish;1324;1173;1668;1296;1,0,0,0;0;;
Vid2_0904.png;6;Zebrafish;1329;1169;1676;1294;1,0,0,0;0;;
Vid2_0905.png;6;Zebrafish;1341;1166;1682;1290;1,0,0,0;0;;
Vid2_0906.png;6;Zebrafish;1345;1165;1688;1287;1,0,0,0;0;;
Vid2_0907.png;6;Zebrafish;1345;1165;1687;1287;1,0,0,0;0;;
Vid2_0908.png;6;Zebrafish;1353;1163;1698;1290;1,0,0,0;0;;
Vid2_0909.png;6;Zebrafish;1363;1158;1705;1295;1,0,0,0;0;;
Vid2_0910.png;6;Zebrafish;1361;1158;1704;1292;1,0,0,0;0;;
Vid2_0911.png;6;Zebrafish;1371;1157;1714;1297;1,0,0,0;0;;
Vid2_0912.png;6;Zebrafish;1382;1158;1722;1300;1,0,0,0;0;;
Vid2_0913.png;6;Zebrafish;1383;1158;1724;1299;1,0,0,0;0;;
Vid2_0914.png;6;Zebrafish;1389;1160;1730;1305;1,0,0,0;0;;
Vid2_0915.png;6;Zebrafish;1404;1164;1738;1312;1,0,0,0;0;;
Vid2_0916.png;6;Zebrafish;1415;1164;1742;1309;1,0,0,0;0;;
Vid2_0917.png;6;Zebrafish;1429;1164;1759;1313;1,0,0,0;0;;
Vid2_0921.png;6;Zebrafish;1474;1169;1806;1305;1,0,0,0;0;;
Vid2_0922.png;6;Zebrafish;1494;1174;1820;1311;1,0,0,0;0;;
Vid2_0923.png;6;Zebrafish;1497;1175;1822;1311;1,0,0,0;0;;
Vid2_0928.png;6;Zebrafish;1579;1132;1848;1260;0,0,0,0;0;;
Vid2_0930.png;6;Zebrafish;1542;1105;1835;1257;0,0,0,0;0;;
Vid2_0931.png;6;Zebrafish;1538;1103;1840;1257;0,0,0,0;0;;
Vid2_0932.png;6;Zebrafish;1526;1096;1849;1251;0,0,0,0;0;;
Vid2_0933.png;6;Zebrafish;1490;1077;1828;1218;0,0,0,0;0;;
Vid2_0934.png;6;Zebrafish;1475;1072;1813;1215;0,0,0,0;0;;
Vid2_0935.png;6;Zebrafish;1463;1068;1804;1213;0,0,0,0;0;;
Vid2_0936.png;6;Zebrafish;1449;1065;1788;1209;0,0,0,0;0;;
Vid2_0937.png;6;Zebrafish;1452;1066;1791;1210;0,0,0,0;0;;
Vid2_0938.png;6;Zebrafish;1432;1065;1772;1213;0,0,0,0;0;;
Vid2_0940.png;6;Zebrafish;1409;1070;1742;1224;0,0,0,0;0;;
Vid2_0941.png;6;Zebrafish;1394;1075;1730;1223;0,0,0,0;0;;
Vid2_0942.png;6;Zebrafish;1369;1077;1708;1209;0,0,0,0;0;;
Vid2_0943.png;6;Zebrafish;1346;1079;1689;1194;0,0,0,0;0;;
Vid2_0944.png;6;Zebrafish;1320;1082;1666;1187;0,0,0,0;0;;
Vid2_0946.png;6;Zebrafish;1277;1090;1626;1188;0,0,0,0;0;;
Vid2_0947.png;6;Zebrafish;1273;1090;1622;1189;0,0,0,0;0;;
Vid2_0948.png;6;Zebrafish;1245;1097;1595;1198;0,0,0,0;0;;
Vid2_0949.png;6;Zebrafish;1220;1105;1563;1206;0,0,0,0;0;;
Vid2_0950.png;6;Zebrafish;1202;1113;1548;1215;0,0,0,0;0;;
Vid2_0951.png;6;Zebrafish;1184;1122;1534;1225;0,0,0,0;0;;
Vid2_0952.png;6;Zebrafish;1187;1120;1537;1222;0,0,0,0;0;;
Vid2_0953.png;6;Zebrafish;1153;1134;1492;1248;0,0,0,0;0;;
Vid2_0954.png;6;Zebrafish;1134;1138;1471;1254;0,0,0,0;0;;
Vid2_0955.png;6;Zebrafish;1130;1138;1470;1253;0,0,0,0;0;;
Vid2_0956.png;6;Zebrafish;1083;1148;1431;1257;0,0,0,0;0;;
Vid2_0957.png;6;Zebrafish;1087;1147;1436;1256;0,0,0,0;0;;
Vid2_0958.png;6;Zebrafish;1048;1157;1398;1263;0,0,0,0;0;;
Vid2_0959.png;6;Zebrafish;1039;1158;1390;1270;0,0,0,0;0;;
Vid2_0960.png;6;Zebrafish;1017;1163;1360;1275;0,0,0,0;0;;
Vid2_0961.png;6;Zebrafish;994;1170;1340;1283;0,0,0,0;0;;
Vid2_0962.png;6;Zebrafish;979;1176;1327;1294;0,0,0,0;0;;
Vid2_0963.png;6;Zebrafish;981;1175;1329;1292;0,0,0,0;0;;
Vid2_0964.png;6;Zebrafish;953;1187;1298;1313;0,0,0,0;0;;
Vid2_0966.png;6;Zebrafish;930;1192;1239;1325;0,0,0,0;0;;
Vid2_0967.png;6;Zebrafish;904;1192;1224;1320;0,0,0,0;0;;
Vid2_0968.png;6;Zebrafish;891;1193;1208;1318;0,0,0,0;0;;
Vid2_0969.png;6;Zebrafish;858;1195;1176;1315;0,0,0,0;0;;
Vid2_0970.png;6;Zebrafish;827;1189;1145;1321;0,0,0,0;0;;
Vid2_0971.png;6;Zebrafish;793;1187;1111;1312;0,0,0,0;0;;
Vid2_0972.png;6;Zebrafish;756;1193;1099;1301;0,0,0,0;0;;
Vid2_0973.png;6;Zebrafish;724;1201;1064;1298;0,0,0,0;0;;
Vid2_0974.png;6;Zebrafish;708;1205;1050;1302;0,0,0,0;0;;
Vid2_0975.png;6;Zebrafish;671;1213;1017;1311;0,0,0,0;0;;
Vid2_0976.png;6;Zebrafish;666;1214;1013;1312;0,0,0,0;0;;
Vid2_0977.png;6;Zebrafish;640;1221;986;1317;0,0,0,0;0;;
Vid2_0978.png;6;Zebrafish;624;1224;967;1323;0,0,0,0;0;;
Vid2_0979.png;6;Zebrafish;579;1238;922;1343;0,0,0,0;0;;
Vid2_0980.png;6;Zebrafish;558;1246;900;1354;0,0,0,0;0;;
Vid2_0981.png;6;Zebrafish;543;1250;881;1365;0,0,0,0;0;;
Vid2_0982.png;6;Zebrafish;525;1257;861;1380;0,0,0,0;0;;
Vid2_0983.png;6;Zebrafish;527;1256;864;1376;0,0,0,0;0;;
Vid2_0988.png;6;Zebrafish;496;1214;781;1351;1,0,0,0;0;;
Vid2_0989.png;6;Zebrafish;492;1212;787;1350;1,0,0,0;0;;
Vid2_0990.png;6;Zebrafish;488;1201;833;1320;1,0,0,0;0;;
Vid2_1000.png;6;Zebrafish;762;1094;1109;1251;1,0,0,0;0;;
Vid2_1001.png;6;Zebrafish;792;1084;1134;1243;1,0,0,0;0;;
Vid2_1002.png;6;Zebrafish;788;1086;1128;1246;1,0,0,0;0;;
Vid2_1003.png;6;Zebrafish;817;1076;1159;1229;1,0,0,0;0;;
Vid2_1004.png;6;Zebrafish;857;1070;1199;1223;1,0,0,0;0;;
Vid2_1014.png;6;Zebrafish;1022;1057;1360;1203;1,0,0,0;0;;
Vid2_1015.png;6;Zebrafish;1055;1057;1392;1209;1,0,0,0;0;;
Vid2_1016.png;6;Zebrafish;1094;1050;1410;1205;1,0,0,0;0;;
Vid2_1017.png;6;Zebrafish;1094;1045;1435;1199;1,0,0,0;0;;
Vid2_1018.png;6;Zebrafish;1115;1041;1454;1197;1,0,0,0;0;;
Vid2_1019.png;6;Zebrafish;1135;1030;1468;1190;1,0,0,0;0;;
Vid2_1020.png;6;Zebrafish;1151;1027;1477;1186;1,0,0,0;0;;
Vid2_1021.png;6;Zebrafish;1159;1013;1493;1179;1,0,0,0;0;;
Vid2_1022.png;6;Zebrafish;1181;998;1504;1186;1,0,0,0;0;;
Vid2_1024.png;6;Zebrafish;1217;973;1539;1170;1,0,0,0;0;;
Vid2_1026.png;6;Zebrafish;1252;954;1568;1154;1,0,0,0;0;;
Vid2_1027.png;6;Zebrafish;1262;947;1582;1147;1,0,0,0;0;;
Vid2_1028.png;6;Zebrafish;1287;933;1596;1142;1,0,0,0;0;;
Vid2_1029.png;6;Zebrafish;1318;904;1622;1129;1,0,0,0;0;;
Vid2_1030.png;6;Zebrafish;1319;909;1615;1130;1,0,0,0;0;;
Vid2_1031.png;6;Zebrafish;1361;868;1665;1094;1,0,0,0;0;;
Vid2_1032.png;6;Zebrafish;1392;846;1701;1064;1,0,0,0;0;;
Vid2_1033.png;6;Zebrafish;1389;848;1696;1067;1,0,0,0;0;;
Vid2_1035.png;6;Zebrafish;1424;826;1739;1031;1,0,0,0;0;;
Vid2_1036.png;6;Zebrafish;1455;814;1773;1005;1,0,0,0;0;;
Vid2_1038.png;6;Zebrafish;1486;803;1810;981;1,0,0,0;0;;
Vid2_1057.png;6;Zebrafish;1191;801;1533;916;0,0,0,0;0;;
Vid2_1058.png;6;Zebrafish;1154;806;1489;926;0,0,0,0;0;;
Vid2_1060.png;6;Zebrafish;1111;814;1464;939;0,0,0,0;0;;
Vid2_1061.png;6;Zebrafish;1091;817;1438;942;0,0,0,0;0;;
Vid2_1062.png;6;Zebrafish;1071;822;1419;946;0,0,0,0;0;;
Vid2_1063.png;6;Zebrafish;1060;824;1412;949;0,0,0,0;0;;
Vid2_1064.png;6;Zebrafish;1037;830;1381;958;0,0,0,0;0;;
Vid2_1065.png;6;Zebrafish;1021;835;1370;965;0,0,0,0;0;;
Vid2_1066.png;6;Zebrafish;1005;840;1354;975;0,0,0,0;0;;
Vid2_1067.png;6;Zebrafish;992;845;1337;979;0,0,0,0;0;;
Vid2_1068.png;6;Zebrafish;978;851;1326;987;0,0,0,0;0;;
Vid2_1069.png;6;Zebrafish;960;855;1297;986;0,0,0,0;0;;
Vid2_1070.png;6;Zebrafish;942;860;1276;967;0,0,0,0;0;;
Vid2_1071.png;6;Zebrafish;921;867;1267;964;0,0,0,0;0;;
Vid2_1072.png;6;Zebrafish;910;871;1255;969;0,0,0,0;0;;
Vid2_1073.png;6;Zebrafish;882;884;1228;985;0,0,0,0;0;;
Vid2_1074.png;6;Zebrafish;878;887;1224;985;0,0,0,0;0;;
Vid2_1075.png;6;Zebrafish;852;897;1201;1000;0,0,0,0;0;;
Vid2_1076.png;6;Zebrafish;838;909;1186;1008;0,0,0,0;0;;
Vid2_1077.png;6;Zebrafish;836;911;1184;1010;0,0,0,0;0;;
Vid2_1078.png;6;Zebrafish;820;925;1167;1021;0,0,0,0;0;;
Vid2_1079.png;6;Zebrafish;806;936;1155;1037;0,0,0,0;0;;
Vid2_1081.png;6;Zebrafish;792;949;1140;1045;0,0,0,0;0;;
Vid2_1082.png;6;Zebrafish;787;948;1130;1050;0,0,0,0;0;;
Vid2_1083.png;6;Zebrafish;789;948;1132;1050;0,0,0,0;0;;
Vid2_1084.png;6;Zebrafish;781;959;1128;1057;0,0,0,0;0;;
Vid2_1085.png;6;Zebrafish;774;970;1126;1071;0,0,0,0;0;;
Vid2_1086.png;6;Zebrafish;765;983;1117;1092;0,0,0,0;0;;
Vid2_1087.png;6;Zebrafish;756;996;1102;1116;0,0,0,0;0;;
Vid2_1088.png;6;Zebrafish;749;1009;1099;1131;0,0,0,0;0;;
Vid2_1089.png;6;Zebrafish;750;1006;1097;1129;0,0,0,0;0;;
Vid2_1090.png;6;Zebrafish;740;1025;1091;1154;0,0,0,0;0;;
Vid2_1092.png;6;Zebrafish;728;1048;1072;1187;0,0,0,0;0;;
Vid2_1093.png;6;Zebrafish;722;1058;1070;1203;0,0,0,0;0;;
Vid2_1094.png;6;Zebrafish;693;1055;1008;1175;0,0,0,0;0;;
Vid2_1102.png;6;Zebrafish;466;1109;806;1227;0,0,0,0;0;;
Vid2_1106.png;6;Zebrafish;460;990;751;1175;1,0,0,0;0;;
Vid2_1107.png;6;Zebrafish;476;984;762;1164;1,0,0,0;0;;
Vid2_1108.png;6;Zebrafish;511;948;840;1116;1,0,0,0;0;;
Vid2_1109.png;6;Zebrafish;577;920;909;1079;1,0,0,0;0;;
Vid2_1110.png;6;Zebrafish;623;900;954;1063;1,0,0,0;0;;
Vid2_1115.png;6;Zebrafish;807;830;1143;987;1,0,0,0;0;;
Vid2_1116.png;6;Zebrafish;855;818;1192;969;1,0,0,0;0;;
Vid2_1117.png;6;Zebrafish;873;814;1209;964;1,0,0,0;0;;
Vid2_1118.png;6;Zebrafish;915;806;1252;956;1,0,0,0;0;;
Vid2_1119.png;6;Zebrafish;946;803;1283;952;1,0,0,0;0;;
Vid2_1120.png;6;Zebrafish;975;800;1310;949;1,0,0,0;0;;
Vid2_1121.png;6;Zebrafish;972;800;1307;949;1,0,0,0;0;;
Vid2_1122.png;6;Zebrafish;1008;797;1347;945;1,0,0,0;0;;
Vid2_1123.png;6;Zebrafish;1022;797;1359;944;1,0,0,0;0;;
Vid2_1124.png;6;Zebrafish;1077;794;1416;932;1,0,0,0;0;;
Vid2_1125.png;6;Zebrafish;1105;792;1441;924;1,0,0,0;0;;
Vid2_1126.png;6;Zebrafish;1113;792;1447;924;1,0,0,0;0;;
Vid2_1127.png;6;Zebrafish;1142;790;1485;923;1,0,0,0;0;;
Vid2_1128.png;6;Zebrafish;1175;790;1518;920;1,0,0,0;0;;
Vid2_1129.png;6;Zebrafish;1179;790;1523;919;1,0,0,0;0;;
Vid2_1130.png;6;Zebrafish;1199;791;1542;920;1,0,0,0;0;;
Vid2_1131.png;6;Zebrafish;1235;795;1576;928;1,0,0,0;0;;
Vid2_1132.png;6;Zebrafish;1247;796;1591;932;1,0,0,0;0;;
Vid2_1133.png;6;Zebrafish;1269;801;1614;937;1,0,0,0;0;;
Vid2_1134.png;6;Zebrafish;1287;805;1629;937;1,0,0,0;0;;
Vid2_1135.png;6;Zebrafish;1297;809;1641;938;1,0,0,0;0;;
Vid2_1136.png;6;Zebrafish;1313;814;1654;938;1,0,0,0;0;;
Vid2_1137.png;6;Zebrafish;1317;819;1666;940;1,0,0,0;0;;
Vid2_1138.png;6;Zebrafish;1332;825;1678;944;1,0,0,0;0;;
Vid2_0006.png;6;Zebrafish;656;995;830;1123;1,1,0,0;0;;
Vid2_0005.png;6;Zebrafish;659;994;822;1125;1,1,0,0;0;;
Vid2_0004.png;6;Zebrafish;673;990;838;1111;1,1,0,0;0;;
Vid2_0003.png;6;Zebrafish;674;988;842;1112;1,1,0,0;0;;
Vid2_0002.png;4;Zebrafish;1090;925;1398;1047;1,0,0,0;0;;
Vid2_0002.png;6;Zebrafish;670;977;877;1101;0,1,0,0;0;;
Vid2_0001.png;5;Zebrafish;1180;1029;1515;1127;0,0,0,0;0;;
Vid2_0001.png;4;Zebrafish;1079;926;1391;1055;1,0,0,0;0;;
Vid2_0001.png;6;Zebrafish;670;975;888;1099;0,1,0,0;0;;
Vid2_0010.png;5;Zebrafish;993;1082;1314;1217;0,0,1,0;0;;
Vid2_0010.png;6;Zebrafish;682;1058;1014;1161;1,0,1,0;0;;
Vid2_0011.png;5;Zebrafish;994;1083;1331;1215;0,0,1,0;0;;
Vid2_0011.png;6;Zebrafish;675;1058;1012;1162;1,0,1,0;0;;
Vid2_0012.png;5;Zebrafish;957;1078;1253;1204;0,0,1,0;0;;
Vid2_0012.png;6;Zebrafish;725;1062;1055;1174;1,0,1,0;0;;
Vid2_0013.png;4;Zebrafish;1326;932;1655;1051;1,0,0,1;0;;
Vid2_0013.png;5;Zebrafish;933;1075;1228;1191;0,0,1,0;0;;
Vid2_0013.png;6;Zebrafish;754;1068;1093;1188;1,0,1,0;0;;
Vid2_0014.png;5;Zebrafish;900;1068;1182;1190;0,0,1,0;0;;
Vid2_0014.png;6;Zebrafish;792;1094;1120;1194;1,0,1,0;0;;
Vid2_0015.png;5;Zebrafish;879;1064;1173;1195;0,0,1,0;0;;
Vid2_0015.png;6;Zebrafish;809;1118;1142;1204;1,0,1,0;0;;
Vid2_0016.png;5;Zebrafish;863;1062;1155;1181;0,0,1,0;0;;
Vid2_0016.png;6;Zebrafish;823;1130;1160;1211;1,0,1,0;0;;
Vid2_0017.png;5;Zebrafish;840;1055;1106;1190;0,0,1,0;0;;
Vid2_0017.png;6;Zebrafish;865;1123;1186;1230;1,0,1,0;0;;
Vid2_0018.png;4;Zebrafish;1497;934;1752;1095;1,0,0,1;0;;
Vid2_0018.png;5;Zebrafish;820;1048;1098;1202;0,0,1,1;0;;
Vid2_0018.png;6;Zebrafish;889;1124;1222;1236;1,0,1,1;0;;
Vid2_0019.png;5;Zebrafish;801;1041;1097;1176;0,0,1,0;0;;
Vid2_0019.png;6;Zebrafish;909;1143;1251;1245;1,0,1,0;0;;
Vid2_0020.png;4;Zebrafish;1572;991;1783;1144;1,1,0,0;0;;
Vid2_0020.png;5;Zebrafish;773;1033;1053;1171;0,0,0,0;0;;
Vid2_0020.png;6;Zebrafish;936;1154;1282;1260;1,0,0,0;0;;
Vid2_0021.png;4;Zebrafish;1610;1007;1789;1147;0,1,0,0;0;;
Vid2_0022.png;4;Zebrafish;1577;1036;1792;1147;0,1,0,0;0;;
Vid2_0023.png;4;Zebrafish;1548;1046;1819;1150;0,0,0,0;0;;
Vid2_0035.png;5;Zebrafish;540;1040;754;1180;0,1,0,0;0;;
Vid2_0035.png;6;Zebrafish;1300;1160;1640;1310;1,0,0,0;0;;
Vid2_0036.png;4;Zebrafish;1094;1068;1436;1175;0,0,0,1;0;;
Vid2_0036.png;5;Zebrafish;537;1042;687;1161;1,1,0,1;0;;
Vid2_0037.png;5;Zebrafish;482;1021;749;1132;1,1,0,0;0;;
Vid2_0041.png;6;Zebrafish;1431;1151;1668;1312;1,1,0,0;0;;
Vid2_0042.png;6;Zebrafish;1481;1127;1641;1307;1,1,0,0;0;;
Vid2_0043.png;4;Zebrafish;800;1113;1168;1223;0,0,0,1;0;;
Vid2_0043.png;6;Zebrafish;1544;1091;1659;1307;1,1,0,1;0;;
Vid2_0044.png;5;Zebrafish;634;1005;969;1144;1,0,0,0;0;;
Vid2_0044.png;6;Zebrafish;1524;1061;1662;1294;1,1,0,0;0;;
Vid2_0045.png;6;Zebrafish;1511;1042;1659;1279;1,1,0,0;0;;
Vid2_0046.png;6;Zebrafish;1514;1044;1659;1280;1,1,0,0;0;;
Vid2_0047.png;6;Zebrafish;1528;1026;1666;1255;1,1,0,0;0;;
Vid2_0048.png;6;Zebrafish;1512;1020;1676;1239;1,1,0,0;0;;
Vid2_0049.png;6;Zebrafish;1499;1019;1671;1213;1,1,0,0;0;;
Vid2_0050.png;6;Zebrafish;1433;987;1709;1114;0,1,0,0;0;;
Vid2_0061.png;5;Zebrafish;917;1057;1237;1202;1,0,0,1;0;;
Vid2_0061.png;6;Zebrafish;1019;935;1372;1052;0,0,0,1;0;;
Vid2_0065.png;4;Zebrafish;471;1235;674;1361;0,1,0,0;0;;
Vid2_0066.png;5;Zebrafish;998;1097;1319;1218;1,0,0,1;0;;
Vid2_0066.png;6;Zebrafish;873;948;1224;1071;0,0,0,1;0;;
Vid2_0066.png;4;Zebrafish;451;1220;669;1352;1,1,0,0;0;;
Vid2_0067.png;4;Zebrafish;427;1213;714;1326;1,1,0,0;0;;
Vid2_0072.png;5;Zebrafish;1086;1151;1400;1301;1,0,0,1;0;;
Vid2_0072.png;6;Zebrafish;747;993;1096;1095;0,0,0,1;0;;
Vid2_0081.png;4;Zebrafish;856;1112;1180;1277;1,0,0,0;0;;
Vid2_0081.png;6;Zebrafish;623;1062;969;1176;0,0,0,0;0;;
Vid2_0082.png;5;Zebrafish;1307;1186;1536;1315;1,1,0,0;0;;
Vid2_0082.png;4;Zebrafish;896;1103;1207;1257;1,0,1,1;0;;
Vid2_0082.png;6;Zebrafish;614;1077;960;1193;0,0,1,1;0;;
Vid2_0083.png;5;Zebrafish;1286;1186;1544;1313;1,1,0,0;0;;
Vid2_0083.png;4;Zebrafish;888;1099;1222;1261;1,0,0,0;0;;
Vid2_0083.png;6;Zebrafish;609;1075;955;1188;0,0,0,0;0;;
Vid2_0084.png;5;Zebrafish;1309;1186;1536;1314;1,1,0,0;0;;
Vid2_0084.png;4;Zebrafish;897;1096;1230;1257;1,0,1,0;0;;
Vid2_0084.png;6;Zebrafish;607;1077;952;1193;0,0,1,0;0;;
Vid2_0085.png;5;Zebrafish;1330;1185;1539;1315;1,1,0,0;0;;
Vid2_0085.png;4;Zebrafish;905;1095;1236;1253;1,0,1,0;0;;
Vid2_0085.png;6;Zebrafish;604;1080;951;1196;0,0,1,0;0;;
Vid2_0086.png;5;Zebrafish;1403;1157;1539;1308;0,1,0,0;0;;
Vid2_0087.png;5;Zebrafish;1403;1157;1539;1308;0,1,0,0;0;;
Vid2_0088.png;5;Zebrafish;1397;1155;1539;1313;0,1,0,0;0;;
Vid2_0089.png;5;Zebrafish;1363;1133;1534;1315;0,1,0,0;0;;
Vid2_0090.png;5;Zebrafish;1358;1129;1536;1308;0,1,0,0;0;;
Vid2_0091.png;4;Zebrafish;1069;1035;1385;1173;1,0,1,0;0;;
Vid2_0091.png;5;Zebrafish;1305;1102;1600;1282;0,0,1,0;0;;
Vid2_0092.png;4;Zebrafish;1098;1025;1405;1172;1,0,1,0;0;;
Vid2_0092.png;5;Zebrafish;1286;1098;1596;1273;0,0,1,0;0;;
Vid2_0093.png;4;Zebrafish;1137;1004;1466;1160;1,0,1,0;0;;
Vid2_0093.png;5;Zebrafish;1222;1086;1533;1231;0,0,1,0;0;;
Vid2_0094.png;6;Zebrafish;468;1150;798;1272;0,0,0,1;0;;
Vid2_0094.png;4;Zebrafish;1177;987;1510;1156;1,0,1,1;0;;
Vid2_0094.png;5;Zebrafish;1178;1079;1535;1204;0,0,1,1;0;;
Vid2_0095.png;4;Zebrafish;1210;975;1546;1090;1,0,1,0;0;;
Vid2_0095.png;5;Zebrafish;1132;1074;1476;1188;0,0,1,0;0;;
Vid2_0096.png;4;Zebrafish;1210;975;1546;1090;1,0,1,0;0;;
Vid2_0096.png;5;Zebrafish;1132;1074;1476;1188;0,0,1,0;0;;
Vid2_0097.png;4;Zebrafish;1216;974;1553;1090;1,0,1,0;0;;
Vid2_0097.png;5;Zebrafish;1126;1074;1471;1188;0,0,1,0;0;;
Vid2_0098.png;6;Zebrafish;473;1189;665;1303;0,1,0,0;0;;
Vid2_0098.png;5;Zebrafish;1052;1071;1396;1194;0,0,0,0;0;;
Vid2_0099.png;4;Zebrafish;1314;942;1637;1092;1,0,0,1;0;;
Vid2_0099.png;6;Zebrafish;458;1186;657;1293;1,1,0,0;0;;
Vid2_0099.png;5;Zebrafish;1019;1071;1379;1197;0,0,0,0;0;;
Vid2_0100.png;6;Zebrafish;441;1182;690;1284;1,1,0,0;0;;
Vid2_0101.png;6;Zebrafish;410;1175;730;1271;1,0,0,0;0;;
Vid2_0105.png;4;Zebrafish;1490;836;1821;992;1,0,0,1;0;;
Vid2_0106.png;5;Zebrafish;862;1048;1170;1204;0,0,0,0;0;;
Vid2_0107.png;5;Zebrafish;837;1038;1154;1195;0,0,0,0;0;;
Vid2_0108.png;5;Zebrafish;825;1035;1138;1196;0,0,0,0;0;;
Vid2_0109.png;5;Zebrafish;777;1015;1064;1174;0,0,0,0;0;;
Vid2_0110.png;5;Zebrafish;720;999;1051;1158;0,0,0,0;0;;
Vid2_0111.png;5;Zebrafish;691;993;1019;1142;0,0,0,0;0;;
Vid2_0114.png;5;Zebrafish;538;974;877;1092;0,0,0,1;0;;
Vid2_0114.png;6;Zebrafish;750;1119;1038;1255;1,0,0,1;0;;
Vid2_0115.png;4;Zebrafish;1740;794;2020;930;1,1,0,0;0;;
Vid2_0116.png;4;Zebrafish;1774;791;2019;944;1,1,0,1;0;;
Vid2_0117.png;4;Zebrafish;1760;791;2018;954;1,1,0,0;0;;
Vid2_0118.png;5;Zebrafish;461;964;710;1108;0,1,0,0;0;;
Vid2_0118.png;4;Zebrafish;1741;796;2007;1000;1,1,0,0;0;;
Vid2_0119.png;5;Zebrafish;440;961;628;1081;1,1,0,0;0;;
Vid2_0119.png;4;Zebrafish;1774;829;2006;1013;1,1,0,1;0;;
Vid2_0120.png;5;Zebrafish;516;939;844;1080;1,1,0,0;0;;
Vid2_0120.png;4;Zebrafish;1788;871;2004;1014;1,0,0,0;0;;
Vid2_0121.png;5;Zebrafish;516;939;844;1080;1,1,0,0;0;;
Vid2_0121.png;4;Zebrafish;1788;871;2004;1014;1,0,0,0;0;;
Vid2_0122.png;5;Zebrafish;539;948;868;1084;1,1,0,0;0;;
Vid2_0122.png;4;Zebrafish;1790;871;2006;1014;1,0,0,0;0;;
Vid2_0123.png;5;Zebrafish;635;962;973;1092;1,0,0,0;0;;
Vid2_0123.png;4;Zebrafish;1791;867;2004;1015;1,1,0,0;0;;
Vid2_0124.png;5;Zebrafish;657;968;990;1095;1,0,0,0;0;;
Vid2_0124.png;4;Zebrafish;1791;867;2004;1015;1,1,0,0;0;;
Vid2_0125.png;6;Zebrafish;1086;981;1431;1128;1,0,0,0;0;;
Vid2_0125.png;5;Zebrafish;816;978;1138;1126;1,0,0,0;0;;
Vid2_0126.png;4;Zebrafish;1755;902;2010;1022;1,0,0,1;0;;
Vid2_0126.png;6;Zebrafish;1102;981;1446;1125;1,0,0,0;0;;
Vid2_0126.png;5;Zebrafish;835;968;1160;1111;1,0,0,0;0;;
Vid2_0127.png;4;Zebrafish;1791;899;2007;1056;1,1,0,0;0;;
Vid2_0127.png;6;Zebrafish;1138;980;1481;1121;1,0,0,0;0;;
Vid2_0127.png;5;Zebrafish;923;952;1202;1095;1,0,0,0;0;;
Vid2_0128.png;4;Zebrafish;1749;908;2022;1080;1,1,0,0;0;;
Vid2_0128.png;6;Zebrafish;1162;981;1504;1120;1,0,0,0;0;;
Vid2_0128.png;5;Zebrafish;977;941;1235;1080;1,0,0,0;0;;
Vid2_0129.png;4;Zebrafish;1751;906;2020;1077;1,1,0,0;0;;
Vid2_0129.png;6;Zebrafish;1158;981;1500;1120;1,0,0,0;0;;
Vid2_0129.png;5;Zebrafish;966;943;1227;1078;1,0,0,0;0;;
Vid2_0130.png;4;Zebrafish;1764;906;2009;1106;1,1,0,0;0;;
Vid2_0130.png;6;Zebrafish;1197;984;1538;1121;1,0,0,0;0;;
Vid2_0130.png;5;Zebrafish;1022;937;1288;1069;1,0,0,0;0;;
Vid2_0131.png;4;Zebrafish;1774;899;2009;1106;1,1,0,0;0;;
Vid2_0131.png;6;Zebrafish;1205;985;1545;1121;1,0,0,0;0;;
Vid2_0131.png;5;Zebrafish;1012;935;1301;1065;1,0,0,0;0;;
Vid2_0132.png;4;Zebrafish;1780;920;2006;1107;1,1,0,0;0;;
Vid2_0132.png;6;Zebrafish;1208;985;1549;1121;1,0,0,0;0;;
Vid2_0132.png;5;Zebrafish;1013;933;1306;1063;1,0,0,0;0;;
Vid2_0133.png;4;Zebrafish;1840;979;1988;1117;0,1,0,0;0;;
Vid2_0133.png;6;Zebrafish;1237;992;1584;1130;1,0,0,0;0;;
Vid2_0133.png;5;Zebrafish;1046;928;1368;1047;1,0,0,0;0;;
Vid2_0134.png;4;Zebrafish;1840;979;1988;1117;0,1,0,0;0;;
Vid2_0134.png;6;Zebrafish;1237;992;1584;1130;1,0,0,0;0;;
Vid2_0134.png;5;Zebrafish;1046;928;1368;1047;1,0,0,0;0;;
Vid2_0135.png;4;Zebrafish;1751;1000;1968;1107;0,1,0,0;0;;
Vid2_0135.png;6;Zebrafish;1271;1002;1617;1146;1,0,1,0;0;;
Vid2_0135.png;5;Zebrafish;1087;934;1430;1046;1,0,1,0;0;;
Vid2_0136.png;4;Zebrafish;1738;1010;1984;1106;0,1,0,0;0;;
Vid2_0136.png;6;Zebrafish;1278;1003;1624;1153;1,0,0,0;0;;
Vid2_0136.png;5;Zebrafish;1098;935;1438;1045;1,0,0,0;0;;
Vid2_0137.png;6;Zebrafish;1307;1011;1644;1160;1,0,0,0;0;;
Vid2_0137.png;5;Zebrafish;1116;941;1456;1056;1,0,0,0;0;;
Vid2_0138.png;4;Zebrafish;1663;963;1935;1126;0,0,0,0;0;;
Vid2_0138.png;6;Zebrafish;1333;1011;1675;1143;1,0,0,0;0;;
Vid2_0138.png;5;Zebrafish;1130;942;1470;1059;1,0,0,1;0;;
Vid2_0139.png;4;Zebrafish;1669;967;1930;1121;0,0,0,0;0;;
Vid2_0139.png;6;Zebrafish;1330;1012;1668;1145;1,0,0,0;0;;
Vid2_0139.png;5;Zebrafish;1130;942;1470;1059;1,0,0,0;0;;
Vid2_0140.png;4;Zebrafish;1602;919;1917;1112;0,0,0,0;0;;
Vid2_0140.png;6;Zebrafish;1370;1007;1720;1129;1,0,0,0;0;;
Vid2_0140.png;5;Zebrafish;1149;949;1488;1063;1,0,0,0;0;;
Vid2_0141.png;4;Zebrafish;1568;903;1876;1091;0,0,0,0;0;;
Vid2_0141.png;6;Zebrafish;1393;1007;1744;1130;1,0,0,0;0;;
Vid2_0141.png;5;Zebrafish;1161;954;1498;1074;1,0,0,0;0;;
Vid2_0142.png;4;Zebrafish;1518;880;1839;1053;0,0,0,0;0;;
Vid2_0142.png;6;Zebrafish;1431;1010;1781;1134;1,0,0,0;0;;
Vid2_0142.png;5;Zebrafish;1169;957;1504;1083;1,0,0,0;0;;
Vid2_0143.png;4;Zebrafish;1498;871;1827;1043;0,0,0,0;0;;
Vid2_0143.png;6;Zebrafish;1445;1011;1794;1135;1,0,0,0;0;;
Vid2_0143.png;5;Zebrafish;1172;959;1507;1092;1,0,0,0;0;;
Vid2_0144.png;4;Zebrafish;1422;852;1759;996;0,0,0,0;0;;
Vid2_0144.png;6;Zebrafish;1473;1013;1822;1139;1,0,0,0;0;;
Vid2_0144.png;5;Zebrafish;1181;969;1517;1101;1,0,0,0;0;;
Vid2_0145.png;4;Zebrafish;1394;845;1741;967;0,0,0,1;0;;
Vid2_0145.png;5;Zebrafish;1184;979;1522;1111;1,0,0,0;0;;
Vid2_0146.png;5;Zebrafish;1196;986;1531;1121;1,0,0,0;0;;
Vid2_0147.png;5;Zebrafish;1201;995;1542;1127;1,0,0,0;0;;
Vid2_0148.png;5;Zebrafish;1202;1000;1546;1128;1,0,0,0;0;;
Vid2_0149.png;6;Zebrafish;1583;1045;1893;1146;1,1,0,0;0;;
Vid2_0150.png;4;Zebrafish;1179;804;1521;934;0,0,0,1;0;;
Vid2_0150.png;6;Zebrafish;1691;1044;1865;1157;1,1,0,0;0;;
Vid2_0151.png;6;Zebrafish;1685;1044;1870;1157;1,1,0,0;0;;
Vid2_0152.png;6;Zebrafish;1676;1020;1879;1134;0,1,0,0;0;;
Vid2_0153.png;6;Zebrafish;1652;1000;1905;1135;0,1,0,0;0;;
Vid2_0154.png;6;Zebrafish;1655;1003;1896;1135;0,1,0,0;0;;
Vid2_0155.png;6;Zebrafish;1618;977;1889;1127;0,0,0,0;0;;
Vid2_0156.png;5;Zebrafish;1319;1043;1627;1185;1,0,0,1;0;;
Vid2_0156.png;6;Zebrafish;1602;968;1857;1119;0,0,0,0;0;;
Vid2_0157.png;6;Zebrafish;1544;946;1808;1087;0,0,0,0;0;;
Vid2_0158.png;4;Zebrafish;868;792;1216;893;0,0,0,0;0;;
Vid2_0158.png;5;Zebrafish;1359;1046;1679;1189;1,0,0,1;0;;
Vid2_0158.png;6;Zebrafish;1506;938;1821;1075;0,0,0,1;0;;
Vid2_0159.png;6;Zebrafish;1462;920;1806;1058;0,0,0,1;0;;
Vid2_0161.png;5;Zebrafish;1431;1050;1712;1207;1,0,0,0;0;;
Vid2_0162.png;5;Zebrafish;1501;1040;1698;1185;1,1,0,0;0;;
Vid2_0163.png;5;Zebrafish;1500;1040;1714;1161;0,1,0,1;0;;
Vid2_0164.png;5;Zebrafish;1452;1031;1762;1147;0,0,0,0;0;;
Vid2_0166.png;5;Zebrafish;1375;1017;1686;1133;0,0,1,0;0;;
Vid2_0165.png;5;Zebrafish;1400;1018;1725;1137;0,0,0,0;0;;
Vid2_0167.png;6;Zebrafish;1237;909;1588;1028;0,0,0,0;0;;
Vid2_0167.png;5;Zebrafish;1308;1016;1642;1124;0,0,0,0;0;;
Vid2_0168.png;6;Zebrafish;1237;909;1588;1028;0,0,0,0;0;;
Vid2_0168.png;5;Zebrafish;1308;1016;1642;1124;0,0,0,0;0;;
Vid2_0169.png;6;Zebrafish;1234;911;1586;1029;0,0,0,0;0;;
Vid2_0169.png;5;Zebrafish;1299;1016;1635;1123;0,0,0,0;0;;
Vid2_0170.png;6;Zebrafish;1229;911;1582;1031;0,0,0,0;0;;
Vid2_0170.png;5;Zebrafish;1292;1014;1624;1120;0,0,0,0;0;;
Vid2_0171.png;6;Zebrafish;1213;914;1564;1038;0,0,0,0;0;;
Vid2_0171.png;5;Zebrafish;1255;1012;1584;1117;0,0,0,0;0;;
Vid2_0172.png;6;Zebrafish;1206;914;1557;1038;0,0,1,0;0;;
Vid2_0172.png;5;Zebrafish;1242;1013;1571;1119;0,0,1,0;0;;
Vid2_0173.png;6;Zebrafish;1153;926;1505;1034;0,0,0,0;0;;
Vid2_0173.png;5;Zebrafish;1193;1017;1539;1127;0,0,0,0;0;;
Vid2_0174.png;4;Zebrafish;422;854;712;979;0,0,0,1;0;;
Vid2_0174.png;6;Zebrafish;1117;931;1474;1036;0,0,0,1;0;;
Vid2_0174.png;5;Zebrafish;1166;1019;1511;1130;0,0,0,0;0;;
Vid2_0175.png;6;Zebrafish;1069;933;1429;1042;0,0,0,0;0;;
Vid2_0175.png;5;Zebrafish;1130;1026;1475;1140;0,0,0,0;0;;
Vid2_0176.png;6;Zebrafish;1027;936;1384;1045;0,0,0,0;0;;
Vid2_0176.png;5;Zebrafish;1101;1032;1446;1150;0,0,0,0;0;;
Vid2_0177.png;6;Zebrafish;995;939;1351;1051;0,0,0,0;0;;
Vid2_0177.png;5;Zebrafish;1077;1039;1419;1163;0,0,0,0;0;;
Vid2_0178.png;6;Zebrafish;979;941;1335;1054;0,0,0,0;0;;
Vid2_0178.png;5;Zebrafish;1066;1042;1404;1166;0,0,0,0;0;;
Vid2_0179.png;6;Zebrafish;939;941;1288;1066;0,0,1,0;0;;
Vid2_0179.png;5;Zebrafish;1029;1047;1342;1174;0,0,1,0;0;;
Vid2_0180.png;4;Zebrafish;346;851;600;1053;0,0,0,1;0;;
Vid2_0180.png;6;Zebrafish;895;947;1246;1060;0,0,1,1;0;;
Vid2_0180.png;5;Zebrafish;965;1043;1300;1158;0,0,1,0;0;;
Vid2_0181.png;4;Zebrafish;364;871;574;1062;0,1,0,0;0;;
Vid2_0181.png;6;Zebrafish;858;948;1215;1051;0,0,1,0;0;;
Vid2_0181.png;5;Zebrafish;917;1041;1260;1157;0,0,1,0;0;;
Vid2_0182.png;4;Zebrafish;344;913;505;1063;1,1,0,0;0;;
Vid2_0182.png;6;Zebrafish;817;953;1175;1055;0,0,1,0;0;;
Vid2_0182.png;5;Zebrafish;865;1043;1203;1159;0,0,1,0;0;;
Vid2_0183.png;4;Zebrafish;349;915;499;1062;1,1,0,0;0;;
Vid2_0183.png;6;Zebrafish;824;953;1180;1056;0,0,1,0;0;;
Vid2_0183.png;5;Zebrafish;873;1042;1210;1157;0,0,1,0;0;;
Vid2_0184.png;4;Zebrafish;304;949;553;1065;1,1,0,0;0;;
Vid2_0184.png;6;Zebrafish;765;961;1121;1066;0,0,1,0;0;;
Vid2_0184.png;5;Zebrafish;799;1045;1125;1170;0,0,1,0;0;;
Vid2_0185.png;6;Zebrafish;747;964;1103;1075;0,0,1,0;0;;
Vid2_0185.png;5;Zebrafish;781;1047;1100;1170;0,0,1,0;0;;
Vid2_0186.png;6;Zebrafish;707;968;1061;1088;0,0,1,0;0;;
Vid2_0186.png;5;Zebrafish;734;1051;1051;1175;0,0,1,0;0;;
Vid2_0187.png;6;Zebrafish;670;975;1024;1104;0,0,1,0;0;;
Vid2_0187.png;5;Zebrafish;692;1057;1024;1189;0,0,1,0;0;;
Vid2_0188.png;4;Zebrafish;352;957;675;1082;1,0,0,0;0;;
Vid2_0188.png;6;Zebrafish;659;976;1010;1111;0,0,1,0;0;;
Vid2_0188.png;5;Zebrafish;664;1061;972;1195;0,0,1,0;0;;
Vid2_0189.png;4;Zebrafish;381;958;704;1096;1,0,1,0;0;;
Vid2_0189.png;6;Zebrafish;635;976;982;1109;0,0,1,0;0;;
Vid2_0189.png;5;Zebrafish;551;1066;881;1164;0,0,1,0;0;;
Vid2_0190.png;4;Zebrafish;390;961;714;1099;1,0,1,0;0;;
Vid2_0190.png;6;Zebrafish;633;975;972;1105;0,0,1,0;0;;
Vid2_0190.png;5;Zebrafish;511;1066;850;1165;0,0,1,0;0;;
Vid2_0191.png;4;Zebrafish;416;966;738;1113;1,0,1,0;0;;
Vid2_0191.png;6;Zebrafish;621;972;946;1109;0,0,1,0;0;;
Vid2_0191.png;5;Zebrafish;416;1066;752;1176;0,0,1,0;0;;
Vid2_0192.png;4;Zebrafish;428;968;739;1117;1,0,1,1;0;;
Vid2_0192.png;6;Zebrafish;617;966;941;1104;0,0,1,1;0;;
Vid2_0192.png;5;Zebrafish;384;1066;719;1181;0,0,1,0;0;;
Vid2_0193.png;4;Zebrafish;469;998;754;1136;1,0,1,0;0;;
Vid2_0193.png;6;Zebrafish;605;962;922;1103;0,0,0,0;0;;
Vid2_0193.png;5;Zebrafish;310;1065;638;1183;0,0,1,0;0;;
Vid2_0194.png;4;Zebrafish;471;1000;757;1138;1,0,1,0;0;;
Vid2_0194.png;6;Zebrafish;602;963;920;1102;0,0,0,0;0;;
Vid2_0194.png;5;Zebrafish;301;1065;629;1183;0,0,1,0;0;;
Vid2_0195.png;4;Zebrafish;489;1007;771;1146;1,0,0,0;0;;
Vid2_0195.png;6;Zebrafish;593;961;908;1103;0,0,0,0;0;;
Vid2_0195.png;5;Zebrafish;262;1064;589;1184;0,0,0,0;0;;
Vid2_0196.png;4;Zebrafish;517;1024;794;1158;1,0,0,0;0;;
Vid2_0196.png;6;Zebrafish;583;961;895;1112;0,0,0,0;0;;
Vid2_0196.png;5;Zebrafish;270;1046;491;1177;0,1,0,0;0;;
Vid2_0197.png;4;Zebrafish;552;1055;825;1165;1,0,0,0;0;;
Vid2_0197.png;6;Zebrafish;573;961;882;1119;0,0,0,0;0;;
Vid2_0197.png;5;Zebrafish;264;1036;465;1167;1,1,0,0;0;;
Vid2_0198.png;4;Zebrafish;630;1070;816;1198;0,1,0,0;0;;
Vid2_0198.png;6;Zebrafish;564;965;863;1132;0,0,1,0;0;;
Vid2_0198.png;5;Zebrafish;236;1022;546;1149;1,0,0,0;0;;
Vid2_0199.png;4;Zebrafish;662;1073;818;1181;0,1,0,1;0;;
Vid2_0199.png;6;Zebrafish;564;965;863;1132;0,0,1,0;0;;
Vid2_0200.png;5;Zebrafish;296;1010;627;1148;1,0,1,0;0;;
Vid2_0200.png;4;Zebrafish;594;1065;859;1152;0,1,1,0;0;;
Vid2_0200.png;6;Zebrafish;543;965;834;1108;0,0,1,0;0;;
Vid2_0201.png;5;Zebrafish;324;994;656;1139;1,0,1,0;0;;
Vid2_0201.png;4;Zebrafish;557;1054;847;1168;0,0,1,0;0;;
Vid2_0201.png;6;Zebrafish;501;960;788;1086;0,0,1,0;0;;
Vid2_0202.png;5;Zebrafish;343;979;685;1140;1,0,1,1;0;;
Vid2_0202.png;4;Zebrafish;551;1052;846;1187;0,0,1,1;0;;
Vid2_0202.png;6;Zebrafish;477;953;782;1062;0,0,1,1;0;;
Vid2_0203.png;5;Zebrafish;380;972;706;1122;1,0,1,0;0;;
Vid2_0203.png;4;Zebrafish;543;1048;812;1191;0,0,1,0;0;;
Vid2_0203.png;6;Zebrafish;450;953;767;1075;0,0,1,0;0;;
Vid2_0204.png;5;Zebrafish;426;962;755;1105;1,0,1,0;0;;
Vid2_0204.png;4;Zebrafish;540;1049;807;1187;0,0,1,0;0;;
Vid2_0204.png;6;Zebrafish;427;954;731;1086;0,0,1,0;0;;
Vid2_0205.png;5;Zebrafish;490;952;847;1036;1,0,1,1;0;;
Vid2_0205.png;4;Zebrafish;532;1039;801;1185;0,0,1,1;0;;
Vid2_0205.png;6;Zebrafish;427;957;661;1065;0,1,1,0;0;;
Vid2_0206.png;5;Zebrafish;561;946;916;1046;1,0,1,0;0;;
Vid2_0206.png;4;Zebrafish;533;1030;818;1184;0,0,1,0;0;;
Vid2_0206.png;6;Zebrafish;445;964;601;1071;1,1,1,0;0;;
Vid2_0207.png;5;Zebrafish;581;945;931;1049;1,0,1,0;0;;
Vid2_0207.png;4;Zebrafish;535;1028;818;1180;0,0,1,0;0;;
Vid2_0207.png;6;Zebrafish;440;961;609;1071;1,1,1,0;0;;
Vid2_0208.png;5;Zebrafish;680;962;1028;1064;1,0,1,0;0;;
Vid2_0208.png;4;Zebrafish;529;1009;789;1152;0,0,1,0;0;;
Vid2_0208.png;6;Zebrafish;407;963;666;1082;1,1,1,0;0;;
Vid2_0209.png;4;Zebrafish;509;1000;755;1140;0,1,1,0;0;;
Vid2_0209.png;6;Zebrafish;375;974;700;1093;1,0,1,0;0;;
Vid2_0210.png;5;Zebrafish;758;980;1103;1081;1,0,1,0;0;;
Vid2_0210.png;4;Zebrafish;511;999;770;1140;0,1,1,0;0;;
Vid2_0210.png;6;Zebrafish;371;976;698;1091;1,0,1,0;0;;
Vid2_0211.png;4;Zebrafish;482;977;769;1109;0,1,1,0;0;;
Vid2_0211.png;6;Zebrafish;444;959;772;1074;1,0,1,0;0;;
Vid2_0212.png;4;Zebrafish;461;983;781;1120;0,1,1,0;0;;
Vid2_0212.png;6;Zebrafish;496;951;831;1051;1,0,1,0;0;;
Vid2_0213.png;4;Zebrafish;454;988;774;1124;0,0,1,0;0;;
Vid2_0213.png;6;Zebrafish;509;944;850;1040;1,0,1,0;0;;
Vid2_0214.png;4;Zebrafish;435;1001;755;1130;0,0,1,0;0;;
Vid2_0214.png;6;Zebrafish;595;954;920;1047;1,0,1,0;0;;
Vid2_0215.png;4;Zebrafish;433;1002;752;1133;0,0,1,0;0;;
Vid2_0215.png;6;Zebrafish;598;957;929;1047;1,0,1,0;0;;
Vid2_0216.png;4;Zebrafish;416;1016;734;1143;0,0,1,0;0;;
Vid2_0216.png;6;Zebrafish;661;967;1004;1056;1,0,1,0;0;;
Vid2_0217.png;4;Zebrafish;407;1025;728;1147;0,0,1,0;0;;
Vid2_0217.png;6;Zebrafish;698;973;1045;1068;1,0,1,0;0;;
Vid2_0218.png;5;Zebrafish;1085;1017;1408;1145;1,0,0,0;0;;
Vid2_0219.png;5;Zebrafish;1099;1021;1430;1156;1,0,0,0;0;;
Vid2_0220.png;5;Zebrafish;1122;1025;1447;1162;1,0,0,0;0;;
Vid2_0221.png;6;Zebrafish;866;995;1214;1096;1,0,0,0;0;;
Vid2_0221.png;5;Zebrafish;1148;1026;1467;1164;1,0,0,0;0;;
Vid2_0222.png;6;Zebrafish;901;1003;1247;1102;1,0,1,0;0;;
Vid2_0222.png;5;Zebrafish;1161;1029;1489;1168;1,0,1,0;0;;
Vid2_0223.png;6;Zebrafish;928;1013;1272;1111;1,0,1,0;0;;
Vid2_0223.png;5;Zebrafish;1178;1033;1505;1165;1,0,1,0;0;;
Vid2_0224.png;4;Zebrafish;231;1045;565;1164;0,0,0,1;0;;
Vid2_0224.png;6;Zebrafish;941;1020;1285;1120;1,0,1,1;0;;
Vid2_0224.png;5;Zebrafish;1194;1036;1517;1170;1,0,1,1;0;;
Vid2_0225.png;6;Zebrafish;977;1031;1321;1138;1,0,1,0;0;;
Vid2_0225.png;5;Zebrafish;1228;1042;1540;1175;1,0,1,0;0;;
Vid2_0226.png;6;Zebrafish;1017;1036;1344;1141;1,0,1,0;0;;
Vid2_0226.png;5;Zebrafish;1239;1048;1558;1184;1,0,1,0;0;;
Vid2_0227.png;6;Zebrafish;1040;1037;1371;1141;1,0,1,0;0;;
Vid2_0227.png;5;Zebrafish;1251;1053;1573;1195;1,0,1,0;0;;
Vid2_0228.png;6;Zebrafish;1044;1037;1374;1142;1,0,1,0;0;;
Vid2_0228.png;5;Zebrafish;1255;1055;1575;1199;1,0,1,0;0;;
Vid2_0229.png;6;Zebrafish;1088;1048;1401;1152;1,0,1,0;0;;
Vid2_0229.png;5;Zebrafish;1275;1064;1593;1214;1,0,1,0;0;;
Vid2_0230.png;6;Zebrafish;1111;1059;1430;1164;1,0,1,0;0;;
Vid2_0230.png;5;Zebrafish;1402;1051;1569;1184;1,1,1,0;0;;
Vid2_0231.png;4;Zebrafish;149;1028;387;1178;0,1,0,1;0;;
Vid2_0231.png;6;Zebrafish;1124;1059;1455;1178;1,0,1,1;0;;
Vid2_0231.png;5;Zebrafish;1402;1045;1574;1162;0,1,1,1;0;;
Vid2_0232.png;4;Zebrafish;165;1030;295;1180;1,1,0,0;0;;
Vid2_0232.png;6;Zebrafish;1155;1061;1456;1178;1,0,1,0;0;;
Vid2_0232.png;5;Zebrafish;1308;1031;1595;1130;0,1,1,0;0;;
Vid2_0233.png;4;Zebrafish;150;989;285;1201;1,1,0,0;0;;
Vid2_0233.png;6;Zebrafish;1160;1076;1495;1182;1,0,1,0;0;;
Vid2_0233.png;5;Zebrafish;1242;1021;1587;1116;0,0,1,0;0;;
Vid2_0234.png;4;Zebrafish;153;979;288;1207;1,1,0,0;0;;
Vid2_0234.png;6;Zebrafish;1162;1077;1497;1183;1,0,1,0;0;;
Vid2_0234.png;5;Zebrafish;1232;1019;1579;1113;0,0,1,0;0;;
Vid2_0235.png;4;Zebrafish;170;1044;384;1228;1,1,0,0;0;;
Vid2_0235.png;6;Zebrafish;1184;1077;1517;1196;1,0,1,0;0;;
Vid2_0235.png;5;Zebrafish;1160;1009;1505;1125;0,0,1,0;0;;
Vid2_0236.png;4;Zebrafish;144;1100;431;1208;1,1,0,0;0;;
Vid2_0236.png;6;Zebrafish;1222;1068;1553;1204;1,0,1,0;0;;
Vid2_0236.png;5;Zebrafish;1101;1007;1440;1138;0,0,1,0;0;;
Vid2_0237.png;6;Zebrafish;1251;1065;1571;1196;1,0,1,0;0;;
Vid2_0237.png;5;Zebrafish;1078;1007;1415;1144;0,0,1,0;0;;
Vid2_0238.png;6;Zebrafish;1274;1053;1620;1186;1,0,1,0;0;;
Vid2_0238.png;5;Zebrafish;1019;1012;1348;1141;0,0,1,0;0;;
Vid2_0244.png;4;Zebrafish;361;999;700;1123;1,0,0,1;0;;
Vid2_0244.png;5;Zebrafish;824;1059;1160;1186;0,0,0,1;0;;
Vid2_0246.png;4;Zebrafish;454;965;783;1100;1,0,0,0;0;;
Vid2_0247.png;5;Zebrafish;664;1068;1003;1186;0,0,0,1;0;;
Vid2_0247.png;4;Zebrafish;482;960;803;1093;1,0,0,0;0;;
Vid2_0251.png;6;Zebrafish;1570;1016;1871;1145;1,1,0,0;0;;
Vid2_0252.png;6;Zebrafish;1584;1015;1887;1150;1,1,0,0;0;;
Vid2_0253.png;4;Zebrafish;699;915;1006;1041;1,0,0,1;0;;
Vid2_0253.png;5;Zebrafish;458;1075;773;1226;0,0,0,1;0;;
Vid2_0253.png;6;Zebrafish;1604;1002;1911;1152;1,1,0,0;0;;
Vid2_0254.png;4;Zebrafish;775;910;1005;1045;1,1,0,0;0;;
Vid2_0254.png;6;Zebrafish;1701;983;1872;1149;1,1,0,0;0;;
Vid2_0255.png;4;Zebrafish;845;903;1000;1043;0,1,0,1;0;;
Vid2_0255.png;6;Zebrafish;1687;976;1895;1112;0,1,0,0;0;;
Vid2_0256.png;4;Zebrafish;830;890;1008;1037;0,1,0,0;0;;
Vid2_0256.png;6;Zebrafish;1647;965;1919;1097;0,1,0,0;0;;
Vid2_0257.png;4;Zebrafish;806;878;1009;1020;0,1,0,0;0;;
Vid2_0257.png;6;Zebrafish;1600;950;1932;1089;0,0,0,0;0;;
Vid2_0258.png;4;Zebrafish;788;875;1012;1024;0,1,0,0;0;;
Vid2_0259.png;4;Zebrafish;739;861;1009;1002;0,1,0,0;0;;
Vid2_0260.png;5;Zebrafish;243;1028;471;1158;0,1,0,0;0;;
Vid2_0261.png;5;Zebrafish;229;1006;458;1115;1,1,0,0;0;;
Vid2_0262.png;5;Zebrafish;201;1014;532;1116;1,0,0,0;0;;
Vid2_0267.png;5;Zebrafish;429;1032;772;1130;1,0,0,1;0;;
Vid2_0271.png;4;Zebrafish;379;781;660;902;0,1,0,0;0;;
Vid2_0272.png;4;Zebrafish;383;775;597;912;0,1,0,1;0;;
Vid2_0273.png;4;Zebrafish;400;777;563;900;0,1,0,0;0;;
Vid2_0274.png;4;Zebrafish;405;786;546;906;1,1,0,0;0;;
Vid2_0275.png;4;Zebrafish;400;796;555;911;1,1,0,0;0;;
Vid2_0276.png;4;Zebrafish;399;790;576;914;1,1,0,0;0;;
Vid2_0277.png;6;Zebrafish;625;830;906;962;0,0,1,0;0;;
Vid2_0277.png;4;Zebrafish;385;801;683;928;1,0,1,0;0;;
Vid2_0278.png;5;Zebrafish;727;1060;1049;1195;1,0,0,1;0;;
Vid2_0278.png;6;Zebrafish;616;833;886;966;0,0,1,0;0;;
Vid2_0278.png;4;Zebrafish;394;805;705;932;1,0,1,0;0;;
Vid2_0279.png;6;Zebrafish;585;843;856;972;0,0,1,0;0;;
Vid2_0279.png;4;Zebrafish;448;824;737;931;1,0,1,0;0;;
Vid2_0280.png;6;Zebrafish;508;852;845;977;0,0,1,1;0;;
Vid2_0280.png;4;Zebrafish;449;824;748;933;1,0,1,0;0;;
Vid2_0281.png;6;Zebrafish;499;847;836;975;0,0,1,0;0;;
Vid2_0281.png;4;Zebrafish;451;821;761;938;1,0,1,0;0;;
Vid2_0282.png;6;Zebrafish;468;838;802;978;0,0,1,0;0;;
Vid2_0282.png;4;Zebrafish;498;810;808;932;1,0,1,0;0;;
Vid2_0283.png;6;Zebrafish;472;835;789;965;0,0,1,0;0;;
Vid2_0283.png;4;Zebrafish;502;811;822;921;1,0,1,0;0;;
Vid2_0284.png;6;Zebrafish;457;834;755;964;0,0,1,0;0;;
Vid2_0284.png;4;Zebrafish;525;806;838;914;1,0,1,0;0;;
Vid2_0285.png;6;Zebrafish;424;819;722;944;0,0,1,0;0;;
Vid2_0285.png;4;Zebrafish;585;786;877;908;1,0,1,0;0;;
Vid2_0286.png;6;Zebrafish;426;823;672;951;0,1,1,0;0;;
Vid2_0286.png;4;Zebrafish;596;784;903;907;1,0,1,0;0;;
Vid2_0287.png;6;Zebrafish;440;809;621;929;1,1,0,0;0;;
Vid2_0288.png;6;Zebrafish;423;827;671;936;1,1,0,0;0;;
Vid2_0289.png;6;Zebrafish;420;830;677;937;1,1,0,0;0;;
Vid2_0290.png;4;Zebrafish;704;786;1012;897;1,0,1,0;0;;
Vid2_0290.png;6;Zebrafish;398;849;746;956;1,0,1,0;0;;
Vid2_0291.png;4;Zebrafish;767;797;1059;909;1,0,1,0;0;;
Vid2_0291.png;6;Zebrafish;475;847;801;959;1,0,1,0;0;;
Vid2_0292.png;4;Zebrafish;770;803;1089;906;1,0,1,0;0;;
Vid2_0292.png;6;Zebrafish;492;847;830;951;1,0,1,0;0;;
Vid2_0293.png;4;Zebrafish;793;807;1129;911;1,0,1,0;0;;
Vid2_0293.png;6;Zebrafish;524;856;862;957;1,0,1,0;0;;
Vid2_0294.png;4;Zebrafish;788;807;1123;910;1,0,1,0;0;;
Vid2_0294.png;6;Zebrafish;518;856;857;955;1,0,1,0;0;;
Vid2_0295.png;4;Zebrafish;847;812;1178;921;1,0,1,0;0;;
Vid2_0295.png;6;Zebrafish;564;866;906;972;1,0,1,0;0;;
Vid2_0296.png;4;Zebrafish;864;814;1194;925;1,0,1,0;0;;
Vid2_0296.png;6;Zebrafish;602;863;917;985;1,0,1,0;0;;
Vid2_0297.png;4;Zebrafish;913;822;1238;936;1,0,1,0;0;;
Vid2_0297.png;6;Zebrafish;686;892;1005;992;1,0,1,0;0;;
Vid2_0298.png;5;Zebrafish;1288;982;1628;1149;1,0,0,1;0;;
Vid2_0298.png;4;Zebrafish;936;826;1262;939;1,0,0,0;0;;
Vid2_0298.png;6;Zebrafish;731;907;1086;1014;1,0,0,1;0;;
Vid2_0299.png;4;Zebrafish;988;831;1309;951;1,0,0,0;0;;
Vid2_0299.png;6;Zebrafish;789;921;1132;1027;1,0,0,0;0;;
Vid2_0300.png;4;Zebrafish;1000;833;1317;952;1,0,0,0;0;;
Vid2_0300.png;6;Zebrafish;796;923;1138;1029;1,0,0,0;0;;
Vid2_0301.png;6;Zebrafish;857;945;1206;1050;1,0,0,0;0;;
Vid2_0302.png;6;Zebrafish;913;965;1263;1070;1,0,0,0;0;;
Vid2_0303.png;4;Zebrafish;1109;871;1447;980;1,0,0,1;0;;
Vid2_0303.png;5;Zebrafish;1395;955;1714;1144;1,0,0,0;0;;
Vid2_0304.png;5;Zebrafish;1405;955;1724;1145;1,0,0,0;0;;
Vid2_0305.png;4;Zebrafish;1190;875;1528;992;1,0,0,1;0;;
Vid2_0305.png;5;Zebrafish;1417;953;1733;1149;1,0,0,1;0;;
Vid2_0306.png;5;Zebrafish;1418;945;1734;1152;1,0,0,0;0;;
Vid2_0307.png;5;Zebrafish;1441;926;1719;1123;1,1,0,0;0;;
Vid2_0308.png;4;Zebrafish;1324;870;1659;990;1,0,1,0;0;;
Vid2_0308.png;5;Zebrafish;1533;945;1718;1071;0,1,1,0;0;;
Vid2_0309.png;6;Zebrafish;1128;1060;1480;1174;1,0,0,1;0;;
Vid2_0309.png;4;Zebrafish;1362;863;1705;981;1,0,1,0;0;;
Vid2_0309.png;5;Zebrafish;1458;929;1755;1034;0,1,1,0;0;;
Vid2_0310.png;4;Zebrafish;1357;866;1698;981;1,0,1,0;0;;
Vid2_0310.png;5;Zebrafish;1468;927;1751;1034;0,1,1,0;0;;
Vid2_0311.png;4;Zebrafish;1398;849;1747;964;1,0,1,0;0;;
Vid2_0311.png;5;Zebrafish;1388;931;1725;1024;0,0,1,0;0;;
Vid2_0312.png;4;Zebrafish;1412;848;1760;963;1,0,1,0;0;;
Vid2_0312.png;5;Zebrafish;1366;929;1701;1022;0,0,1,0;0;;
Vid2_0313.png;4;Zebrafish;1429;844;1778;966;1,0,1,0;0;;
Vid2_0313.png;5;Zebrafish;1339;926;1672;1019;0,0,1,0;0;;
Vid2_0314.png;4;Zebrafish;1478;843;1808;965;1,0,1,0;0;;
Vid2_0314.png;5;Zebrafish;1269;926;1607;1031;0,0,1,0;0;;
Vid2_0315.png;6;Zebrafish;1253;1104;1592;1242;1,0,0,1;0;;
Vid2_0315.png;5;Zebrafish;1254;927;1589;1039;0,0,0,0;0;;
Vid2_0317.png;6;Zebrafish;1281;1115;1627;1259;1,0,0,1;0;;
Vid2_0318.png;4;Zebrafish;1615;875;1868;1020;1,1,0,0;0;;
Vid2_0319.png;4;Zebrafish;1727;879;1851;1029;0,1,0,0;0;;
Vid2_0320.png;4;Zebrafish;1739;880;1852;1031;0,1,0,0;0;;
Vid2_0321.png;4;Zebrafish;1713;887;1889;1042;0,1,0,0;0;;
Vid2_0322.png;4;Zebrafish;1638;902;1877;1054;0,1,0,0;0;;
Vid2_0323.png;5;Zebrafish;857;987;1179;1090;0,0,0,0;0;;
Vid2_0323.png;6;Zebrafish;1420;1107;1687;1273;1,0,0,0;0;;
Vid2_0324.png;6;Zebrafish;1433;1084;1706;1275;1,0,0,0;0;;
Vid2_0325.png;4;Zebrafish;1535;930;1791;1054;0,0,0,1;0;;
Vid2_0325.png;6;Zebrafish;1459;1068;1728;1253;1,0,0,1;0;;
Vid2_0326.png;6;Zebrafish;1472;1057;1742;1232;1,0,0,0;0;;
Vid2_0327.png;6;Zebrafish;1480;1048;1756;1212;1,0,0,0;0;;
Vid2_0328.png;6;Zebrafish;1480;1050;1756;1215;1,0,0,0;0;;
Vid2_0329.png;6;Zebrafish;1483;1031;1759;1172;1,1,0,0;0;;
Vid2_0330.png;6;Zebrafish;1483;1022;1768;1171;1,1,0,0;0;;
Vid2_0331.png;4;Zebrafish;1287;868;1621;995;0,0,1,0;0;;
Vid2_0331.png;6;Zebrafish;1586;979;1743;1158;0,1,1,0;0;;
Vid2_0332.png;5;Zebrafish;407;1060;677;1187;0,1,0,0;0;;
Vid2_0332.png;4;Zebrafish;1231;847;1571;973;0,0,1,0;0;;
Vid2_0332.png;6;Zebrafish;1550;950;1750;1125;0,1,1,0;0;;
Vid2_0333.png;5;Zebrafish;410;1054;602;1179;1,1,0,0;0;;
Vid2_0333.png;6;Zebrafish;1537;943;1767;1112;0,1,0,0;0;;
Vid2_0334.png;5;Zebrafish;372;1045;638;1148;1,1,0,0;0;;
Vid2_0334.png;6;Zebrafish;1506;926;1755;1081;0,0,0,0;0;;
Vid2_0335.png;6;Zebrafish;1475;914;1741;1056;0,0,0,0;0;;
Vid2_0336.png;6;Zebrafish;1479;916;1746;1062;0,0,0,0;0;;
Vid2_0337.png;6;Zebrafish;1444;902;1721;1052;0,0,0,0;0;;
Vid2_0345.png;4;Zebrafish;784;808;1112;917;0,0,0,1;0;;
Vid2_0345.png;6;Zebrafish;1238;868;1585;1018;0,0,0,1;0;;
Vid2_0348.png;6;Zebrafish;1163;858;1499;1016;0,0,0,1;0;;
Vid2_0350.png;4;Zebrafish;681;804;983;920;0,0,0,0;0;;
Vid2_0351.png;4;Zebrafish;521;821;863;976;0,0,0,0;0;;
Vid2_0352.png;4;Zebrafish;472;844;803;996;0,0,0,0;0;;
Vid2_0353.png;4;Zebrafish;426;891;687;1024;0,1,0,0;0;;
Vid2_0354.png;4;Zebrafish;433;899;635;1030;1,1,0,0;0;;
Vid2_0355.png;4;Zebrafish;403;886;667;1043;1,1,0,0;0;;
Vid2_0356.png;4;Zebrafish;534;920;764;1066;1,1,0,0;0;;
Vid2_0357.png;4;Zebrafish;666;987;923;1140;1,1,0,0;0;;
Vid2_0358.png;6;Zebrafish;923;850;1276;980;0,0,0,0;0;;
Vid2_0358.png;4;Zebrafish;760;1026;981;1150;1,1,0,0;0;;
Vid2_0359.png;4;Zebrafish;751;1024;976;1148;1,1,0,0;0;;
Vid2_0360.png;6;Zebrafish;938;899;1252;1034;1,0,0,0;0;;
Vid2_0361.png;6;Zebrafish;1012;949;1355;1069;1,0,0,0;0;;
Vid2_0362.png;6;Zebrafish;1054;967;1398;1081;1,0,0,0;0;;
Vid2_0363.png;5;Zebrafish;967;1268;1229;1416;1,0,0,0;0;;
Vid2_0363.png;6;Zebrafish;1199;979;1498;1111;1,0,0,0;0;;
Vid2_0364.png;4;Zebrafish;837;1050;1117;1173;1,0,0,1;0;;
Vid2_0364.png;5;Zebrafish;1033;1236;1311;1385;1,0,0,1;0;;
Vid2_0364.png;6;Zebrafish;1242;996;1542;1125;1,0,0,1;0;;
Vid2_0365.png;6;Zebrafish;1335;1010;1628;1160;1,0,0,0;0;;
Vid2_0368.png;6;Zebrafish;1438;1087;1735;1220;1,0,0,0;0;;
Vid2_0369.png;6;Zebrafish;1438;1085;1732;1219;1,0,0,0;0;;
Vid2_0370.png;5;Zebrafish;1183;1179;1520;1313;1,0,1,0;0;;
Vid2_0370.png;6;Zebrafish;1448;1103;1754;1232;1,0,1,0;0;;
Vid2_0371.png;5;Zebrafish;1209;1178;1517;1301;1,0,1,0;0;;
Vid2_0371.png;6;Zebrafish;1477;1127;1788;1245;1,0,1,0;0;;
Vid2_0372.png;5;Zebrafish;1234;1179;1534;1309;1,0,1,0;0;;
Vid2_0372.png;6;Zebrafish;1500;1140;1814;1257;1,0,1,0;0;;
Vid2_0373.png;5;Zebrafish;1235;1180;1555;1311;1,0,1,0;0;;
Vid2_0373.png;6;Zebrafish;1510;1144;1830;1266;1,0,1,0;0;;
Vid2_0374.png;5;Zebrafish;1244;1171;1579;1306;1,0,1,0;0;;
Vid2_0374.png;6;Zebrafish;1540;1145;1844;1267;1,0,1,0;0;;
Vid2_0375.png;5;Zebrafish;1257;1169;1586;1307;1,0,1,0;0;;
Vid2_0375.png;6;Zebrafish;1545;1153;1847;1267;1,0,1,0;0;;
Vid2_0376.png;5;Zebrafish;1258;1169;1586;1310;1,0,1,0;0;;
Vid2_0376.png;6;Zebrafish;1547;1155;1848;1268;1,0,1,0;0;;
Vid2_0377.png;5;Zebrafish;1269;1169;1595;1310;1,0,1,0;0;;
Vid2_0377.png;6;Zebrafish;1554;1161;1856;1269;1,0,1,0;0;;
Vid2_0378.png;5;Zebrafish;1289;1163;1588;1308;1,0,0,0;0;;
Vid2_0378.png;6;Zebrafish;1568;1168;1864;1276;1,0,0,0;0;;
Vid2_0379.png;5;Zebrafish;1314;1159;1606;1307;1,0,1,0;0;;
Vid2_0379.png;6;Zebrafish;1564;1178;1874;1286;1,0,1,0;0;;
Vid2_0380.png;5;Zebrafish;1323;1158;1613;1303;1,0,1,0;0;;
Vid2_0380.png;6;Zebrafish;1565;1180;1876;1291;1,0,1,0;0;;
Vid2_0381.png;5;Zebrafish;1355;1153;1603;1293;1,1,0,0;0;;
Vid2_0381.png;6;Zebrafish;1581;1188;1885;1303;1,0,0,0;0;;
Vid2_0382.png;5;Zebrafish;1430;1144;1600;1287;0,1,0,0;0;;
Vid2_0383.png;6;Zebrafish;1600;1203;1898;1322;1,0,1,0;0;;
Vid2_0383.png;5;Zebrafish;1372;1136;1636;1267;0,1,1,0;0;;
Vid2_0384.png;6;Zebrafish;1600;1215;1905;1337;1,0,0,0;0;;
Vid2_0392.png;4;Zebrafish;1734;1024;2027;1280;1,0,0,1;0;;
Vid2_0392.png;5;Zebrafish;997;1124;1338;1240;0,0,0,1;0;;
Vid2_0393.png;6;Zebrafish;1630;1269;1942;1405;1,0,1,0;0;;
Vid2_0393.png;4;Zebrafish;1775;1049;2024;1314;1,0,1,0;0;;
Vid2_0394.png;6;Zebrafish;1631;1277;1921;1416;1,0,1,0;0;;
Vid2_0394.png;4;Zebrafish;1738;1099;2023;1348;1,0,1,0;0;;
Vid2_0395.png;6;Zebrafish;1647;1288;1902;1428;1,0,1,0;0;;
Vid2_0395.png;4;Zebrafish;1750;1169;2020;1374;1,0,1,1;0;;
Vid2_0400.png;6;Zebrafish;1654;1331;1963;1443;1,0,1,0;0;;
Vid2_0400.png;4;Zebrafish;1745;1267;2009;1386;1,0,1,0;0;;
Vid2_0396.png;6;Zebrafish;1639;1311;1894;1433;1,0,1,0;0;;
Vid2_0396.png;4;Zebrafish;1738;1237;2019;1376;1,0,1,0;0;;
Vid2_0401.png;6;Zebrafish;1654;1331;1969;1450;1,0,1,1;0;;
Vid2_0401.png;4;Zebrafish;1737;1251;2010;1392;1,0,1,1;0;;
Vid2_0411.png;4;Zebrafish;1746;1142;1978;1272;1,1,0,0;0;;
Vid2_0397.png;6;Zebrafish;1639;1317;1884;1433;1,0,1,0;0;;
Vid2_0397.png;4;Zebrafish;1736;1249;2019;1378;1,0,1,0;0;;
Vid2_0398.png;6;Zebrafish;1645;1300;1868;1440;1,0,1,0;0;;
Vid2_0398.png;4;Zebrafish;1729;1280;2012;1400;1,0,1,0;0;;
Vid2_0399.png;6;Zebrafish;1655;1304;1856;1439;1,0,1,1;0;;
Vid2_0399.png;4;Zebrafish;1734;1278;2011;1426;1,0,1,1;0;;
Vid2_0402.png;6;Zebrafish;1656;1328;1971;1457;1,0,1,0;0;;
Vid2_0402.png;4;Zebrafish;1754;1242;2005;1397;1,0,1,0;0;;
Vid2_0403.png;6;Zebrafish;1659;1333;1975;1465;1,0,1,0;0;;
Vid2_0403.png;4;Zebrafish;1797;1218;2009;1355;1,0,1,0;0;;
Vid2_0404.png;6;Zebrafish;1659;1331;1975;1464;1,0,1,0;0;;
Vid2_0404.png;4;Zebrafish;1774;1221;2010;1359;1,0,1,0;0;;
Vid2_0405.png;4;Zebrafish;1729;1176;2016;1309;1,0,0,0;0;;
Vid2_0408.png;6;Zebrafish;1742;1341;2011;1475;1,0,0,0;0;;
Vid2_0410.png;4;Zebrafish;1728;1149;1982;1278;1,1,0,0;0;;
Vid2_0412.png;5;Zebrafish;583;1246;861;1407;0,1,0,0;0;;
Vid2_0412.png;6;Zebrafish;1720;1319;2014;1480;1,0,0,0;0;;
Vid2_0412.png;4;Zebrafish;1780;1135;1971;1271;1,1,0,0;0;;
Vid2_0413.png;5;Zebrafish;598;1251;764;1372;1,1,0,0;0;;
Vid2_0413.png;6;Zebrafish;1718;1314;2015;1480;1,0,0,0;0;;
Vid2_0413.png;4;Zebrafish;1817;1116;1955;1300;1,1,0,0;0;;
Vid2_0414.png;5;Zebrafish;564;1227;865;1338;0,0,0,0;0;;
Vid2_0414.png;6;Zebrafish;1707;1309;2014;1471;1,0,1,0;0;;
Vid2_0414.png;4;Zebrafish;1795;1109;1930;1361;1,1,1,0;0;;
Vid2_0415.png;6;Zebrafish;1703;1309;2013;1467;1,0,1,0;0;;
Vid2_0415.png;4;Zebrafish;1852;1143;1940;1417;1,1,1,0;0;;
Vid2_0416.png;6;Zebrafish;1705;1308;2013;1466;1,0,1,0;0;;
Vid2_0416.png;4;Zebrafish;1811;1193;1929;1442;0,1,1,0;0;;
Vid2_0417.png;5;Zebrafish;648;1213;998;1327;1,0,0,1;0;;
Vid2_0417.png;6;Zebrafish;1699;1311;2014;1462;1,0,1,1;0;;
Vid2_0417.png;4;Zebrafish;1761;1236;1919;1475;0,1,1,1;0;;
Vid2_0418.png;6;Zebrafish;1708;1321;2008;1448;1,0,1,0;0;;
Vid2_0418.png;4;Zebrafish;1719;1245;1942;1487;0,1,1,0;0;;
Vid2_0419.png;6;Zebrafish;1740;1328;2003;1431;1,0,1,0;0;;
Vid2_0419.png;4;Zebrafish;1658;1301;1908;1494;0,1,1,0;0;;
Vid2_0420.png;6;Zebrafish;1706;1328;2003;1438;1,0,1,0;0;;
Vid2_0420.png;4;Zebrafish;1604;1343;1943;1486;0,1,1,0;0;;
Vid2_0421.png;6;Zebrafish;1698;1323;2001;1421;1,0,1,0;0;;
Vid2_0421.png;4;Zebrafish;1565;1370;1907;1491;0,0,1,0;0;;
Vid2_0422.png;6;Zebrafish;1698;1324;2001;1421;1,0,1,0;0;;
Vid2_0422.png;4;Zebrafish;1558;1370;1897;1491;0,0,1,0;0;;
Vid2_0423.png;6;Zebrafish;1707;1319;1994;1432;1,0,1,0;0;;
Vid2_0423.png;4;Zebrafish;1464;1370;1800;1482;0,0,1,0;0;;
Vid2_0424.png;6;Zebrafish;1707;1319;1994;1432;1,0,1,0;0;;
Vid2_0424.png;4;Zebrafish;1434;1359;1766;1487;0,0,1,0;0;;
Vid2_0425.png;6;Zebrafish;1687;1331;1974;1443;1,1,0,0;0;;
Vid2_0426.png;6;Zebrafish;1791;1329;1949;1432;1,1,0,0;0;;
Vid2_0427.png;6;Zebrafish;1751;1335;1975;1441;0,1,0,0;0;;
Vid2_0428.png;6;Zebrafish;1711;1343;1991;1452;0,1,0,0;0;;
Vid2_0429.png;6;Zebrafish;1695;1346;2004;1454;0,0,0,0;0;;
Vid2_0430.png;5;Zebrafish;976;1241;1280;1365;1,0,0,0;0;;
Vid2_0430.png;6;Zebrafish;1649;1349;1995;1457;0,0,0,0;0;;
Vid2_0431.png;5;Zebrafish;978;1238;1313;1367;1,0,0,0;0;;
Vid2_0431.png;6;Zebrafish;1619;1352;1967;1460;0,0,0,0;0;;
Vid2_0432.png;4;Zebrafish;1028;1336;1377;1437;0,0,0,0;0;;
Vid2_0432.png;5;Zebrafish;1004;1238;1338;1368;1,0,0,0;0;;
Vid2_0432.png;6;Zebrafish;1598;1357;1944;1467;0,0,0,0;0;;
Vid2_0433.png;4;Zebrafish;990;1329;1321;1445;0,0,1,0;0;;
Vid2_0433.png;5;Zebrafish;1027;1238;1363;1358;1,0,1,0;0;;
Vid2_0433.png;6;Zebrafish;1572;1361;1917;1471;0,0,0,0;0;;
Vid2_0437.png;5;Zebrafish;1171;1220;1488;1360;1,0,0,0;0;;
Vid2_0437.png;6;Zebrafish;1439;1337;1772;1490;0,0,0,0;0;;
Vid2_0434.png;4;Zebrafish;982;1328;1309;1441;0,0,1,0;0;;
Vid2_0434.png;5;Zebrafish;1033;1239;1369;1354;1,0,1,0;0;;
Vid2_0434.png;6;Zebrafish;1570;1363;1914;1473;0,0,0,0;0;;
Vid2_0435.png;4;Zebrafish;901;1331;1237;1425;0,0,1,0;0;;
Vid2_0435.png;5;Zebrafish;1062;1240;1395;1357;1,0,1,0;0;;
Vid2_0435.png;6;Zebrafish;1537;1366;1871;1489;0,0,0,0;0;;
Vid2_0436.png;4;Zebrafish;816;1308;1152;1434;0,0,1,0;0;;
Vid2_0436.png;5;Zebrafish;1128;1227;1445;1380;1,0,1,0;0;;
Vid2_0436.png;6;Zebrafish;1477;1346;1810;1502;0,0,0,0;0;;
Vid2_0438.png;5;Zebrafish;1203;1212;1534;1347;1,0,0,0;0;;
Vid2_0438.png;6;Zebrafish;1397;1325;1733;1477;0,0,0,0;0;;
Vid2_0439.png;5;Zebrafish;1243;1208;1576;1339;1,0,0,0;0;;
Vid2_0439.png;6;Zebrafish;1357;1318;1695;1469;0,0,0,0;0;;
Vid2_0440.png;5;Zebrafish;1272;1207;1611;1339;1,0,1,0;0;;
Vid2_0440.png;6;Zebrafish;1328;1310;1669;1462;0,0,1,0;0;;
Vid2_0445.png;4;Zebrafish;483;1314;798;1437;0,0,0,0;0;;
Vid2_0445.png;5;Zebrafish;1386;1202;1715;1362;1,0,1,0;0;;
Vid2_0445.png;6;Zebrafish;1210;1291;1559;1423;0,0,1,0;0;;
Vid2_0441.png;5;Zebrafish;1306;1206;1645;1340;1,0,1,0;0;;
Vid2_0441.png;6;Zebrafish;1298;1304;1633;1455;0,0,1,0;0;;
Vid2_0442.png;5;Zebrafish;1340;1208;1674;1338;1,0,1,0;0;;
Vid2_0442.png;6;Zebrafish;1266;1301;1607;1448;0,0,1,0;0;;
Vid2_0443.png;5;Zebrafish;1363;1209;1695;1340;1,0,1,0;0;;
Vid2_0443.png;6;Zebrafish;1238;1294;1574;1431;0,0,1,0;0;;
Vid2_0444.png;4;Zebrafish;492;1319;781;1438;0,1,0,0;0;;
Vid2_0444.png;5;Zebrafish;1399;1202;1719;1359;1,0,1,0;0;;
Vid2_0444.png;6;Zebrafish;1205;1289;1553;1419;0,0,1,0;0;;
Vid2_0446.png;4;Zebrafish;500;1314;694;1436;1,1,0,0;0;;
Vid2_0446.png;5;Zebrafish;1438;1190;1779;1338;1,0,1,0;0;;
Vid2_0446.png;6;Zebrafish;1156;1286;1508;1409;0,0,1,0;0;;
Vid2_0451.png;5;Zebrafish;1621;1162;1830;1304;1,1,0,0;0;;
Vid2_0452.png;6;Zebrafish;1080;1281;1346;1411;0,0,0,1;0;;
Vid2_0452.png;5;Zebrafish;1627;1162;1831;1305;0,1,0,0;0;;
Vid2_0453.png;4;Zebrafish;743;1340;1073;1471;1,0,0,1;0;;
Vid2_0453.png;6;Zebrafish;1082;1290;1308;1410;0,1,0,1;0;;
Vid2_0453.png;5;Zebrafish;1603;1156;1843;1307;0,1,0,0;0;;
Vid2_0454.png;6;Zebrafish;1077;1277;1349;1397;0,1,0,0;0;;
Vid2_0454.png;5;Zebrafish;1545;1142;1837;1293;0,0,0,0;0;;
Vid2_0455.png;6;Zebrafish;1076;1278;1351;1399;0,1,0,0;0;;
Vid2_0455.png;5;Zebrafish;1537;1141;1827;1286;0,0,0,0;0;;
Vid2_0456.png;6;Zebrafish;1112;1273;1272;1394;1,1,0,0;0;;
Vid2_0457.png;4;Zebrafish;837;1384;1179;1494;1,0,0,0;0;;
Vid2_0457.png;6;Zebrafish;1089;1267;1367;1391;1,1,0,0;0;;
Vid2_0458.png;4;Zebrafish;847;1393;1190;1494;1,0,0,0;0;;
Vid2_0458.png;6;Zebrafish;1073;1273;1388;1396;1,0,0,0;0;;
Vid2_0459.png;4;Zebrafish;890;1398;1220;1499;1,0,0,0;0;;
Vid2_0460.png;4;Zebrafish;925;1390;1254;1500;1,0,0,0;0;;
Vid2_0461.png;6;Zebrafish;1147;1297;1500;1409;1,0,0,1;0;;
Vid2_0461.png;4;Zebrafish;948;1385;1273;1505;1,0,0,0;0;;
Vid2_0462.png;4;Zebrafish;986;1382;1321;1502;1,0,0,0;0;;
Vid2_0463.png;4;Zebrafish;1020;1384;1352;1505;1,0,0,0;0;;
Vid2_0464.png;4;Zebrafish;1036;1384;1377;1504;1,0,0,0;0;;
Vid2_0465.png;6;Zebrafish;1231;1308;1563;1412;1,0,0,0;0;;
Vid2_0465.png;4;Zebrafish;1061;1385;1404;1505;1,0,0,0;0;;
Vid2_0466.png;6;Zebrafish;1259;1312;1600;1418;1,0,1,0;0;;
Vid2_0466.png;4;Zebrafish;1078;1393;1424;1506;1,0,1,0;0;;
Vid2_0467.png;6;Zebrafish;1285;1317;1619;1430;1,0,1,0;0;;
Vid2_0467.png;4;Zebrafish;1103;1398;1446;1506;1,0,1,0;0;;
Vid2_0468.png;6;Zebrafish;1280;1317;1615;1426;1,0,1,0;0;;
Vid2_0468.png;4;Zebrafish;1098;1398;1443;1504;1,0,1,0;0;;
Vid2_0469.png;6;Zebrafish;1300;1324;1643;1436;1,0,1,0;0;;
Vid2_0469.png;4;Zebrafish;1140;1383;1467;1505;1,0,1,0;0;;
Vid2_0470.png;6;Zebrafish;1317;1334;1662;1445;1,0,1,0;0;;
Vid2_0470.png;4;Zebrafish;1157;1382;1487;1503;1,0,1,0;0;;
Vid2_0471.png;6;Zebrafish;1339;1338;1674;1449;1,0,1,0;0;;
Vid2_0471.png;4;Zebrafish;1180;1373;1496;1503;1,0,1,0;0;;
Vid2_0472.png;6;Zebrafish;1389;1344;1684;1453;1,0,1,0;0;;
Vid2_0472.png;4;Zebrafish;1206;1357;1513;1505;1,0,1,0;0;;
Vid2_0473.png;6;Zebrafish;1395;1346;1687;1454;1,0,1,0;0;;
Vid2_0473.png;4;Zebrafish;1215;1356;1517;1504;1,0,1,0;0;;
Vid2_0474.png;5;Zebrafish;893;1226;1179;1374;0,1,0,0;0;;
Vid2_0474.png;6;Zebrafish;1635;1205;1895;1442;1,1,0,0;0;;
Vid2_0474.png;4;Zebrafish;1421;1359;1633;1519;1,1,0,0;0;;
Vid2_0475.png;5;Zebrafish;727;1205;1025;1334;0,0,0,0;0;;
Vid2_0475.png;6;Zebrafish;1714;1108;1936;1367;1,0,0,0;0;;
Vid2_0475.png;4;Zebrafish;1367;1402;1704;1519;1,0,0,0;0;;
Vid2_0476.png;5;Zebrafish;704;1205;1017;1336;0,0,0,0;0;;
Vid2_0476.png;6;Zebrafish;1703;1098;1941;1355;1,0,0,0;0;;
Vid2_0476.png;4;Zebrafish;1374;1400;1712;1518;1,0,0,0;0;;
Vid2_0477.png;5;Zebrafish;552;1210;889;1338;0,0,0,0;0;;
Vid2_0477.png;6;Zebrafish;1688;1041;1984;1269;1,0,0,0;0;;
Vid2_0477.png;4;Zebrafish;1438;1357;1766;1512;1,0,0,0;0;;
Vid2_0478.png;6;Zebrafish;1786;1000;2017;1128;1,1,0,0;0;;
Vid2_0479.png;6;Zebrafish;1774;1004;2018;1133;1,1,0,0;0;;
Vid2_0480.png;5;Zebrafish;408;1224;638;1346;0,1,0,0;0;;
Vid2_0480.png;6;Zebrafish;1848;978;2016;1110;1,1,0,0;0;;
Vid2_0481.png;5;Zebrafish;402;1207;565;1333;0,1,0,0;0;;
Vid2_0481.png;6;Zebrafish;1860;972;2015;1101;1,1,0,0;0;;
Vid2_0482.png;4;Zebrafish;1559;1317;1851;1436;1,1,0,0;0;;
Vid2_0482.png;5;Zebrafish;406;1207;549;1331;0,1,0,0;0;;
Vid2_0482.png;6;Zebrafish;1867;959;2014;1098;0,1,0,0;0;;
Vid2_0483.png;4;Zebrafish;1626;1267;1852;1456;1,1,0,0;0;;
Vid2_0483.png;5;Zebrafish;356;1199;582;1316;1,1,0,0;0;;
Vid2_0483.png;6;Zebrafish;1820;965;2027;1092;0,1,0,0;0;;
Vid2_0484.png;4;Zebrafish;1674;1237;1862;1450;1,1,0,0;0;;
Vid2_0484.png;5;Zebrafish;328;1192;649;1297;1,0,0,0;0;;
Vid2_0484.png;6;Zebrafish;1780;959;2019;1083;0,1,0,0;0;;
Vid2_0485.png;4;Zebrafish;1686;1223;1864;1421;1,1,0,0;0;;
Vid2_0485.png;6;Zebrafish;1737;960;2024;1086;0,1,0,0;0;;
Vid2_0486.png;4;Zebrafish;1687;1223;1865;1427;1,1,0,0;0;;
Vid2_0486.png;6;Zebrafish;1745;960;2024;1087;0,1,0,0;0;;
Vid2_0487.png;4;Zebrafish;1701;1217;1901;1370;0,1,0,0;0;;
Vid2_0487.png;6;Zebrafish;1683;969;2009;1097;0,0,0,0;0;;
Vid2_0488.png;4;Zebrafish;1656;1197;1937;1310;0,1,0,0;0;;
Vid2_0488.png;6;Zebrafish;1618;988;1918;1128;0,0,0,0;0;;
Vid2_0489.png;6;Zebrafish;1553;1031;1852;1164;0,0,0,0;0;;
Vid2_0490.png;6;Zebrafish;1504;1055;1824;1188;0,0,0,0;0;;
Vid2_0491.png;4;Zebrafish;1572;1185;1864;1306;0,0,1,0;0;;
Vid2_0491.png;6;Zebrafish;1452;1084;1784;1214;0,0,1,0;0;;
Vid2_0492.png;4;Zebrafish;1572;1186;1865;1306;0,0,1,0;0;;
Vid2_0492.png;6;Zebrafish;1443;1087;1775;1217;0,0,1,0;0;;
Vid2_0493.png;4;Zebrafish;1568;1180;1852;1300;0,0,1,0;0;;
Vid2_0493.png;6;Zebrafish;1380;1126;1720;1252;0,0,1,0;0;;
Vid2_0494.png;4;Zebrafish;1545;1168;1817;1288;0,0,1,0;0;;
Vid2_0494.png;6;Zebrafish;1324;1154;1667;1279;0,0,1,0;0;;
Vid2_0495.png;4;Zebrafish;1529;1167;1816;1283;0,0,1,0;0;;
Vid2_0495.png;6;Zebrafish;1306;1161;1649;1286;0,0,1,0;0;;
Vid2_0496.png;4;Zebrafish;1481;1162;1779;1265;0,0,1,0;0;;
Vid2_0496.png;6;Zebrafish;1259;1176;1608;1311;0,0,1,0;0;;
Vid2_0497.png;4;Zebrafish;1448;1154;1737;1273;0,0,1,0;0;;
Vid2_0497.png;6;Zebrafish;1229;1193;1577;1325;0,0,1,0;0;;
Vid2_0498.png;4;Zebrafish;1423;1153;1688;1263;0,0,1,0;0;;
Vid2_0498.png;6;Zebrafish;1201;1208;1553;1335;0,0,1,0;0;;
Vid2_0499.png;5;Zebrafish;876;1193;1199;1314;1,0,0,0;0;;
Vid2_0499.png;4;Zebrafish;1362;1153;1661;1277;0,0,1,0;0;;
Vid2_0499.png;6;Zebrafish;1184;1220;1533;1350;0,0,1,0;0;;
Vid2_0500.png;5;Zebrafish;900;1187;1223;1309;1,0,0,0;0;;
Vid2_0500.png;4;Zebrafish;1334;1161;1623;1285;0,0,1,0;0;;
Vid2_0500.png;6;Zebrafish;1165;1236;1521;1370;0,0,1,0;0;;
Vid2_0501.png;5;Zebrafish;913;1184;1243;1317;1,0,0,1;0;;
Vid2_0501.png;4;Zebrafish;1318;1174;1606;1291;0,0,1,1;0;;
Vid2_0501.png;6;Zebrafish;1156;1242;1507;1376;0,0,1,0;0;;
Vid2_0502.png;5;Zebrafish;945;1182;1260;1329;1,0,1,0;0;;
Vid2_0502.png;4;Zebrafish;1290;1187;1559;1304;0,0,1,0;0;;
Vid2_0502.png;6;Zebrafish;1133;1251;1488;1386;0,0,1,0;0;;
Vid2_0503.png;5;Zebrafish;948;1182;1264;1329;1,0,1,0;0;;
Vid2_0503.png;4;Zebrafish;1288;1190;1552;1305;0,0,1,0;0;;
Vid2_0503.png;6;Zebrafish;1130;1252;1486;1387;0,0,1,0;0;;
Vid2_0504.png;5;Zebrafish;1009;1175;1294;1337;1,0,1,0;0;;
Vid2_0504.png;4;Zebrafish;1182;1206;1482;1359;0,0,1,0;0;;
Vid2_0504.png;6;Zebrafish;1108;1262;1459;1401;0,0,1,0;0;;
Vid2_0505.png;5;Zebrafish;1009;1165;1334;1330;1,0,1,1;0;;
Vid2_0505.png;4;Zebrafish;1133;1212;1479;1390;0,0,1,1;0;;
Vid2_0505.png;6;Zebrafish;1096;1264;1444;1404;0,0,1,1;0;;
Vid2_0506.png;5;Zebrafish;1062;1162;1361;1318;1,0,1,0;0;;
Vid2_0506.png;4;Zebrafish;1107;1239;1416;1404;0,0,1,0;0;;
Vid2_0506.png;6;Zebrafish;1091;1257;1437;1387;0,0,1,0;0;;
Vid2_0507.png;5;Zebrafish;1075;1161;1390;1315;1,0,1,0;0;;
Vid2_0507.png;4;Zebrafish;1076;1263;1394;1417;0,0,1,0;0;;
Vid2_0507.png;6;Zebrafish;1091;1244;1409;1406;0,0,1,0;0;;
Vid2_0508.png;5;Zebrafish;1128;1163;1414;1337;1,0,1,0;0;;
Vid2_0508.png;4;Zebrafish;1048;1293;1372;1426;0,0,1,0;0;;
Vid2_0508.png;6;Zebrafish;1078;1230;1403;1424;0,0,1,0;0;;
Vid2_0509.png;5;Zebrafish;1180;1164;1434;1277;1,0,1,0;0;;
Vid2_0509.png;4;Zebrafish;1022;1319;1354;1432;0,0,1,0;0;;
Vid2_0509.png;6;Zebrafish;1063;1223;1399;1414;0,0,1,0;0;;
Vid2_0510.png;5;Zebrafish;1194;1166;1446;1277;1,0,1,0;0;;
Vid2_0510.png;4;Zebrafish;1014;1328;1342;1438;0,0,1,0;0;;
Vid2_0510.png;6;Zebrafish;1055;1220;1386;1407;0,0,1,0;0;;
Vid2_0511.png;5;Zebrafish;1176;1168;1476;1298;1,0,1,0;0;;
Vid2_0511.png;4;Zebrafish;1045;1336;1209;1451;0,1,0,0;0;;
Vid2_0511.png;6;Zebrafish;1041;1218;1374;1389;0,0,1,0;0;;
Vid2_0512.png;5;Zebrafish;1219;1162;1506;1279;1,0,1,0;0;;
Vid2_0512.png;4;Zebrafish;1032;1331;1166;1449;1,1,0,0;0;;
Vid2_0512.png;6;Zebrafish;1029;1217;1372;1373;0,0,1,0;0;;
Vid2_0513.png;5;Zebrafish;1221;1158;1526;1267;1,0,1,0;0;;
Vid2_0513.png;4;Zebrafish;1027;1332;1182;1452;1,1,0,0;0;;
Vid2_0513.png;6;Zebrafish;1023;1216;1369;1364;0,0,1,0;0;;
Vid2_0514.png;5;Zebrafish;1247;1149;1571;1261;1,0,0,0;0;;
Vid2_0514.png;4;Zebrafish;999;1338;1205;1467;1,1,0,0;0;;
Vid2_0514.png;6;Zebrafish;1008;1217;1355;1350;0,0,0,0;0;;
Vid2_0515.png;5;Zebrafish;1288;1147;1598;1257;1,0,0,0;0;;
Vid2_0515.png;6;Zebrafish;998;1219;1321;1346;0,0,0,0;0;;
Vid2_0516.png;4;Zebrafish;1004;1347;1258;1472;1,0,0,0;0;;
Vid2_0516.png;6;Zebrafish;989;1220;1334;1343;0,0,0,0;0;;
Vid2_0522.png;4;Zebrafish;1121;1333;1408;1459;1,0,1,0;0;;
Vid2_0522.png;6;Zebrafish;941;1237;1288;1349;0,0,1,0;0;;
Vid2_0523.png;4;Zebrafish;1202;1260;1517;1455;1,0,0,0;0;;
Vid2_0523.png;6;Zebrafish;927;1250;1269;1372;0,0,0,0;0;;
Vid2_0524.png;5;Zebrafish;1411;1132;1743;1259;1,0,0,0;0;;
Vid2_0524.png;4;Zebrafish;1211;1255;1527;1451;1,0,1,0;0;;
Vid2_0524.png;6;Zebrafish;926;1250;1269;1373;0,0,1,0;0;;
Vid2_0525.png;5;Zebrafish;1494;1126;1746;1258;1,1,1,1;0;;
Vid2_0525.png;4;Zebrafish;1296;1207;1624;1401;1,0,1,0;0;;
Vid2_0525.png;6;Zebrafish;967;1259;1179;1376;0,1,0,0;0;;
Vid2_0526.png;5;Zebrafish;1471;1119;1738;1245;1,1,1,0;0;;
Vid2_0526.png;4;Zebrafish;1291;1209;1615;1406;1,0,1,0;0;;
Vid2_0526.png;6;Zebrafish;961;1259;1210;1368;0,1,0,0;0;;
Vid2_0527.png;5;Zebrafish;1568;1121;1744;1254;0,1,1,0;0;;
Vid2_0527.png;4;Zebrafish;1343;1195;1670;1376;1,0,1,0;0;;
Vid2_0527.png;6;Zebrafish;954;1253;1164;1356;1,1,0,0;0;;
Vid2_0528.png;5;Zebrafish;1536;1119;1758;1236;0,1,1,0;0;;
Vid2_0528.png;4;Zebrafish;1376;1193;1698;1362;1,0,1,0;0;;
Vid2_0528.png;6;Zebrafish;953;1242;1197;1351;1,1,0,0;0;;
Vid2_0529.png;5;Zebrafish;1457;1106;1794;1205;0,0,1,0;0;;
Vid2_0529.png;4;Zebrafish;1423;1175;1773;1309;1,0,1,0;0;;
Vid2_0530.png;5;Zebrafish;1438;1105;1783;1206;0,0,1,0;0;;
Vid2_0530.png;4;Zebrafish;1437;1176;1786;1289;1,0,1,0;0;;
Vid2_0531.png;5;Zebrafish;1399;1105;1743;1199;0,0,1,0;0;;
Vid2_0531.png;4;Zebrafish;1489;1173;1822;1289;1,0,1,0;0;;
Vid2_0532.png;5;Zebrafish;1394;1106;1738;1200;0,0,1,0;0;;
Vid2_0532.png;4;Zebrafish;1492;1174;1827;1289;1,0,1,0;0;;
Vid2_0533.png;5;Zebrafish;1362;1111;1707;1207;0,0,1,0;0;;
Vid2_0533.png;4;Zebrafish;1524;1177;1861;1305;1,0,1,0;0;;
Vid2_0534.png;5;Zebrafish;1341;1113;1690;1210;0,0,1,1;0;;
Vid2_0534.png;4;Zebrafish;1539;1175;1869;1305;1,0,1,0;0;;
Vid2_0535.png;5;Zebrafish;1318;1125;1666;1228;0,0,1,0;0;;
Vid2_0535.png;4;Zebrafish;1573;1171;1896;1306;1,0,1,0;0;;
Vid2_0536.png;4;Zebrafish;1649;1140;1898;1294;1,1,0,0;0;;
Vid2_0537.png;4;Zebrafish;1694;1109;1867;1300;1,1,0,0;0;;
Vid2_0538.png;4;Zebrafish;1730;1083;1873;1317;1,1,0,0;0;;
Vid2_0539.png;4;Zebrafish;1711;1163;1864;1347;0,1,0,0;0;;
Vid2_0540.png;4;Zebrafish;1702;1171;1868;1352;0,1,0,0;0;;
Vid2_0541.png;5;Zebrafish;1217;1183;1564;1296;0,0,1,0;0;;
Vid2_0541.png;6;Zebrafish;1254;1283;1605;1403;1,0,1,0;0;;
Vid2_0541.png;4;Zebrafish;1660;1210;1882;1369;0,1,0,0;0;;
Vid2_0542.png;5;Zebrafish;1197;1201;1527;1310;0,0,1,0;0;;
Vid2_0542.png;6;Zebrafish;1275;1287;1625;1416;1,0,1,0;0;;
Vid2_0542.png;4;Zebrafish;1612;1231;1892;1379;0,0,0,0;0;;
Vid2_0543.png;5;Zebrafish;1181;1221;1522;1324;0,0,1,0;0;;
Vid2_0543.png;6;Zebrafish;1308;1283;1644;1405;1,0,1,0;0;;
Vid2_0543.png;4;Zebrafish;1564;1254;1843;1388;0,0,1,0;0;;
Vid2_0544.png;5;Zebrafish;1177;1226;1519;1335;0,0,1,0;0;;
Vid2_0544.png;6;Zebrafish;1326;1277;1658;1417;1,0,1,0;0;;
Vid2_0544.png;4;Zebrafish;1549;1261;1857;1389;0,0,1,0;0;;
Vid2_0545.png;5;Zebrafish;1163;1250;1505;1352;0,0,1,0;0;;
Vid2_0545.png;6;Zebrafish;1351;1269;1691;1423;1,0,1,0;0;;
Vid2_0545.png;4;Zebrafish;1513;1266;1837;1399;0,0,1,0;0;;
Vid2_0546.png;5;Zebrafish;1153;1248;1445;1378;0,0,1,1;0;;
Vid2_0546.png;6;Zebrafish;1383;1265;1716;1413;1,0,1,1;0;;
Vid2_0546.png;4;Zebrafish;1488;1275;1829;1409;0,0,1,1;0;;
Vid2_0547.png;5;Zebrafish;1111;1237;1430;1390;0,0,1,0;0;;
Vid2_0547.png;6;Zebrafish;1400;1262;1734;1410;1,0,1,0;0;;
Vid2_0547.png;4;Zebrafish;1470;1289;1804;1421;0,0,1,0;0;;
Vid2_0548.png;6;Zebrafish;1421;1254;1752;1393;1,0,1,0;0;;
Vid2_0548.png;4;Zebrafish;1447;1304;1788;1433;0,0,1,0;0;;
Vid2_0549.png;6;Zebrafish;1449;1245;1773;1375;1,0,1,0;0;;
Vid2_0549.png;4;Zebrafish;1431;1321;1770;1436;0,0,1,0;0;;
Vid2_0550.png;6;Zebrafish;1451;1243;1778;1373;1,0,1,0;0;;
Vid2_0550.png;4;Zebrafish;1429;1324;1767;1437;0,0,1,0;0;;
Vid2_0551.png;6;Zebrafish;1483;1237;1806;1359;1,0,1,0;0;;
Vid2_0551.png;4;Zebrafish;1404;1323;1717;1455;0,0,1,0;0;;
Vid2_0552.png;6;Zebrafish;1507;1229;1839;1380;1,0,1,0;0;;
Vid2_0552.png;4;Zebrafish;1330;1353;1670;1459;0,0,1,0;0;;
Vid2_0553.png;6;Zebrafish;1520;1228;1850;1377;1,0,0,0;0;;
Vid2_0553.png;4;Zebrafish;1302;1351;1642;1466;0,0,0,0;0;;
Vid2_0558.png;4;Zebrafish;1052;1334;1393;1445;0,0,0,1;0;;
Vid2_0563.png;4;Zebrafish;860;1331;1216;1452;0,0,0,1;0;;
Vid2_0567.png;6;Zebrafish;1719;1134;1947;1304;1,1,0,0;0;;
Vid2_0568.png;5;Zebrafish;500;1161;818;1298;0,0,1,0;0;;
Vid2_0568.png;6;Zebrafish;1740;1122;1940;1290;1,1,0,0;0;;
Vid2_0569.png;5;Zebrafish;505;1161;813;1297;0,0,1,0;0;;
Vid2_0569.png;6;Zebrafish;1734;1115;1943;1288;1,1,0,0;0;;
Vid2_0570.png;5;Zebrafish;453;1159;775;1281;0,0,0,0;0;;
Vid2_0570.png;6;Zebrafish;1767;1096;1950;1259;0,1,0,0;0;;
Vid2_0571.png;4;Zebrafish;552;1278;888;1408;0,0,0,1;0;;
Vid2_0571.png;5;Zebrafish;417;1158;738;1286;0,0,0,0;0;;
Vid2_0571.png;6;Zebrafish;1739;1087;1970;1237;0,1,0,1;0;;
Vid2_0572.png;5;Zebrafish;417;1158;738;1286;0,0,0,0;0;;
Vid2_0572.png;6;Zebrafish;1723;1083;1970;1238;0,1,0,0;0;;
Vid2_0573.png;4;Zebrafish;537;1270;772;1391;0,1,1,0;0;;
Vid2_0573.png;5;Zebrafish;380;1160;700;1300;0,0,1,0;0;;
Vid2_0573.png;6;Zebrafish;1661;1069;1918;1186;0,1,0,0;0;;
Vid2_0574.png;4;Zebrafish;523;1268;757;1391;0,1,1,0;0;;
Vid2_0574.png;5;Zebrafish;365;1160;686;1302;0,0,1,0;0;;
Vid2_0575.png;4;Zebrafish;497;1262;728;1391;0,1,1,0;0;;
Vid2_0575.png;5;Zebrafish;325;1154;632;1277;0,0,1,0;0;;
Vid2_0576.png;4;Zebrafish;488;1256;709;1393;0,1,1,0;0;;
Vid2_0576.png;5;Zebrafish;293;1151;623;1273;0,0,1,0;0;;
Vid2_0577.png;4;Zebrafish;488;1243;650;1376;0,1,1,1;0;;
Vid2_0577.png;5;Zebrafish;279;1151;610;1273;0,0,1,0;0;;
Vid2_0578.png;4;Zebrafish;460;1226;645;1348;1,1,1,0;0;;
Vid2_0578.png;5;Zebrafish;291;1138;531;1268;0,1,1,0;0;;
Vid2_0579.png;4;Zebrafish;465;1226;649;1351;1,1,0,0;0;;
Vid2_0579.png;5;Zebrafish;289;1136;507;1267;0,1,0,0;0;;
Vid2_0580.png;4;Zebrafish;452;1222;682;1347;1,1,0,0;0;;
Vid2_0580.png;5;Zebrafish;283;1126;500;1263;1,1,0,0;0;;
Vid2_0581.png;6;Zebrafish;1439;1061;1785;1175;0,0,0,1;0;;
Vid2_0581.png;4;Zebrafish;415;1231;709;1362;1,1,0,0;0;;
Vid2_0581.png;5;Zebrafish;248;1114;576;1231;1,1,0,1;0;;
Vid2_0594.png;4;Zebrafish;759;1361;1077;1494;1,0,0,0;0;;
Vid2_0595.png;4;Zebrafish;774;1362;1091;1495;1,0,0,0;0;;
Vid2_0596.png;5;Zebrafish;665;1120;1005;1238;1,0,0,1;0;;
Vid2_0596.png;4;Zebrafish;798;1353;1117;1497;1,0,0,1;0;;
Vid2_0597.png;4;Zebrafish;810;1353;1128;1496;1,0,0,0;0;;
Vid2_0598.png;4;Zebrafish;857;1321;1154;1501;1,0,0,0;0;;
Vid2_0600.png;5;Zebrafish;752;1131;1056;1289;1,0,1,0;0;;
Vid2_0600.png;6;Zebrafish;1045;1093;1386;1222;0,0,1,0;0;;
Vid2_0601.png;5;Zebrafish;790;1109;1124;1272;1,0,1,0;0;;
Vid2_0601.png;6;Zebrafish;1054;1103;1372;1231;0,0,1,0;0;;
Vid2_0602.png;4;Zebrafish;944;1320;1288;1436;1,0,0,1;0;;
Vid2_0602.png;5;Zebrafish;809;1104;1145;1263;1,0,1,0;0;;
Vid2_0602.png;6;Zebrafish;1075;1104;1362;1232;0,0,1,0;0;;
Vid2_0603.png;5;Zebrafish;863;1094;1194;1249;1,0,1,0;0;;
Vid2_0603.png;6;Zebrafish;1071;1120;1344;1245;0,0,1,0;0;;
Vid2_0604.png;5;Zebrafish;869;1092;1202;1246;1,0,1,0;0;;
Vid2_0604.png;6;Zebrafish;1074;1121;1342;1245;0,0,1,0;0;;
Vid2_0605.png;5;Zebrafish;915;1087;1243;1249;1,0,1,0;0;;
Vid2_0605.png;6;Zebrafish;973;1132;1311;1255;0,0,1,0;0;;
Vid2_0606.png;5;Zebrafish;989;1083;1277;1224;1,0,1,1;0;;
Vid2_0606.png;6;Zebrafish;941;1132;1283;1252;0,0,1,1;0;;
Vid2_0607.png;5;Zebrafish;1006;1077;1335;1216;1,0,1,0;0;;
Vid2_0607.png;6;Zebrafish;923;1135;1272;1250;0,0,1,0;0;;
Vid2_0608.png;5;Zebrafish;1052;1078;1384;1214;1,0,1,0;0;;
Vid2_0608.png;6;Zebrafish;897;1142;1243;1253;0,0,1,0;0;;
Vid2_0609.png;5;Zebrafish;1089;1079;1421;1208;1,0,1,0;0;;
Vid2_0609.png;6;Zebrafish;876;1147;1226;1257;0,0,1,0;0;;
Vid2_0610.png;5;Zebrafish;1121;1083;1453;1213;1,0,1,0;0;;
Vid2_0610.png;6;Zebrafish;855;1152;1202;1264;0,0,1,0;0;;
Vid2_0611.png;5;Zebrafish;1115;1083;1447;1211;1,0,1,0;0;;
Vid2_0611.png;6;Zebrafish;858;1151;1207;1262;0,0,1,0;0;;
Vid2_0618.png;4;Zebrafish;1435;1315;1737;1444;1,0,0,1;0;;
Vid2_0619.png;5;Zebrafish;1446;1073;1626;1205;1,1,0,0;0;;
Vid2_0620.png;5;Zebrafish;1455;1072;1625;1201;1,1,0,0;0;;
Vid2_0621.png;6;Zebrafish;678;1172;1008;1306;0,0,0,1;0;;
Vid2_0621.png;5;Zebrafish;1431;1059;1614;1160;0,1,0,0;0;;
Vid2_0622.png;6;Zebrafish;697;1160;974;1297;0,1,0,0;0;;
Vid2_0622.png;5;Zebrafish;1351;1042;1625;1161;0,0,0,0;0;;
Vid2_0623.png;6;Zebrafish;714;1146;870;1306;1,1,0,0;0;;
Vid2_0623.png;5;Zebrafish;1304;1043;1578;1152;0,0,0,0;0;;
Vid2_0624.png;6;Zebrafish;718;1148;864;1307;1,1,0,0;0;;
Vid2_0624.png;5;Zebrafish;1314;1041;1573;1150;0,0,0,0;0;;
Vid2_0626.png;4;Zebrafish;1627;1187;1825;1322;1,1,0,0;0;;
Vid2_0627.png;4;Zebrafish;1613;1193;1831;1328;1,1,0,0;0;;
Vid2_0628.png;4;Zebrafish;1643;1147;1843;1276;0,1,0,0;0;;
Vid2_0629.png;4;Zebrafish;1599;1147;1808;1275;0,1,0,0;0;;
Vid2_0630.png;6;Zebrafish;768;1049;1100;1197;1,0,0,0;0;;
Vid2_0631.png;6;Zebrafish;774;1048;1106;1196;1,0,0,0;0;;
Vid2_0632.png;6;Zebrafish;816;1039;1149;1188;1,0,0,0;0;;
Vid2_0633.png;6;Zebrafish;812;1039;1144;1188;1,0,0,0;0;;
Vid2_0634.png;6;Zebrafish;850;1036;1182;1181;1,0,0,0;0;;
Vid2_0637.png;4;Zebrafish;1139;952;1486;1106;0,0,1,0;0;;
Vid2_0637.png;6;Zebrafish;968;1026;1311;1146;1,0,1,0;0;;
Vid2_0638.png;5;Zebrafish;838;1182;1172;1311;0,0,0,1;0;;
Vid2_0638.png;4;Zebrafish;1111;942;1455;1096;0,0,1,0;0;;
Vid2_0638.png;6;Zebrafish;984;1028;1327;1147;1,0,1,0;0;;
Vid2_0639.png;4;Zebrafish;1041;916;1368;1065;0,0,1,0;0;;
Vid2_0639.png;6;Zebrafish;1035;1026;1384;1144;1,0,1,0;0;;
Vid2_0640.png;5;Zebrafish;746;1168;1088;1306;0,0,0,1;0;;
Vid2_0640.png;4;Zebrafish;988;898;1346;1046;0,0,1,1;0;;
Vid2_0640.png;6;Zebrafish;1069;1026;1418;1145;1,0,1,0;0;;
Vid2_0641.png;6;Zebrafish;1098;1027;1445;1146;1,0,0,0;0;;
Vid2_0642.png;6;Zebrafish;1102;1028;1448;1146;1,0,0,0;0;;
Vid2_0648.png;5;Zebrafish;481;1147;787;1285;0,0,0,1;0;;
Vid2_0654.png;5;Zebrafish;371;1108;577;1243;0,1,0,0;0;;
Vid2_0655.png;6;Zebrafish;1327;935;1623;1144;1,0,0,1;0;;
Vid2_0655.png;5;Zebrafish;371;1108;575;1236;1,1,0,1;0;;
Vid2_0656.png;5;Zebrafish;334;1097;646;1225;1,0,0,0;0;;
Vid2_0659.png;6;Zebrafish;1400;871;1675;1121;1,0,0,1;0;;
Vid2_0662.png;4;Zebrafish;245;857;481;1002;0,1,0,1;0;;
Vid2_0662.png;6;Zebrafish;1449;837;1723;1058;1,0,0,1;0;;
Vid2_0663.png;4;Zebrafish;258;858;481;1011;0,1,0,0;0;;
Vid2_0664.png;4;Zebrafish;251;863;477;1024;0,1,0,0;0;;
Vid2_0665.png;4;Zebrafish;251;863;479;1023;0,1,0,0;0;;
Vid2_0666.png;4;Zebrafish;252;888;404;1017;1,1,0,0;0;;
Vid2_0667.png;5;Zebrafish;713;1093;1045;1234;1,0,0,1;0;;
Vid2_0667.png;4;Zebrafish;241;898;441;1007;1,1,0,1;0;;
Vid2_0668.png;4;Zebrafish;223;905;472;1004;1,1,0,0;0;;
Vid2_0672.png;4;Zebrafish;303;895;593;1006;1,0,0,1;0;;
Vid2_0674.png;5;Zebrafish;873;1082;1182;1250;1,0,0,1;0;;
Vid2_0677.png;4;Zebrafish;451;899;804;1027;1,0,0,1;0;;
Vid2_0680.png;4;Zebrafish;625;917;974;1026;1,0,0,1;0;;
Vid2_0680.png;5;Zebrafish;1076;1034;1407;1214;1,0,0,1;0;;
Vid2_0680.png;6;Zebrafish;1592;812;1903;939;1,0,0,1;0;;
Vid2_0686.png;5;Zebrafish;1227;1008;1555;1188;1,0,0,1;0;;
Vid2_0688.png;5;Zebrafish;1290;985;1619;1178;1,0,0,1;0;;
Vid2_0688.png;6;Zebrafish;1659;893;2006;1017;1,0,0,1;0;;
Vid2_0692.png;5;Zebrafish;1468;962;1668;1112;1,1,0,0;0;;
Vid2_0692.png;6;Zebrafish;1720;926;1989;1045;1,1,0,0;0;;
Vid2_0693.png;4;Zebrafish;1275;792;1616;925;1,0,0,1;0;;
Vid2_0693.png;5;Zebrafish;1486;969;1681;1076;0,1,0,0;0;;
Vid2_0693.png;6;Zebrafish;1787;934;1952;1041;0,1,0,1;0;;
Vid2_0694.png;5;Zebrafish;1445;957;1697;1061;0,1,0,0;0;;
Vid2_0694.png;6;Zebrafish;1766;912;1964;1031;0,1,0,0;0;;
Vid2_0695.png;5;Zebrafish;1396;954;1720;1055;0,1,0,0;0;;
Vid2_0695.png;6;Zebrafish;1733;889;1972;1018;0,1,0,0;0;;
Vid2_0696.png;6;Zebrafish;1739;893;1969;1019;0,1,0,0;0;;
Vid2_0697.png;4;Zebrafish;1439;789;1776;888;1,0,0,0;0;;
Vid2_0698.png;6;Zebrafish;1643;847;1958;995;0,0,1,0;0;;
Vid2_0698.png;4;Zebrafish;1500;792;1829;898;1,0,1,0;0;;
Vid2_0699.png;6;Zebrafish;1619;840;1929;988;0,0,1,0;0;;
Vid2_0699.png;4;Zebrafish;1529;795;1864;900;1,0,1,0;0;;
Vid2_0700.png;6;Zebrafish;1591;834;1901;981;0,0,1,0;0;;
Vid2_0700.png;4;Zebrafish;1560;795;1899;900;1,0,1,0;0;;
Vid2_0701.png;5;Zebrafish;1213;940;1565;1070;0,0,0,1;0;;
Vid2_0701.png;6;Zebrafish;1578;833;1887;980;0,0,1,1;0;;
Vid2_0701.png;4;Zebrafish;1579;793;1915;903;1,0,1,0;0;;
Vid2_0702.png;6;Zebrafish;1544;828;1849;977;0,0,1,0;0;;
Vid2_0702.png;4;Zebrafish;1688;792;1957;895;1,0,1,0;0;;
Vid2_0703.png;6;Zebrafish;1522;826;1824;976;0,0,1,0;0;;
Vid2_0703.png;4;Zebrafish;1684;792;1989;899;1,0,1,0;0;;
Vid2_0704.png;6;Zebrafish;1500;825;1817;975;0,0,1,0;0;;
Vid2_0704.png;4;Zebrafish;1706;792;2021;914;1,0,1,0;0;;
Vid2_0705.png;6;Zebrafish;1488;824;1811;974;0,0,1,0;0;;
Vid2_0705.png;4;Zebrafish;1717;793;2020;924;1,0,1,0;0;;
Vid2_0707.png;4;Zebrafish;1806;808;2019;1010;1,1,0,0;0;;
Vid2_0708.png;4;Zebrafish;1773;818;2018;1061;1,0,0,0;0;;
Vid2_0709.png;4;Zebrafish;1795;918;2027;1102;1,1,0,0;0;;
Vid2_0713.png;4;Zebrafish;1813;1022;1969;1151;1,1,0,0;0;;
Vid2_0714.png;4;Zebrafish;1801;1020;1972;1151;1,1,0,0;0;;
Vid2_0715.png;4;Zebrafish;1810;1001;1971;1104;0,1,0,0;0;;
Vid2_0716.png;4;Zebrafish;1770;987;1965;1114;0,1,0,0;0;;
Vid2_0717.png;4;Zebrafish;1729;966;1961;1110;0,1,0,0;0;;
Vid2_0724.png;4;Zebrafish;1429;841;1767;982;0,0,0,0;0;;
Vid2_0724.png;6;Zebrafish;1137;872;1464;1005;0,0,0,0;0;;
Vid2_0725.png;4;Zebrafish;1423;839;1760;981;0,0,0,0;0;;
Vid2_0725.png;6;Zebrafish;1136;874;1464;1006;0,0,0,0;0;;
Vid2_0726.png;4;Zebrafish;1358;821;1710;970;0,0,0,1;0;;
Vid2_0726.png;6;Zebrafish;1102;882;1411;1010;0,0,0,1;0;;
Vid2_0727.png;4;Zebrafish;1328;817;1650;953;0,0,0,0;0;;
Vid2_0728.png;4;Zebrafish;1295;812;1633;940;0,0,0,0;0;;
Vid2_0729.png;4;Zebrafish;1302;812;1636;941;0,0,0,0;0;;
Vid2_0731.png;5;Zebrafish;319;1068;607;1220;0,0,0,0;0;;
Vid2_0732.png;5;Zebrafish;348;1069;513;1188;1,1,0,0;0;;
Vid2_0733.png;6;Zebrafish;921;922;1283;1030;0,0,0,1;0;;
Vid2_0733.png;5;Zebrafish;339;1053;547;1162;1,1,0,1;0;;
Vid2_0734.png;5;Zebrafish;300;1050;595;1151;1,0,0,0;0;;
Vid2_0736.png;5;Zebrafish;373;1047;699;1146;1,0,0,1;0;;
Vid2_0736.png;6;Zebrafish;869;940;1201;1067;0,0,0,1;0;;
Vid2_0740.png;5;Zebrafish;482;1040;827;1146;1,0,1,0;0;;
Vid2_0740.png;6;Zebrafish;761;973;1100;1089;0,0,1,0;0;;
Vid2_0741.png;5;Zebrafish;496;1040;843;1151;1,0,1,0;0;;
Vid2_0741.png;6;Zebrafish;748;971;1081;1102;0,0,1,0;0;;
Vid2_0742.png;5;Zebrafish;536;1044;883;1161;1,0,1,0;0;;
Vid2_0742.png;6;Zebrafish;702;990;1027;1094;0,0,1,0;0;;
Vid2_0743.png;5;Zebrafish;569;1052;917;1176;1,0,1,0;0;;
Vid2_0743.png;6;Zebrafish;649;1006;979;1094;0,0,1,0;0;;
Vid2_0744.png;5;Zebrafish;574;1053;922;1174;1,0,1,0;0;;
Vid2_0744.png;6;Zebrafish;643;1006;973;1095;0,0,1,0;0;;
Vid2_0745.png;5;Zebrafish;591;1061;939;1181;1,0,1,0;0;;
Vid2_0745.png;6;Zebrafish;621;1012;955;1102;0,0,1,0;0;;
Vid2_0746.png;5;Zebrafish;645;1075;986;1206;1,0,1,0;0;;
Vid2_0746.png;6;Zebrafish;559;1023;905;1125;0,0,1,0;0;;
Vid2_0747.png;5;Zebrafish;647;1076;988;1207;1,0,1,0;0;;
Vid2_0747.png;6;Zebrafish;556;1024;901;1126;0,0,1,0;0;;
Vid2_0748.png;5;Zebrafish;667;1082;1011;1220;1,0,1,0;0;;
Vid2_0748.png;6;Zebrafish;522;1032;864;1136;0,0,1,0;0;;
Vid2_0749.png;5;Zebrafish;706;1088;1032;1225;1,0,1,0;0;;
Vid2_0749.png;6;Zebrafish;492;1045;830;1146;0,0,1,0;0;;
Vid2_0750.png;5;Zebrafish;720;1090;1044;1224;1,0,1,0;0;;
Vid2_0750.png;6;Zebrafish;480;1048;821;1148;0,0,1,0;0;;
Vid2_0751.png;5;Zebrafish;731;1100;1069;1230;1,0,1,0;0;;
Vid2_0752.png;4;Zebrafish;821;882;1163;988;0,0,0,1;0;;
Vid2_0752.png;6;Zebrafish;480;1079;706;1178;0,1,0,0;0;;
Vid2_0753.png;6;Zebrafish;492;1073;654;1178;1,1,0,0;0;;
Vid2_0754.png;6;Zebrafish;494;1066;627;1188;1,1,0,0;0;;
Vid2_0755.png;6;Zebrafish;491;1063;660;1180;1,1,0,0;0;;
Vid2_0756.png;6;Zebrafish;462;1051;712;1165;1,1,0,0;0;;
Vid2_0757.png;4;Zebrafish;652;877;1000;985;0,0,0,1;0;;
Vid2_0761.png;4;Zebrafish;554;902;899;999;0,0,0,1;0;;
Vid2_0766.png;4;Zebrafish;459;899;794;1030;0,0,0,1;0;;
Vid2_0766.png;5;Zebrafish;1154;1091;1463;1234;1,0,0,1;0;;
Vid2_0766.png;6;Zebrafish;617;1121;970;1222;1,0,0,1;0;;
Vid2_0771.png;4;Zebrafish;333;936;666;1098;0,0,0,1;0;;
Vid2_0777.png;4;Zebrafish;269;1047;428;1207;0,1,0,0;0;;
Vid2_0778.png;4;Zebrafish;257;1007;389;1243;1,1,0,0;0;;
Vid2_0779.png;4;Zebrafish;264;1001;381;1239;1,1,0,0;0;;
Vid2_0780.png;5;Zebrafish;1569;1024;1733;1153;0,1,0,0;0;;
Vid2_0780.png;4;Zebrafish;219;1086;453;1267;1,1,0,0;0;;
Vid2_0781.png;5;Zebrafish;1478;1033;1774;1144;0,0,0,0;0;;
Vid2_0782.png;6;Zebrafish;1116;1069;1457;1203;1,0,1,0;0;;
Vid2_0782.png;5;Zebrafish;1433;1035;1768;1138;0,0,1,0;0;;
Vid2_0783.png;6;Zebrafish;1141;1068;1489;1199;1,0,1,0;0;;
Vid2_0783.png;5;Zebrafish;1414;1046;1719;1146;0,0,1,0;0;;
Vid2_0784.png;6;Zebrafish;1167;1068;1514;1193;1,0,1,0;0;;
Vid2_0784.png;5;Zebrafish;1423;1055;1668;1160;0,0,1,0;0;;
Vid2_0785.png;6;Zebrafish;1183;1068;1530;1192;1,0,1,0;0;;
Vid2_0785.png;5;Zebrafish;1438;1067;1647;1174;0,0,1,0;0;;
Vid2_0786.png;6;Zebrafish;1196;1067;1544;1189;1,0,1,0;0;;
Vid2_0786.png;5;Zebrafish;1283;1084;1623;1182;0,0,1,0;0;;
Vid2_0787.png;6;Zebrafish;1222;1068;1575;1192;1,0,1,0;0;;
Vid2_0787.png;5;Zebrafish;1228;1084;1528;1195;0,0,1,0;0;;
Vid2_0788.png;6;Zebrafish;1253;1068;1601;1195;1,0,1,0;0;;
Vid2_0788.png;5;Zebrafish;1150;1093;1477;1189;0,0,1,0;0;;
Vid2_0789.png;6;Zebrafish;1270;1060;1618;1197;1,0,1,0;0;;
Vid2_0789.png;5;Zebrafish;1116;1097;1447;1196;0,0,1,0;0;;
Vid2_0790.png;6;Zebrafish;1332;1068;1661;1173;1,0,1,0;0;;
Vid2_0790.png;5;Zebrafish;1061;1104;1390;1204;0,0,1,0;0;;
Vid2_0795.png;5;Zebrafish;891;1139;1232;1260;0,0,0,1;0;;
Vid2_0795.png;6;Zebrafish;1494;1091;1844;1212;1,0,0,1;0;;
Vid2_0796.png;4;Zebrafish;799;1371;1122;1491;1,0,0,0;0;;
Vid2_0797.png;4;Zebrafish;805;1372;1127;1493;1,0,0,0;0;;
Vid2_0798.png;4;Zebrafish;843;1381;1173;1499;1,0,0,0;0;;
Vid2_0799.png;4;Zebrafish;894;1393;1226;1500;1,0,0,0;0;;
Vid2_0800.png;4;Zebrafish;941;1400;1274;1503;1,0,0,0;0;;
Vid2_0801.png;4;Zebrafish;951;1397;1288;1500;1,0,0,0;0;;
Vid2_0802.png;4;Zebrafish;1018;1386;1335;1506;1,0,0,0;0;;
Vid2_0803.png;6;Zebrafish;1720;1126;2019;1253;1,0,0,0;0;;
Vid2_0803.png;4;Zebrafish;1062;1366;1375;1507;1,0,0,0;0;;
Vid2_0813.png;5;Zebrafish;379;1224;614;1363;0,1,0,0;0;;
Vid2_0814.png;5;Zebrafish;369;1208;564;1319;1,1,0,0;0;;
Vid2_0815.png;5;Zebrafish;364;1191;626;1299;1,1,0,0;0;;
Vid2_0818.png;4;Zebrafish;1556;1362;1867;1493;1,0,0,1;0;;
Vid2_0818.png;6;Zebrafish;1695;1246;2016;1382;1,0,0,1;0;;
Vid2_0819.png;6;Zebrafish;1695;1245;2016;1387;1,0,0,0;0;;
Vid2_0820.png;4;Zebrafish;1641;1352;1914;1500;1,0,0,1;0;;
Vid2_0820.png;6;Zebrafish;1695;1250;2016;1393;1,0,0,0;0;;
Vid2_0821.png;4;Zebrafish;1637;1354;1901;1500;1,0,0,0;0;;
Vid2_0821.png;6;Zebrafish;1695;1250;2016;1393;1,0,0,0;0;;
Vid2_0822.png;4;Zebrafish;1656;1341;1929;1494;1,0,1,0;0;;
Vid2_0822.png;6;Zebrafish;1701;1263;2018;1395;1,0,1,0;0;;
Vid2_0823.png;4;Zebrafish;1707;1373;1951;1493;1,0,1,0;0;;
Vid2_0823.png;6;Zebrafish;1695;1278;2020;1398;1,0,1,0;0;;
Vid2_0824.png;4;Zebrafish;1705;1373;1950;1494;1,0,1,0;0;;
Vid2_0824.png;6;Zebrafish;1696;1279;2021;1399;1,0,1,0;0;;
Vid2_0825.png;4;Zebrafish;1796;1387;1964;1499;0,1,1,0;0;;
Vid2_0825.png;6;Zebrafish;1693;1299;2019;1405;1,0,1,0;0;;
Vid2_0826.png;4;Zebrafish;1756;1386;1989;1484;0,1,1,0;0;;
Vid2_0826.png;6;Zebrafish;1689;1305;2015;1412;1,0,1,0;0;;
Vid2_0827.png;4;Zebrafish;1720;1376;2018;1473;0,0,1,0;0;;
Vid2_0827.png;6;Zebrafish;1689;1308;2015;1423;1,0,1,0;0;;
Vid2_0828.png;4;Zebrafish;1698;1379;2014;1480;0,0,1,0;0;;
Vid2_0828.png;6;Zebrafish;1682;1313;2018;1452;1,0,1,0;0;;
Vid2_0829.png;4;Zebrafish;1695;1379;2008;1480;0,0,1,0;0;;
Vid2_0829.png;6;Zebrafish;1682;1315;2018;1456;1,0,1,0;0;;
Vid2_0830.png;4;Zebrafish;1617;1387;1916;1492;0,0,1,0;0;;
Vid2_0830.png;6;Zebrafish;1688;1320;2024;1443;1,0,1,0;0;;
Vid2_0831.png;4;Zebrafish;1543;1357;1908;1480;0,0,1,1;0;;
Vid2_0831.png;6;Zebrafish;1708;1326;2024;1443;1,0,1,1;0;;
Vid2_0832.png;4;Zebrafish;1494;1344;1823;1469;0,0,1,0;0;;
Vid2_0832.png;6;Zebrafish;1734;1335;2023;1451;1,0,1,0;0;;
Vid2_0833.png;4;Zebrafish;1435;1344;1757;1451;0,0,1,0;0;;
Vid2_0833.png;6;Zebrafish;1703;1341;2023;1456;1,0,1,0;0;;
Vid2_0834.png;4;Zebrafish;1376;1339;1714;1438;0,0,1,0;0;;
Vid2_0834.png;6;Zebrafish;1699;1342;2023;1462;1,0,1,0;0;;
Vid2_0835.png;6;Zebrafish;1700;1346;2000;1454;1,1,0,0;0;;
Vid2_0836.png;6;Zebrafish;1784;1331;1965;1445;0,1,0,0;0;;
Vid2_0837.png;6;Zebrafish;1760;1337;1977;1449;0,1,0,0;0;;
Vid2_0838.png;6;Zebrafish;1782;1318;1979;1464;0,1,0,0;0;;
Vid2_0839.png;4;Zebrafish;1161;1328;1486;1445;0,0,0,0;0;;
Vid2_0839.png;5;Zebrafish;908;1284;1208;1413;1,0,0,0;0;;
Vid2_0839.png;6;Zebrafish;1753;1321;1968;1456;0,1,0,0;0;;
Vid2_0840.png;4;Zebrafish;1089;1328;1421;1436;0,0,1,1;0;;
Vid2_0840.png;5;Zebrafish;936;1284;1238;1413;1,0,1,1;0;;
Vid2_0840.png;6;Zebrafish;1735;1321;1979;1463;0,1,0,1;0;;
Vid2_0841.png;4;Zebrafish;1033;1338;1375;1439;0,0,1,0;0;;
Vid2_0841.png;5;Zebrafish;970;1279;1308;1407;1,0,1,0;0;;
Vid2_0841.png;6;Zebrafish;1709;1319;1972;1470;0,1,0,0;0;;
Vid2_0842.png;4;Zebrafish;972;1350;1313;1447;0,0,1,0;0;;
Vid2_0842.png;5;Zebrafish;1028;1270;1358;1426;1,0,1,0;0;;
Vid2_0843.png;4;Zebrafish;982;1350;1321;1447;0,0,1,0;0;;
Vid2_0843.png;5;Zebrafish;1006;1275;1347;1415;1,0,1,0;0;;
Vid2_0844.png;4;Zebrafish;890;1344;1230;1452;0,0,1,0;0;;
Vid2_0844.png;5;Zebrafish;1111;1263;1451;1399;1,0,1,0;0;;
Vid2_0845.png;5;Zebrafish;1186;1258;1522;1385;1,0,0,0;0;;
Vid2_0846.png;5;Zebrafish;1181;1258;1514;1386;1,0,0,0;0;;
Vid2_0847.png;4;Zebrafish;799;1363;1061;1478;0,0,0,0;0;;
Vid2_0847.png;6;Zebrafish;1389;1338;1747;1463;0,0,0,0;0;;
Vid2_0847.png;5;Zebrafish;1246;1254;1592;1378;1,0,0,0;0;;
Vid2_0848.png;4;Zebrafish;792;1339;933;1486;1,1,0,0;0;;
Vid2_0848.png;6;Zebrafish;1336;1338;1692;1466;0,0,0,0;0;;
Vid2_0848.png;5;Zebrafish;1306;1248;1642;1372;1,0,0,0;0;;
Vid2_0849.png;4;Zebrafish;776;1330;947;1499;1,1,1,0;0;;
Vid2_0849.png;6;Zebrafish;1308;1340;1660;1471;0,0,0,0;0;;
Vid2_0849.png;5;Zebrafish;1341;1244;1673;1366;1,0,0,0;0;;
Vid2_0850.png;4;Zebrafish;778;1326;950;1499;1,1,1,0;0;;
Vid2_0850.png;6;Zebrafish;1303;1341;1654;1469;0,0,0,0;0;;
Vid2_0850.png;5;Zebrafish;1338;1243;1677;1364;1,0,0,0;0;;
Vid2_0851.png;4;Zebrafish;806;1335;1023;1499;1,1,1,0;0;;
Vid2_0851.png;6;Zebrafish;1263;1344;1614;1470;0,0,0,0;0;;
Vid2_0851.png;5;Zebrafish;1379;1238;1720;1353;1,0,0,0;0;;
Vid2_0852.png;4;Zebrafish;788;1353;1045;1495;1,1,1,0;0;;
Vid2_0852.png;6;Zebrafish;1247;1344;1594;1470;0,0,0,0;0;;
Vid2_0852.png;5;Zebrafish;1393;1238;1736;1351;1,0,0,0;0;;
Vid2_0853.png;4;Zebrafish;770;1353;1098;1494;1,0,1,0;0;;
Vid2_0853.png;5;Zebrafish;1440;1230;1753;1350;1,0,0,0;0;;
Vid2_0854.png;4;Zebrafish;804;1373;1142;1499;1,0,1,0;0;;
Vid2_0854.png;5;Zebrafish;1567;1211;1718;1372;0,1,0,0;0;;
Vid2_0855.png;4;Zebrafish;808;1374;1146;1499;1,0,1,0;0;;
Vid2_0855.png;5;Zebrafish;1569;1210;1718;1369;0,1,0,0;0;;
Vid2_0856.png;4;Zebrafish;843;1384;1185;1505;1,0,0,0;0;;
Vid2_0856.png;5;Zebrafish;1525;1195;1735;1345;0,1,0,0;0;;
Vid2_0857.png;6;Zebrafish;1119;1339;1437;1470;0,0,0,0;0;;
Vid2_0857.png;4;Zebrafish;870;1394;1216;1506;1,0,1,0;0;;
Vid2_0857.png;5;Zebrafish;1475;1182;1756;1303;0,1,0,0;0;;
Vid2_0858.png;6;Zebrafish;1082;1328;1396;1459;0,0,0,0;0;;
Vid2_0858.png;4;Zebrafish;891;1400;1238;1508;1,0,1,0;0;;
Vid2_0858.png;5;Zebrafish;1437;1176;1682;1295;0,1,0,0;0;;
Vid2_0859.png;6;Zebrafish;1088;1330;1405;1461;0,0,0,0;0;;
Vid2_0859.png;4;Zebrafish;888;1400;1236;1508;1,0,1,0;0;;
Vid2_0859.png;5;Zebrafish;1442;1176;1699;1298;0,1,0,0;0;;
Vid2_0860.png;6;Zebrafish;1020;1314;1335;1435;0,0,0,0;0;;
Vid2_0860.png;4;Zebrafish;970;1391;1297;1507;1,0,0,0;0;;
Vid2_0861.png;6;Zebrafish;1026;1314;1339;1437;0,0,0,0;0;;
Vid2_0861.png;4;Zebrafish;966;1395;1289;1506;1,0,0,0;0;;
Vid2_0862.png;6;Zebrafish;989;1314;1304;1431;0,0,1,0;0;;
Vid2_0862.png;4;Zebrafish;1005;1404;1344;1510;1,0,1,0;0;;
Vid2_0863.png;6;Zebrafish;958;1314;1271;1428;0,0,1,0;0;;
Vid2_0863.png;4;Zebrafish;1048;1401;1391;1508;1,0,1,0;0;;
Vid2_0864.png;6;Zebrafish;946;1315;1260;1429;0,0,1,0;0;;
Vid2_0864.png;4;Zebrafish;1065;1405;1407;1510;1,0,1,0;0;;
Vid2_0865.png;6;Zebrafish;920;1316;1232;1426;0,0,1,0;0;;
Vid2_0865.png;4;Zebrafish;1141;1394;1466;1506;1,0,1,0;0;;
Vid2_0870.png;6;Zebrafish;850;1266;1073;1400;0,1,0,0;0;;
Vid2_0871.png;6;Zebrafish;852;1258;1001;1391;1,1,0,0;0;;
Vid2_0872.png;4;Zebrafish;1433;1335;1684;1491;1,0,0,1;0;;
Vid2_0872.png;6;Zebrafish;833;1255;1024;1369;1,1,0,0;0;;
Vid2_0873.png;6;Zebrafish;814;1242;1053;1365;1,1,0,0;0;;
Vid2_0874.png;5;Zebrafish;1018;1182;1336;1336;0,0,0,0;0;;
Vid2_0874.png;6;Zebrafish;827;1240;1094;1347;1,1,0,0;0;;
Vid2_0875.png;4;Zebrafish;1486;1292;1726;1499;1,1,0,0;0;;
Vid2_0875.png;5;Zebrafish;967;1172;1324;1330;0,0,0,0;0;;
Vid2_0875.png;6;Zebrafish;816;1240;1112;1346;1,1,0,0;0;;
Vid2_0876.png;4;Zebrafish;1576;1349;1715;1493;0,1,0,0;0;;
Vid2_0876.png;5;Zebrafish;927;1167;1264;1309;0,0,1,0;0;;
Vid2_0876.png;6;Zebrafish;808;1241;1159;1348;1,0,1,0;0;;
Vid2_0877.png;4;Zebrafish;1543;1363;1732;1493;0,1,0,0;0;;
Vid2_0877.png;5;Zebrafish;887;1164;1222;1304;0,0,1,0;0;;
Vid2_0877.png;6;Zebrafish;836;1247;1192;1362;1,0,1,0;0;;
Vid2_0878.png;4;Zebrafish;1527;1372;1758;1497;0,1,0,0;0;;
Vid2_0878.png;5;Zebrafish;849;1162;1170;1272;0,0,1,0;0;;
Vid2_0878.png;6;Zebrafish;855;1248;1216;1355;1,0,1,0;0;;
Vid2_0879.png;5;Zebrafish;810;1161;1121;1263;0,0,1,0;0;;
Vid2_0879.png;6;Zebrafish;870;1248;1227;1354;1,0,1,0;0;;
Vid2_0880.png;5;Zebrafish;733;1158;1066;1263;0,0,1,0;0;;
Vid2_0880.png;6;Zebrafish;897;1251;1249;1353;1,0,1,0;0;;
Vid2_0881.png;5;Zebrafish;676;1159;1022;1254;0,0,0,0;0;;
Vid2_0881.png;6;Zebrafish;910;1249;1261;1356;1,0,0,0;0;;
Vid2_0882.png;5;Zebrafish;668;1159;1012;1256;0,0,0,0;0;;
Vid2_0882.png;6;Zebrafish;914;1248;1264;1356;1,0,0,0;0;;
Vid2_0892.png;4;Zebrafish;1189;1386;1339;1499;1,1,0,0;0;;
Vid2_0893.png;6;Zebrafish;1121;1218;1457;1356;1,0,0,0;0;;
Vid2_0893.png;4;Zebrafish;1197;1343;1317;1491;1,1,0,0;0;;
Vid2_0894.png;6;Zebrafish;1137;1218;1470;1360;1,0,0,0;0;;
Vid2_0894.png;4;Zebrafish;1161;1356;1357;1489;1,1,0,0;0;;
Vid2_0895.png;6;Zebrafish;1168;1216;1492;1362;1,0,1,0;0;;
Vid2_0895.png;4;Zebrafish;1155;1356;1386;1493;1,1,1,0;0;;
Vid2_0896.png;5;Zebrafish;278;1187;486;1315;0,1,0,0;0;;
Vid2_0896.png;4;Zebrafish;1115;1343;1417;1505;1,1,0,0;0;;
Vid2_0897.png;5;Zebrafish;274;1179;484;1291;1,1,0,0;0;;
Vid2_0897.png;4;Zebrafish;1195;1364;1459;1508;1,1,0,0;0;;
Vid2_0898.png;5;Zebrafish;275;1179;471;1291;1,1,0,0;0;;
Vid2_0898.png;4;Zebrafish;1191;1356;1454;1506;1,1,0,0;0;;
Vid2_0899.png;5;Zebrafish;260;1212;588;1311;1,0,0,0;0;;
Vid2_0909.png;4;Zebrafish;1659;1395;1999;1505;1,0,0,0;0;;
Vid2_0910.png;4;Zebrafish;1655;1393;1992;1510;1,0,0,0;0;;
Vid2_0911.png;5;Zebrafish;633;1240;976;1357;1,0,0,0;0;;
Vid2_0911.png;4;Zebrafish;1720;1367;2012;1501;1,0,0,0;0;;
Vid2_0912.png;4;Zebrafish;1732;1362;2012;1504;1,0,0,0;0;;
Vid2_0913.png;4;Zebrafish;1735;1364;2012;1504;1,0,0,0;0;;
Vid2_0915.png;4;Zebrafish;1766;1338;2008;1483;1,1,0,0;0;;
Vid2_0916.png;4;Zebrafish;1790;1302;2015;1449;1,1,0,0;0;;
Vid2_0917.png;4;Zebrafish;1730;1279;2012;1438;1,1,0,0;0;;
Vid2_0918.png;6;Zebrafish;1436;1162;1772;1308;1,0,0,0;0;;
Vid2_0918.png;4;Zebrafish;1705;1266;2017;1449;1,1,0,0;0;;
Vid2_0919.png;6;Zebrafish;1457;1163;1788;1307;1,0,0,0;0;;
Vid2_0919.png;4;Zebrafish;1736;1251;1997;1434;1,1,0,0;0;;
Vid2_0920.png;6;Zebrafish;1460;1164;1790;1307;1,0,0,0;0;;
Vid2_0920.png;4;Zebrafish;1770;1260;1983;1448;1,1,0,0;0;;
Vid2_0921.png;4;Zebrafish;1748;1273;1951;1459;1,1,0,0;0;;
Vid2_0922.png;4;Zebrafish;1762;1268;1952;1441;1,1,0,0;0;;
Vid2_0923.png;4;Zebrafish;1763;1267;1952;1442;1,1,0,0;0;;
Vid2_0924.png;6;Zebrafish;1512;1182;1831;1316;1,0,0,0;0;;
Vid2_0924.png;4;Zebrafish;1751;1265;1949;1433;1,1,0,0;0;;
Vid2_0925.png;6;Zebrafish;1631;1164;1789;1313;0,1,0,0;0;;
Vid2_0925.png;4;Zebrafish;1731;1260;1951;1400;1,0,0,0;0;;
Vid2_0926.png;6;Zebrafish;1613;1167;1789;1315;0,1,0,0;0;;
Vid2_0926.png;4;Zebrafish;1731;1260;1950;1402;1,0,0,0;0;;
Vid2_0927.png;6;Zebrafish;1599;1143;1819;1272;0,1,0,0;0;;
Vid2_0927.png;4;Zebrafish;1737;1256;1949;1401;1,0,0,0;0;;
Vid2_0928.png;4;Zebrafish;1737;1256;1949;1401;1,0,0,0;0;;
Vid2_0929.png;6;Zebrafish;1567;1126;1848;1254;0,0,0,1;0;;
Vid2_0929.png;4;Zebrafish;1737;1253;1947;1377;1,0,0,1;0;;
Vid2_0930.png;5;Zebrafish;1165;1188;1429;1334;1,1,0,0;0;;
Vid2_0930.png;4;Zebrafish;1791;1216;1986;1342;0,1,0,0;0;;
Vid2_0931.png;5;Zebrafish;1187;1185;1430;1335;1,1,0,0;0;;
Vid2_0931.png;4;Zebrafish;1785;1213;1987;1336;0,1,0,0;0;;
Vid2_0932.png;5;Zebrafish;1270;1175;1424;1335;0,1,0,0;0;;
Vid2_0932.png;4;Zebrafish;1763;1213;2011;1334;0,1,0,0;0;;
Vid2_0933.png;5;Zebrafish;1239;1155;1473;1316;0,1,0,0;0;;
Vid2_0933.png;4;Zebrafish;1681;1215;1987;1349;0,0,0,0;0;;
Vid2_0934.png;5;Zebrafish;1218;1148;1491;1291;0,0,0,0;0;;
Vid2_0939.png;4;Zebrafish;1435;1274;1796;1390;0,0,0,1;0;;
Vid2_0939.png;6;Zebrafish;1421;1067;1763;1218;0,0,0,1;0;;
Vid2_0945.png;5;Zebrafish;938;1140;1260;1284;0,0,0,1;0;;
Vid2_0945.png;6;Zebrafish;1295;1084;1646;1187;0,0,0,1;0;;
Vid2_0948.png;4;Zebrafish;988;1301;1360;1422;0,0,0,1;0;;
Vid2_0956.png;5;Zebrafish;385;1110;607;1235;0,1,0,0;0;;
Vid2_0957.png;5;Zebrafish;377;1114;632;1235;0,1,0,0;0;;
Vid2_0958.png;5;Zebrafish;386;1091;569;1210;1,1,0,0;0;;
Vid2_0959.png;4;Zebrafish;479;1381;761;1493;0,1,0,0;0;;
Vid2_0959.png;5;Zebrafish;360;1078;601;1196;1,1,0,0;0;;
Vid2_0960.png;4;Zebrafish;487;1348;627;1462;1,1,0,1;0;;
Vid2_0961.png;4;Zebrafish;472;1331;631;1462;1,1,0,0;0;;
Vid2_0962.png;4;Zebrafish;480;1331;656;1450;1,1,0,0;0;;
Vid2_0963.png;4;Zebrafish;479;1331;653;1451;1,1,0,0;0;;
Vid2_0965.png;4;Zebrafish;436;1337;723;1458;1,0,0,1;0;;
Vid2_0965.png;5;Zebrafish;501;1066;841;1172;1,0,0,1;0;;
Vid2_0965.png;6;Zebrafish;945;1190;1292;1321;0,0,0,1;0;;
Vid2_0970.png;5;Zebrafish;655;1080;984;1213;1,0,0,0;0;;
Vid2_0971.png;5;Zebrafish;685;1078;1021;1228;1,0,0,0;0;;
Vid2_0972.png;5;Zebrafish;723;1075;1065;1212;1,0,0,0;0;;
Vid2_0973.png;5;Zebrafish;763;1073;1103;1215;1,0,0,0;0;;
Vid2_0974.png;5;Zebrafish;781;1072;1124;1218;1,0,0,0;0;;
Vid2_0979.png;4;Zebrafish;1080;1296;1329;1439;1,1,0,0;0;;
Vid2_0980.png;4;Zebrafish;1134;1269;1325;1434;1,1,0,0;0;;
Vid2_0981.png;4;Zebrafish;1168;1251;1337;1441;1,1,0,0;0;;
Vid2_0982.png;4;Zebrafish;1201;1238;1338;1368;0,1,0,0;0;;
Vid2_0983.png;4;Zebrafish;1187;1240;1335;1380;0,1,0,0;0;;
Vid2_0984.png;6;Zebrafish;544;1252;751;1373;0,1,0,0;0;;
Vid2_0984.png;4;Zebrafish;1201;1207;1363;1342;0,1,0,0;0;;
Vid2_0985.png;6;Zebrafish;548;1246;724;1365;1,1,0,0;0;;
Vid2_0985.png;4;Zebrafish;1186;1205;1368;1331;0,1,0,0;0;;
Vid2_0986.png;5;Zebrafish;1169;1031;1501;1181;1,0,0,1;0;;
Vid2_0986.png;6;Zebrafish;531;1222;714;1391;1,1,0,1;0;;
Vid2_0986.png;4;Zebrafish;1097;1189;1381;1311;0,1,0,1;0;;
Vid2_0987.png;6;Zebrafish;525;1218;748;1364;1,1,0,0;0;;
Vid2_0991.png;6;Zebrafish;521;1187;866;1307;1,0,0,0;0;;
Vid2_0992.png;4;Zebrafish;815;1184;1144;1311;0,0,0,0;0;;
Vid2_0992.png;6;Zebrafish;564;1173;884;1303;1,0,0,0;0;;
Vid2_0993.png;4;Zebrafish;781;1185;1100;1318;0,0,0,0;0;;
Vid2_0993.png;6;Zebrafish;572;1162;909;1314;1,0,0,0;0;;
Vid2_0994.png;5;Zebrafish;1380;1013;1656;1162;1,1,0,0;0;;
Vid2_0994.png;4;Zebrafish;742;1195;1080;1334;0,0,0,0;0;;
Vid2_0994.png;6;Zebrafish;596;1150;934;1300;1,0,0,0;0;;
Vid2_0995.png;5;Zebrafish;1465;1016;1630;1149;0,1,0,0;0;;
Vid2_0995.png;4;Zebrafish;705;1205;1042;1347;0,0,0,0;0;;
Vid2_0995.png;6;Zebrafish;617;1142;956;1288;1,0,0,0;0;;
Vid2_0996.png;5;Zebrafish;1475;1019;1628;1130;0,1,0,0;0;;
Vid2_0996.png;4;Zebrafish;682;1220;1020;1354;0,0,0,0;0;;
Vid2_0996.png;6;Zebrafish;628;1139;972;1280;1,0,0,0;0;;
Vid2_0997.png;5;Zebrafish;1422;1012;1650;1123;0,1,0,0;0;;
Vid2_0997.png;4;Zebrafish;643;1227;967;1367;0,0,0,0;0;;
Vid2_0997.png;6;Zebrafish;666;1129;1002;1284;1,0,0,0;0;;
Vid2_0998.png;5;Zebrafish;1374;985;1647;1118;0,0,0,0;0;;
Vid2_0998.png;4;Zebrafish;599;1245;932;1378;0,0,0,0;0;;
Vid2_0998.png;6;Zebrafish;700;1118;1038;1274;1,0,0,0;0;;
Vid2_0999.png;5;Zebrafish;1345;966;1595;1108;0,0,0,0;0;;
Vid2_0999.png;4;Zebrafish;557;1253;920;1390;0,0,0,1;0;;
Vid2_0999.png;6;Zebrafish;730;1113;1058;1263;1,0,0,1;0;;
Vid2_1003.png;5;Zebrafish;1144;975;1490;1088;0,0,0,0;0;;
Vid2_1004.png;4;Zebrafish;392;1317;728;1429;0,0,0,1;0;;
Vid2_1004.png;5;Zebrafish;1086;980;1426;1097;0,0,0,0;0;;
Vid2_1005.png;6;Zebrafish;881;1069;1221;1215;1,0,1,0;0;;
Vid2_1005.png;5;Zebrafish;1034;984;1371;1111;0,0,1,0;0;;
Vid2_1006.png;6;Zebrafish;886;1069;1225;1212;1,0,1,0;0;;
Vid2_1006.png;5;Zebrafish;1027;985;1365;1112;0,0,1,0;0;;
Vid2_1007.png;6;Zebrafish;906;1067;1248;1211;1,0,1,0;0;;
Vid2_1007.png;5;Zebrafish;963;991;1270;1097;0,0,1,0;0;;
Vid2_1008.png;6;Zebrafish;936;1060;1276;1217;1,0,1,0;0;;
Vid2_1008.png;5;Zebrafish;878;991;1225;1079;0,0,1,0;0;;
Vid2_1009.png;4;Zebrafish;331;1272;587;1390;0,0,0,1;0;;
Vid2_1009.png;6;Zebrafish;945;1057;1295;1212;1,0,1,0;0;;
Vid2_1009.png;5;Zebrafish;822;999;1168;1088;0,0,1,0;0;;
Vid2_1010.png;4;Zebrafish;329;1256;576;1375;0,1,0,0;0;;
Vid2_1010.png;6;Zebrafish;965;1056;1309;1211;1,0,1,0;0;;
Vid2_1010.png;5;Zebrafish;785;1006;1131;1096;0,0,1,0;0;;
Vid2_1011.png;4;Zebrafish;326;1234;528;1356;0,1,0,0;0;;
Vid2_1011.png;6;Zebrafish;988;1055;1330;1206;1,0,0,0;0;;
Vid2_1012.png;4;Zebrafish;290;1214;533;1343;0,1,0,0;0;;
Vid2_1012.png;6;Zebrafish;1005;1056;1348;1205;1,0,0,0;0;;
Vid2_1013.png;4;Zebrafish;281;1214;534;1340;0,1,0,0;0;;
Vid2_1013.png;6;Zebrafish;1007;1056;1350;1205;1,0,0,0;0;;
Vid2_1014.png;4;Zebrafish;269;1215;522;1341;0,1,0,0;0;;
Vid2_1015.png;4;Zebrafish;247;1152;470;1331;0,1,0,0;0;;
Vid2_1016.png;4;Zebrafish;231;1140;397;1273;1,1,0,0;0;;
Vid2_1017.png;5;Zebrafish;566;1069;825;1194;0,1,0,0;0;;
Vid2_1017.png;4;Zebrafish;236;1110;436;1244;1,1,0,0;0;;
Vid2_1018.png;5;Zebrafish;592;1076;740;1197;1,1,0,0;0;;
Vid2_1019.png;5;Zebrafish;584;1080;782;1198;1,1,0,0;0;;
Vid2_1020.png;4;Zebrafish;279;1093;557;1209;1,0,0,1;0;;
Vid2_1020.png;5;Zebrafish;563;1080;812;1191;1,1,0,1;0;;
Vid2_1021.png;4;Zebrafish;331;1075;621;1198;1,0,1,0;0;;
Vid2_1021.png;5;Zebrafish;593;1077;881;1186;1,0,1,0;0;;
Vid2_1022.png;4;Zebrafish;353;1063;657;1191;1,0,1,0;0;;
Vid2_1022.png;5;Zebrafish;607;1072;931;1185;1,0,1,0;0;;
Vid2_1023.png;6;Zebrafish;1181;998;1504;1186;1,0,0,0;0;;
Vid2_1023.png;4;Zebrafish;367;1048;678;1196;1,0,1,1;0;;
Vid2_1023.png;5;Zebrafish;613;1070;952;1187;1,0,1,1;0;;
Vid2_1024.png;4;Zebrafish;452;1010;755;1185;1,0,0,0;0;;
Vid2_1024.png;5;Zebrafish;661;1067;1005;1193;1,0,0,0;0;;
Vid2_1025.png;6;Zebrafish;1226;961;1556;1161;1,0,0,1;0;;
Vid2_1025.png;4;Zebrafish;459;981;813;1159;1,0,0,1;0;;
Vid2_1025.png;5;Zebrafish;679;1069;1032;1197;1,0,0,1;0;;
Vid2_1026.png;4;Zebrafish;550;957;868;1137;1,0,0,0;0;;
Vid2_1027.png;4;Zebrafish;590;936;928;1105;1,0,0,0;0;;
Vid2_1034.png;4;Zebrafish;897;886;1209;1001;1,0,0,1;0;;
Vid2_1034.png;6;Zebrafish;1427;829;1733;1028;1,0,0,1;0;;
Vid2_1037.png;5;Zebrafish;947;1088;1266;1247;1,0,0,1;0;;
Vid2_1037.png;6;Zebrafish;1468;805;1796;990;1,0,0,1;0;;
Vid2_1039.png;4;Zebrafish;1154;828;1502;950;1,0,0,0;0;;
Vid2_1039.png;6;Zebrafish;1491;802;1817;968;1,0,0,1;0;;
Vid2_1040.png;4;Zebrafish;1214;827;1559;939;1,0,1,0;0;;
Vid2_1040.png;6;Zebrafish;1549;801;1798;943;1,1,1,0;0;;
Vid2_1041.png;6;Zebrafish;1565;801;1799;942;1,1,0,0;0;;
Vid2_1042.png;6;Zebrafish;1639;801;1776;960;0,1,0,0;0;;
Vid2_1043.png;6;Zebrafish;1633;801;1779;953;0,1,0,0;0;;
Vid2_1044.png;6;Zebrafish;1636;789;1771;982;0,1,0,0;0;;
Vid2_1045.png;4;Zebrafish;1330;797;1665;937;1,0,1,0;0;;
Vid2_1045.png;6;Zebrafish;1609;787;1754;1003;0,1,1,0;0;;
Vid2_1046.png;4;Zebrafish;1327;800;1664;937;1,0,1,0;0;;
Vid2_1046.png;6;Zebrafish;1622;783;1764;1002;0,1,1,0;0;;
Vid2_1047.png;4;Zebrafish;1348;797;1688;926;1,0,1,0;0;;
Vid2_1047.png;6;Zebrafish;1574;793;1807;932;0,1,1,0;0;;
Vid2_1048.png;4;Zebrafish;1357;792;1705;919;1,0,1,0;0;;
Vid2_1048.png;6;Zebrafish;1535;790;1846;913;0,1,1,0;0;;
Vid2_1049.png;4;Zebrafish;1392;788;1731;910;1,0,1,0;0;;
Vid2_1049.png;6;Zebrafish;1474;789;1813;898;0,0,1,0;0;;
Vid2_1050.png;4;Zebrafish;1415;794;1754;904;1,0,1,0;0;;
Vid2_1050.png;6;Zebrafish;1427;790;1771;897;0,0,1,0;0;;
Vid2_1051.png;4;Zebrafish;1413;805;1751;905;1,0,1,0;0;;
Vid2_1051.png;6;Zebrafish;1432;790;1783;899;0,0,1,0;0;;
Vid2_1052.png;5;Zebrafish;1306;999;1599;1160;1,0,0,0;0;;
Vid2_1052.png;4;Zebrafish;1434;796;1784;904;1,0,1,0;0;;
Vid2_1052.png;6;Zebrafish;1356;790;1695;899;0,0,1,0;0;;
Vid2_1053.png;5;Zebrafish;1395;990;1560;1110;0,1,0,0;0;;
Vid2_1053.png;4;Zebrafish;1451;798;1799;908;1,0,1,0;0;;
Vid2_1053.png;6;Zebrafish;1321;790;1656;903;0,0,1,0;0;;
Vid2_1054.png;5;Zebrafish;1420;982;1555;1096;0,1,0,0;0;;
Vid2_1054.png;4;Zebrafish;1473;803;1821;913;1,0,1,0;0;;
Vid2_1054.png;6;Zebrafish;1270;793;1605;904;0,0,1,0;0;;
Vid2_1055.png;5;Zebrafish;1414;982;1556;1093;0,1,0,0;0;;
Vid2_1055.png;4;Zebrafish;1477;803;1825;913;1,0,1,0;0;;
Vid2_1055.png;6;Zebrafish;1263;794;1596;903;0,0,1,0;0;;
Vid2_1056.png;5;Zebrafish;1371;975;1551;1085;0,1,0,0;0;;
Vid2_1056.png;4;Zebrafish;1546;796;1825;919;1,0,1,0;0;;
Vid2_1056.png;6;Zebrafish;1231;796;1584;908;0,0,1,0;0;;
Vid2_1057.png;5;Zebrafish;1301;964;1544;1076;0,1,0,0;0;;
Vid2_1059.png;4;Zebrafish;1651;788;1896;895;1,0,0,1;0;;
Vid2_1059.png;5;Zebrafish;1198;951;1543;1072;0,0,0,1;0;;
Vid2_1059.png;6;Zebrafish;1134;809;1479;930;0,0,0,1;0;;
Vid2_1063.png;5;Zebrafish;1077;946;1415;1060;0,0,0,1;0;;
Vid2_1064.png;4;Zebrafish;1728;791;1963;911;1,1,0,0;0;;
Vid2_1071.png;4;Zebrafish;1790;852;2014;982;1,1,0,0;0;;
Vid2_1072.png;4;Zebrafish;1837;858;2018;989;1,1,0,0;0;;
Vid2_1079.png;4;Zebrafish;1713;849;1915;980;1,1,0,0;0;;
Vid2_1080.png;5;Zebrafish;620;1079;968;1196;0,0,0,1;0;;
Vid2_1080.png;6;Zebrafish;798;940;1145;1039;0,0,0,1;0;;
Vid2_1080.png;4;Zebrafish;1741;840;1897;967;1,1,0,0;0;;
Vid2_1081.png;4;Zebrafish;1746;827;1886;961;0,1,0,0;0;;
Vid2_1082.png;4;Zebrafish;1704;835;1903;946;0,1,0,0;0;;
Vid2_1083.png;4;Zebrafish;1710;835;1905;947;0,1,0,0;0;;
Vid2_1085.png;5;Zebrafish;466;1084;783;1206;0,0,0,0;0;;
Vid2_1086.png;5;Zebrafish;474;1054;701;1214;0,1,0,0;0;;
Vid2_1087.png;5;Zebrafish;447;1027;633;1215;0,1,0,0;0;;
Vid2_1088.png;5;Zebrafish;425;1006;596;1234;0,1,0,0;0;;
Vid2_1089.png;5;Zebrafish;425;1007;603;1236;0,1,0,0;0;;
Vid2_1090.png;5;Zebrafish;408;997;625;1118;1,1,0,0;0;;
Vid2_1091.png;6;Zebrafish;732;1038;1084;1177;0,0,0,1;0;;
Vid2_1091.png;5;Zebrafish;383;984;694;1104;1,0,0,0;0;;
Vid2_1092.png;5;Zebrafish;397;978;732;1089;1,0,0,0;0;;
Vid2_1093.png;5;Zebrafish;432;976;770;1079;1,0,0,0;0;;
Vid2_1094.png;5;Zebrafish;471;972;806;1081;1,0,0,0;0;;
Vid2_1095.png;6;Zebrafish;667;1055;1009;1165;0,0,0,1;0;;
Vid2_1095.png;5;Zebrafish;492;971;821;1083;1,0,0,0;0;;
Vid2_1096.png;6;Zebrafish;645;1056;988;1165;0,0,0,0;0;;
Vid2_1096.png;5;Zebrafish;509;971;836;1085;1,0,0,0;0;;
Vid2_1097.png;6;Zebrafish;572;1079;917;1195;0,0,0,0;0;;
Vid2_1097.png;5;Zebrafish;551;973;887;1099;1,0,0,0;0;;
Vid2_1098.png;6;Zebrafish;540;1089;885;1204;0,0,0,0;0;;
Vid2_1098.png;5;Zebrafish;576;978;911;1110;1,0,0,0;0;;
Vid2_1099.png;6;Zebrafish;515;1096;860;1211;0,0,1,0;0;;
Vid2_1099.png;5;Zebrafish;601;983;925;1113;1,0,1,0;0;;
Vid2_1100.png;6;Zebrafish;489;1102;832;1219;0,0,1,0;0;;
Vid2_1100.png;5;Zebrafish;662;986;969;1111;1,0,1,0;0;;
Vid2_1101.png;6;Zebrafish;465;1109;821;1229;0,0,0,1;0;;
Vid2_1103.png;6;Zebrafish;470;1095;680;1245;1,1,0,0;0;;
Vid2_1104.png;6;Zebrafish;471;1055;656;1229;1,1,0,0;0;;
Vid2_1105.png;6;Zebrafish;470;1032;689;1225;1,1,0,0;0;;
Vid2_1111.png;5;Zebrafish;1016;1024;1344;1174;1,0,0,1;0;;
Vid2_1111.png;6;Zebrafish;645;888;975;1062;1,0,0,0;0;;
Vid2_1112.png;6;Zebrafish;715;862;1031;1045;1,0,0,0;0;;
Vid2_1113.png;6;Zebrafish;748;847;1078;1019;1,0,0,0;0;;
Vid2_1114.png;6;Zebrafish;739;849;1070;1025;1,0,0,0;0;;
Vid2_1117.png;4;Zebrafish;403;804;674;921;0,1,0,0;0;;
Vid2_1118.png;4;Zebrafish;403;792;585;924;1,1,0,0;0;;
Vid2_1119.png;4;Zebrafish;416;777;650;938;1,1,0,0;0;;
Vid2_1120.png;4;Zebrafish;456;814;719;953;1,1,0,0;0;;
Vid2_1121.png;4;Zebrafish;459;813;706;951;1,1,0,0;0;;
Vid2_1124.png;4;Zebrafish;621;881;976;1025;1,0,0,1;0;;
Vid2_1124.png;5;Zebrafish;1397;929;1704;1100;1,0,0,1;0;;
Vid2_1127.png;5;Zebrafish;1484;930;1701;1074;1,1,0,0;0;;
Vid2_1128.png;5;Zebrafish;1528;926;1696;1043;0,1,0,0;0;;
Vid2_1129.png;5;Zebrafish;1518;926;1703;1042;0,1,0,0;0;;
Vid2_1130.png;5;Zebrafish;1468;925;1702;1031;0,1,0,0;0;;
Vid2_1134.png;5;Zebrafish;1249;946;1577;1057;0,0,0,0;0;;
Vid2_1135.png;4;Zebrafish;1163;1030;1467;1155;1,0,1,0;0;;
Vid2_1135.png;5;Zebrafish;1207;947;1550;1050;0,0,1,0;0;;
Vid2_1136.png;4;Zebrafish;1206;1016;1512;1141;1,0,1,0;0;;
Vid2_1136.png;5;Zebrafish;1163;944;1510;1052;0,0,1,0;0;;
Vid2_1137.png;4;Zebrafish;1259;1001;1551;1132;1,0,1,0;0;;
Vid2_1137.png;5;Zebrafish;1123;943;1466;1059;0,0,1,0;0;;
Vid2_1138.png;4;Zebrafish;1292;989;1587;1122;1,0,1,0;0;;
Vid2_1138.png;5;Zebrafish;1088;943;1415;1060;0,0,1,0;0;;